(F)mario-1-3_1,---------------------------------------------------------------------------------------------------------------------------------------------------------------------------------------------------------------------------------------------XXXXXXXXXXXXXX-----
(F)mario-1-3_2,--------------------------------------------------------------------------------------------------------------------------------------------------------------------------------------------------------------------------------------------XXXXXXXXXXXXXX------
(F)mario-1-3_3,-------------------------------------------------------------------------------------------------------------------------------------------------------------------------------------------------------------------------------------------XXXX-XXXXXXXXX-------
(F)mario-1-3_4,------------------------------------------------------------------------------------------------------------------------------------------------------------------------------------------------------------------------------------------XXXX--XXXXXXXX--------
(F)mario-1-3_5,-----------------------------------------------------------------------------------------------------------------------------------------------------------------------------------------------X-----------------------------------------XXXX---XXXXXXX---------
(F)mario-1-3_6,----------------------------------------------------------------------------------------------------------------------------------------------------------------------------------------------XX----------------------------------------XXXX----XXXXXX----------
(F)mario-1-3_7,---------------------------------------------------------------------------------------------------------------E---------------X-------------------------------------------------------------XXX---------------------------------------XXXX-----XXXXX-----------
(F)mario-1-3_8,--------------------------------------------------------------------------------------------------------------Eo--------------XX------------------------------------------------------------XXXX--------------------------------------XXXX------XXXX------------
(F)mario-1-3_9,-------------------------------------------------------------------------------------------------------------Eoo-------------XXX-----------------------------------------------------------XXXXX-------------------------------------XXXX-------XXX-------------
(F)mario-1-3_10,------------------------------------------------------------------------------------------------------------Eooo------------XXXX----------------------------------------------------------XXXXXX------------------------------------XXXX--------XX--------------
(F)mario-1-3_11,-----------------------------------------------------------------------------------------------------------Eooo------------XXXXX---------------------------------------------------------XXXXXXX-----------------------------------XXXX---------X---------------
(F)mario-1-3_12,----------------------------------------------------------------------------------------------------------Eooo------------XXXXX---------------------------------------------------------XXXXXXXX----------------------------------XXXX--------------------------
(F)mario-1-3_13,---------------------------------------------------------------------------------------------------------Eooo------------XXXXX---------------------------------------------------------XXXXXXXX----------------------------------XXXX----------X----------------
(F)mario-1-3_14,--------------------------------------------------------------------------------------------------------Eooo------------XXXXX---------------------------------------------------------XXXXXXXX---------------------------------oXXXX----------XX----------------
(F)mario-1-3_15,-------------------------------------------------------------------------------------------------------Eooo------------XXXXX---------------------------------------------------------XXXXXXXX---------------------------------o-XXX----------XXX----------------
(F)mario-1-3_16,------------------------------------------------------------------------------------------------------Eooo------------XXXXX----------------------------------------------------X----XXXXXXXX---------------------------------o--XX----------XXX-----------------
(F)mario-1-3_17,-----------------------------------------------------------------------------------------------------Eooo------------XXXXX----------------------------------------------------XX---XXXXXXXX---------------------------------o---X----------XXX------------------
(F)mario-1-3_18,-------------------------------------------------------------------------------o--------------------Eooo------------XXXXX----------------------------------------------------XXX--XXXXXXXX---------------------------------o--------------XXX-------------------
(F)mario-1-3_19,------------------------------------------------------------------------------oo-------------------Eooo------------XXXXX----------------------------------------------------XXXX-XXXXXXXX---------------------------------o--------------XXX--------------------
(F)mario-1-3_20,-----------------------------------------------------------------------------oo-------------------Eooo------------XXXXX----------------------------------------------------XXXXXXXXXXXXX---------------------------------o--------------XXX---------------------
(F)mario-1-3_21,----------------------------------------------------------------------------oo-------------------Eooo----------X-XXXXX----------------------------------------------------XXXXX-XXXXXXX---------------------------------o--------------XXX----------------------
(F)mario-1-3_22,---------------------------------------------------------------------------oo------------------EEooo----------XXXXXXX----------------------------------------------------XXXXX--XXXXXX---------------------------------o--------------XXX-----------------------
(F)mario-1-3_23,--------------------------------------------------------------------------oo------------------E-ooo----------XXXXXXX----------------------------------------------------XXXXX---XXXXX---------------------------------o--------------XXX------------------------
(F)mario-1-3_24,-------------------------------------------------------------------------oo------------------E--oo----------XXXXXXX----------------------------------------------------XXXXX----XXXX---------------------------------o--------------XXX-------------------------
(F)mario-1-3_25,------------------------------------------------------------------------oo------------------E--Eo----------XXXXXXX----------------------------------------------------XXXXX-----XXX---------------------------------o--------------XXX--------------------------
(F)mario-1-3_26,-----------------------------------------------------------------------oo------------------E--E-----------XXXXXXX----------------------------------------------------XXXXX------XX---------------------------------o--------------XXX---------------------------
(F)mario-1-3_27,----------------------------------------------------------------------oo------------------E--E-----------XXXXXXX----------------------------------------------------XXXXX-------X---------------------------------o--------------XXX----------------------------
(F)mario-1-3_28,---------------------------------------------------------------------oo------------------E--E-----------XXXXXXX----------------------------------------------------XXXXX-----------------------------------------o--------------XXX-----------------------------
(F)mario-1-3_29,--------------------------------------------------------------------oo------------------E--E-----------XXXXXXX----------------------------------------------------XXXXX-----------------------------------------o---------------XX------------------------------
(F)mario-1-3_30,-------------------------------------------------------------------oo------------------E--E-----------XXXXXXX----------------------------------------------------XXXXX----------------------------------------------------------X-------------------------------
(F)mario-1-3_31,------------------------------------------------------------------oo------------------E--E-----------XXXXXXX-----------------------------------o----------------XXXXX------------------------------------------------------------------------------------------X
(F)mario-1-3_32,-----------------------------------------------------------------oo------------------E--E-----------XXXXXXX-----------------------------------oo----------------XXXX------------------------------------------------------------------------------------------XX
(F)mario-1-3_33,----------------------------------------------------------------oo------------------E--E-----------XXXXXXX-----------------------------------oo-----------------XXX------------------------------------------------------------------------------------------XXX
(F)mario-1-3_34,----------------------------------------------------------------o------------------E--E-----------XXXXXXX-----------------------------------oo------------------XX------------------------------------------------------------------------------------------XXXX
(F)mario-1-3_35,----------------------------------------------------------------------------------E--E-----------XXXXXXX-----------------------------------oo-------------------X------------------------------------------------------------------------------------------XXXX-
(F)mario-1-3_36,---------------------------------------------------------------------------------E--E-----------XXXXXXX-----------------------------------oo-------------------------------------------------------------------X------------------------------------------XXXX--
(F)mario-1-3_37,--------------------------------------------------------------------------------E--E------------XXXXXX-----------------------------------oo-------------------------------------------------------------------XX-----------------------------------------XXXX---
(F)mario-1-3_38,----------------------------------------------------------------------------------E-------------XXXXX-----------------------------------oo-------------------------------------------------------------------XXX----------------------------------------XXXX----
(F)mario-1-3_39,---------------------------------------------------------------------------------E--------------XXXX-----------------------------------oo-------------------------------------------------------------------XXXX---------------------------------------XXXX-----
(F)mario-1-3_40,--------------------------------------------------------------------------------E---------------XXX-----------------------------------oo-------------------------------------------------------------------XXXXQ--------------------------------------XXXX-----X
(F)mario-1-3_41,------------------------------------------------------------------------------------------------XX-------------o---------------X-----oo-------------------------------------------------------------------XXXXQ--------------------------------------XXXX-----XX
(F)mario-1-3_42,------------------------------------------------------------------------------------------------X-------------oo--------------XX----oo-------------------------------------------------------------------XXXXQ--------------------------------------XXXX-----XXX
(F)mario-1-3_43,-------------------------------------------------------------------------------------------------------------ooo-------------XXX---oo-------------------------------------------------------------------XXXXQ--------------------------------------XXXX-----XXXX
(F)mario-1-3_44,------------------------------------------------------------------------------------------------------------oooo------------XXXX--oo-------------------------------------------------------------------XXXXQ--------------------------------------XXXX-----XXXXX
(F)mario-1-3_45,-----------------------------------------------------------------------------------------------------------oooo------------XXXX--oo-------------------------------------------------------------------XXXXQ--------------------------------------XXXX-----XXXXX-
(F)mario-1-3_46,----------------------------------------------------------------------------------------------------------oooo------------XXXX--oo-------------------------------------------------------------------XXXXQ--------------------------------------XXXX-----XXXXX-X
(F)mario-1-3_47,---------------------------------------------------------------------------------------------------------oooo------------XXXX---o-------------------------------------------------------------------XXXXQ---------------------------------------XXX-----XXXXX-XX
(F)mario-1-3_48,--------------------------------------------------------------------------------------------------------oooo------------XXXX-----------------------------------------------------------------------XXXXQ----------------------------------------XX-----XXXXX-XXX
(F)mario-1-3_49,-------------------------------------------------------------------------------------------------------oooo------------XXXX-----------------------------------------------------------------------XXXXQ-----------------------------------------X-----XXXXX-XXXX
(F)mario-1-3_50,------------------------------------------------------------------------------------------------------oooo------------XXXX-----------------------------------------------------------------------XXXXQ-----------------------------------------------XXXXX-XXXXX
(F)mario-1-3_51,-----------------------------------------------------------------------------------------------------oooo------------XXXX----------------------------------------------------------------------XXXXXQ-----------------------------------------------XXXXX-XXXXX-
(F)mario-1-3_52,----------------------------------------------------------------------------------------------------oooo------------XXXX----------------------------------------------------------------------XXXXXQ-----------------------------------------------XXXXX-XXXXX--
(F)mario-1-3_53,---------------------------------------------------------------------------------------------------oooo------------XXXX----------------------------------------------------------------------XXXXXQ-----------------------------------------------XXXXX-XXXXX---
(F)mario-1-3_54,--------------------------------------------------------------------------------------------------oooo------------XXXX----------------------------------------------------------------------XXX-XQ-----------------------------------------------XXXXX-XXXXX----
(F)mario-1-3_55,-------------------------------------------------------------------------------------------------oooo----------E-XXXX----------E-----------------------------------------------------------XXX--Q-----------------------------------------------XXXXX-XXXXX-----
(F)mario-1-3_56,------------------------------------------------------------------------------------------------oooo----------E-XXXX----------E-----------------------------------------------------------XXX---------------------------------------------------XXXX-XXXXX------
(F)mario-1-3_57,------------------------------------------------------------------------------------------------ooo----------E--XXX----------E-----------------X-----------------------------------------XXX----------------------------------------------------XXX-XXXXX-------
(F)mario-1-3_58,------------------------------------------------------------------------------------------------oo----------E---XX----------E--E--------------XX----------------------------------------XXX-----------------------------------------------------XX-XXXXX--------
(F)mario-1-3_59,------------------------------------------------------------------------------------------------o----------E----X----------E--E--------------XXX---------------------------------------XXX------------------------------------------------------X-XXXXX---------
(F)mario-1-3_60,----------------------------------------------------------------------------------------------------------E---------------E--E--------------XXXX--------------------------------------XXX--------------------------------------------------------XXXXX----------
(F)mario-1-3_61,---------------------------------------------------------------------------------------------------------E---------------E--E--------------XXXXX-------------------------------------XXX--------------------------------------------------------XXXXX-----------
(F)mario-1-3_62,--------------------------------------------------------------------------------------------------------E---------------E--E--------------XXXXXX------------------------------------XXX---------------------------------------------------------XXXX------------
(F)mario-1-3_63,-------------------------------------------------------------------------------------------------------E---------------E--E--------------XXXXXX------------------------------------XXX----------------------------------------------------------XXX-------------
(F)mario-1-3_64,------------------------------------------------------------------------------------------------------E---------------E--E--------------XXXXXX------------------------------------XXX-----------------------------------------------------------XX--------------
(F)mario-1-3_65,-----------------------------------------------------------------------------------------------------E---------------E--E--------------XXXXXX------------------------------------XXX------------------------------------------------------------X---------------
(F)mario-1-3_66,----------------------------------------------------------------------------------------------------E---------------E--E-------o------XXXXXX------------------------------------XXX-----------------------------------------------------------------------------
(F)mario-1-3_67,---------------------------------------------------------------------------------------------------E---------------E--E-------oo-----XXXXXX------------------------------------XXX------------------------------------------------------------------------------
(F)mario-1-3_68,--------------------------------------------------------------------------------------------------E---------------E--E-------oo-----XXXXXX------------------------------------XXX-------------------------------------------------------------------------------
(F)mario-1-3_69,-------------------------------------------------------------------------------------------------E---------------E--E-------oo-----XXXXXX------------------------------------XXX--------------------------------------------------------------------------------
(F)mario-1-3_70,------------------------------------------------------------------------------------------------E---------------E--E-------oo-----XXXXXX------------------------------------XXX---------------------------------------------------------------------------------
(F)mario-1-3_71,------------------------------------------------------------------------------------------------------------------E-------oo-----XXXXXX------------------------------------XXX----------------------------------------------------------------------------------
(F)mario-1-3_72,-----------------------------------------------------------------------------------------------------------------E-------oo-----XXXXXX------------------------------------XXX-----------------------------------------------------------------------------------
(F)mario-1-3_73,----------------------------------------------------------------------------------------------------------------E-------oo------XXXXX------------------------------------XXX------------------------------------------------------------------------------------
(F)mario-1-3_74,---------------------------------------------------------------------------------------------------------------o-------oo-------XXXX------------------------------------XXX-------------------------------------------------------------------------------------
(F)mario-1-3_75,--------------------------------------------------------------------------------------------------------------oo------oo--------XXX------------------------------------XXX---------------------X----------------------------------------------------------------
(F)mario-1-3_76,-------------------------------------------------------------------------------------------------------------oo------oo---------XX------------------------------------XXX---------------------XX----------------------------------------------------------------
(F)mario-1-3_77,------------------------------------------------------------------------------------------------------------oo------oo----------X------------------------------------XXX---------------------XXX----------------------------------------------------------------
(F)mario-1-3_78,-----------------------------------------------------------------------------------------------------------oo--o---oo-----------------------------------------------XXX---------------------XXX-----------------------------------------------------------------
(F)mario-1-3_79,----------------------------------------------------------------------------------------------------------oo--oo--oo-----------------------------------------------XXX---------------------XXX---------------------------------X--------------------------------
(F)mario-1-3_80,---------------------------------------------------------------------------------------------------------oo--oo--oo-----------------------------------------------XXX---------------------XXX---------------------------------XX--------------------------------
(F)mario-1-3_81,--------------------------------------------------------------------------------------------------------oo--oo--oo-----------------------------------------------XXX---------------------XXX---------------------------------XXX--------------------------------
(F)mario-1-3_82,-------------------------------------------------------------------------------------------------------oo--oo---o-----------------------------------------------XXX---------------------XXX---------------------------------XXXX--------------------------------
(F)mario-1-3_83,------------------------------------------------------------------------------------------------------oo--oo----------------------------------------------------XX---------------------XXX---------------------------------XXXX---------------------------------
(F)mario-1-3_84,-----------------------------------------------------------------------------------------------------oo--oo-----------------------------------------------------X---------------------XXX---------------------------------XXXX----------------------------------
(F)mario-1-3_85,----------------------------------------------------------------------------------------------------oo--oo-----------------------------------------------------X---------------------XXX---------------------------------XXXX-----------------------------------
(F)mario-1-3_86,---------------------------------------------------------------------------------------------------oo--oo-----------------------------------------------------XX--------------------XXX---------------------------------XXXX------------------------------------
(F)mario-1-3_87,--------------------------------------------------------------------------------------------------oo--oo---------------------------------------E-------------XXX-------------------XXX---------------------------------XXXX-------------------------------------
(F)mario-1-3_88,-------------------------------------------------------------------------------------------------oo--oo---------------------------------------E-------------XXXX------------------XXX---------------------------------XXXX--------------------------------------
(F)mario-1-3_89,------------------------------------------------------------------------------------------------oo--oo---------------------------------------E-------------XXXXX-----------------XXX---------------------------------XXXX---------------------------------------
(F)mario-1-3_90,------------------------------------------------------------------------------------------------o--oo---------------------------------------E-------------XXXXXX----------------XXX---------------------------------XXXX----------------------------------------
(F)mario-1-3_91,--------------------------------------------------------------------------------------------------oo---------------------------------------E-------------XXXXXXX----------------XX---------------------------------XXXX-----------------------------------------
(F)mario-1-3_92,-------------------------------------------------------------------------------------------------oo---------------------------------------E-------------XXXXXXXX----------------X---------------------------------XXXX------------------------------------------
(F)mario-1-3_93,------------------------------------------------------------------------------------------------oo---------------------------------------E-------------XXXXXXXX--------------------------------------------------XXXX-------------------------------------------
(F)mario-1-3_94,------------------------------------------------------------------------------------------------o---------------------------------------E-------------XXXXXXXX--------------------------------------------------XXXX---------------------------o---------------X
(F)mario-1-3_95,-------------------------------------------------------------------------------------------------------------------------------E-------E-------------XXXXXXXX---------------------------------------------------XXX---------------------------oo--------------XX
(F)mario-1-3_96,------------------------------------------------------------------------------------------------------------------------------E-------E-------------XXXXXXXX----------------------------------------------------XX---------------------------ooo-------------XXX
(F)mario-1-3_97,-----------------------------------------------------------------------------------------------------------------------------E-------E-------------XXXXXXXX------------------------------------X----------------X---------------------------ooo-------------XXX-
(F)mario-1-3_98,----------------------------------------------------------------------------------------------------------------------------E-------E-------------XXXXXXXX------------------------------------XX-------------------------------------------ooo-------------XXX--
(F)mario-1-3_99,---------------------------------------------------------------------------------------------------------------------------E-------E-------------XXXXXXXX------------------------------------XXX------------------------------------------ooo-------------XXX---
(F)mario-1-3_100,--------------------------------------------------------------------------------------------------------------------------E-------E-------------XXXXXXXX------------------------------------XXXX-----------------------------------------ooo-------------XXX----
(F)mario-1-3_101,-------------------------------------------------------------------------------------------------------------------------E-----o-E--------------XXXXXXX------------------------------------XXXX-----------------------------------------ooo-------------XXX-----
(F)mario-1-3_102,------------------------------------------------------------------------------------------------------------------------E-----ooE---------------XXXXXX------------------------------------XXXX-----------------------------------------ooo-------------XXX------
(F)mario-1-3_103,-----------------------------------------------------------------------------------------------------------------------E-----oo-----------------XXXXX------------------------------------XXXX--X--------------------------------------ooo-------------XXX-------
(F)mario-1-3_104,----------------------------------------------------------------------------------------------------------------------E-----oo------------------XXXX------------------------------------XXXX--XX-------------------------------------ooo-------------XXX--------
(F)mario-1-3_105,---------------------------------------------------------------------------------------------------------------------E-----oo-------------------XXX------------------------------------XXXX--XXX------------------------------------ooo-------------XXX---------
(F)mario-1-3_106,--------------------------------------------------------------------------------------------------------------------E-----oo--------------------XX------------------------------------XXXX--XXXX-----------------------------------ooo-------------XXX----------
(F)mario-1-3_107,-------------------------------------------------------------------------------------------------------------------E-----oo---------------------X------------------------------------XXXX--XXXX-----------------------------------ooo-------------XXX-----------
(F)mario-1-3_108,------------------------------------------------------------------------------------------------------------------E-----oo----------------------------------------------------------XXXX--XXXX-----------------------------------ooo-------------XXX------------
(F)mario-1-3_109,-----------------------------------------------------------------------------------------------------------------E-----oo----------------------X-----------------------------------XXXX--XXXX-----------------------------------ooo-------------XXX-------------
(F)mario-1-3_110,----------------------------------------------------------------------------------------------------------------E-----oo----------------------XX----------------------------------XXXX--XXXX------------------------------------oo--------------XX-------------X
(F)mario-1-3_111,---------------------------------------------------------------------------------------------------------------------oo----------------------XXX---------------------------------XXXX--XXXX-------------------------------------o---------------X-------------XX
(F)mario-1-3_112,--------------------------------------------------------------------------------------------------------------------oo----------------------XXX---------------------------------XXXX--XXXX-------------------------------------------------------------------XXX
(F)mario-1-3_113,-------------------------------------------------------------------------------------------------------------------oo----------------------XXX----------------------------------XXX--XXXX-------------------------------------------------------------------XXXX
(F)mario-1-3_114,------------------------------------------------------------------------------------------------------------------oo----------------------XXX-----------------------------------XX--XXXX-------------------------------------------------------------------XXXXX
(F)mario-1-3_115,-----------------------------------------------------------------------------------------------------------------oo----------------------XXX------------------------------------X--XXXX--------------------------------------------------------E----------XXXXXX
(F)mario-1-3_116,----------------------------------------------------------------------------------------------------------------oo----------------------XXX---------------------------------------XXXX--------------------------------------------------------E----------XXXXXXX
(F)mario-1-3_117,----------------------------------------------------------------------------------------------------------------o----------------------XXX---------------------------------------XXXX--------------------------------------------------------E----------XXXXXXXX
(F)mario-1-3_118,--------------------------------------------------------------------------------------------------------------------------------------XXX---------------------------------------XXXX--------------------------------------------------------E----------XXXXXXXXX
(F)mario-1-3_119,-------------------------------------------------------------------------------------------------------------------------------------XXX----------------------------------------XXX------------X---------------X---------------X-----------E---X------XXXXXXXXXX
(F)mario-1-3_120,------------------------------------------------------------------------------------------------------------------------------------XXX-----------------------------------------XX------------XX--------------XX--------------XX----------E---XX-----XXXXXXXXXXX
(F)mario-1-3_121,-----------------------------------------------------------------------------------------------------------------------------------XXX-------------------------X---------------XX------------XXX-------------XXX-------------XXX---------E---XXX----XXXXXXXXXXXX
(F)mario-1-3_122,----------------------------------------------------------------------------------------------------------------------------------XXX-------------------------XX--------------XX------------XXXX------------XXXX------------XXXX--------E---XXXX---XXXXXXXXXXXXX
(F)mario-1-3_123,-------------------------------------------------------------------------------------------------------------------------------X-XXX-----------X-------------XXX-------------XXX-----------XXXXX-----------XXXXX-----------XXXXX-------E---XXXXX--XXXXXXXXXXXXXX
(F)mario-1-3_124,------------------------------------------------------------------------------------------------------------------------------XXXXX-----------XX------------XXXX------------XXXX----------XXXXXX----------XXXXXX----------XXXXXX------E---XXXXXX-XXXXXXXXXXXXXXX
(F)mario-1-3_125,-----------------------------------------------------------------------------------------------------------------------------XX-XX-----------XX------------XXXX------------XXXX----------XXXXXX----------XXXXXX----------XXXXXX------E---XXXXXX-XXXXXXXXXXXXXXXX
(F)mario-1-3_126,----------------------------------------------------------------------------------------------------------------------------XX--X-----------XX------------XXXX------------XXXX----------XXXXXX----------XXXXXX----------XXXXXX------E---XXXXXX--XXXXXXXXXXXXXXXX
(F)mario-1-3_127,---------------------------------------------------------------------------------------------------------------------------XX--------------XX------------XXXX------------XXXX----------XXXXXX----------XXXXXX----------XXXXXX------E---XXXXXX---XXXXXXXXXXXXXXXX
(F)mario-1-3_128,--------------------------------------------------------------------------------------------------------------------------XX--------------XX------------XXXX------------XXXX----------XXXXXX----------XXXXXX----------XXXXXX------E---XXXXXX----XXXXXXXXXXXXXXXX
(F)mario-1-3_129,-------------------------------------------------------------------------------------------------------------------------XX--------------XX------------XXXX------------XXXX----------XXXXXX----------XXXXXX----------XXXXXX------E---XXXXXX-----XXXXXXXXXXXXXXXX
(F)mario-1-3_130,------------------------------------------------------------------------------------------------------------------------XX--------------XX------------XXXX------------XXXX----------XXXXXX----------XXXXXX----------XXXXXX------E---XXXXXX------XXXXXXXXXXXXXXXX
(F)mario-1-3_131,-----------------------------------------------------------------------------------------------------------------------XX--------------XX------------XXXX------------XXXX----------XXXXXX----------XXXXXX----------XXXXXX----------XXXXXX-------XXXXXXXXXXXXXXXX
(F)mario-1-3_132,----------------------------------------------------------------------------------------------------------------------XX--------------XX------------XXXX------------XXXX----------XXXXXX----------XXXXXX----------XXXXXX----------XXXXXX--------XXXXXXXXXXXXXXXX
(F)mario-1-3_133,---------------------------------------------------------------------------------------------------------------------XX--------------XX------------XXXX------------XXXX----------XXXXXX----------XXXXXX----------XXXXXX----------XXXXXX--------XXXXXXXXXXXXXXXXX
(F)mario-1-3_134,--------------------------------------------------------------------------------------------------------------------XX--------------XX------------XXXX------------XXXX----------XXXXXX----------XXXXXX----------XXXXXX----------XXXXXX--------X-XXXXXXXXXXXXXXXX
(F)mario-1-3_135,-------------------------------------------------------------------------------------------------------------------XX--------------XX------------XXXX------------XXXX-----------XXXXX-----------XXXXX-----------XXXXX-----------XXXXX--------X--XXXXXXXXXXXXXXXX
(F)mario-3-3_1,-------------------------------------------------------------------------------------------------------------------------------------------------------------------------------------------------------------XXX--------------------------------XXXXXXXXXXX-----
(F)mario-3-3_2,------------------------------------------------------------------------------------------------------------------------------------------------------------------------------------------------------------XXXX--------------------------------XXXXXXXXXX------
(F)mario-3-3_3,---------------------------------------------------------------------------------------------------------------------------------------------------------------X-------------------------------------------XXXXX--------------------------------XXXXXXXXX-------
(F)mario-3-3_4,--------------------------------------------------------------------------------------------------------------------------------------------------------------XX------------------------------------------XXXXX---------------------------------XXXXXXXX--------
(F)mario-3-3_5,-------------------------------------------------------------------------------------------------------------------------------------------------------------XXX-----------------------------------------XXXXX----------------------------------XXXXXXX---------
(F)mario-3-3_6,------------------------------------------------------------------------------------------------------------------------------------------------------------XXXX----------------------------------------XXXXX-----------------------------------XXXXXX----------
(F)mario-3-3_7,-----------------------------------------------------------------------------------------------------------------------------------------------E-----------XXXXX---------------------------------------XXXXX------------------------------------XXXXX-----------
(F)mario-3-3_8,----------------------------------------------------------------------------------------------------------------------------------------------E-----------XXXXXX--------------------------------------XXXXX-------------------------------------XXXX------------
(F)mario-3-3_9,---------------------------------------------------------------------------------------------------------------X-----------------------------E-----------XXXXXX--------------------------------------XXXXX--------------------------------------XXX-------------
(F)mario-3-3_10,--------------------------------------------------------------------------------------------------------------XX----------------------------E-----------XXXXXX--------------------------------------XXXXX---------------------------------------XX--------------
(F)mario-3-3_11,-------------------------------------------------------------------------------------------------------------XX----------------------------E-----------XXXXXX--------------------------------------XXXXX----------------------------------------X--------------X
(F)mario-3-3_12,------------------------------------------------------------------------------------------------------------XX----------------------------E-----------XXXXXX-------------------X------------------XXXXX----------------------------------------o--------------XX
(F)mario-3-3_13,-----------------------------------------------------------------------------------------------------------XX----------------------------E-----------XXXXXX-------------------XX-----------------XXXXX----------------------------------------oo-------------XXX
(F)mario-3-3_14,----------------------------------------------------------------------------------------------------------XX----------------------------E-----------XXXXXX-------------------XXX----------------XXXXX----------------------------------------oo-------------XXX-
(F)mario-3-3_15,---------------------------------------------------------------------------------------------------------XX----------------------------E-----------XXXXXX-------------------XXX-----------------XXXX----------------------------------------oo-------------XXX--
(F)mario-3-3_16,--------------------------------------------------------------------------------------------------------XX----------------------------E-----------XXXXXX-------------------XXX------------------XXX----------------------------------------oo-------------XXX---
(F)mario-3-3_17,-------------------------------------------------------------------------------------------------------XX----------------------------E-----------XXXXXX-------------------XXX-------------------XX----------------------------------------oo---X---------XXX----
(F)mario-3-3_18,------------------------------------------------------------------------------------------------------XX----------------------------E----------oXXXXXX-------------------XXX--------------------X----------------------------------------oo---XX--------XXX-----
(F)mario-3-3_19,-----------------------------------------------------------------------------------------------------XX----------------------------E----------o-XXXXX-------------------XXX-------------------------------------------------------------oo---XXX-------XXX------
(F)mario-3-3_20,----------------------------------------------------------------------------------------------------XX----------------------------E----------o--XXXX-------------------XXX-------------------------------------------------------------oo---XXXX------XXX-------
(F)mario-3-3_21,---------------------------------------------------------------------------------------------------XX----------------------------E----------o---XXX-------------------XXX-------------------------------------------------------------oo---XXXXX-----XXX--------
(F)mario-3-3_22,--------------------------------------------------------------------------------------------------XX----------------------------E----------o----XX-------------------XXX-------------------------------------------------------------oo---XXXXXX----XXX---------
(F)mario-3-3_23,-------------------------------------------------------------------------------------------------XX---------------------------------------o----oX-------------------XXX-------------------------------------------------------------oo---XXXXXXX---XXX----------
(F)mario-3-3_24,------------------------------------------------------------------------------------------------XX---------------------------------------o----oo-------------------XXX-------------------------X-----------------------------------oo---XXXXXXX---XXX-----------
(F)mario-3-3_25,------------------------------------------------------------------------------------------------X---------------------------------------o----ooo------------------XXX-------------------------XX----------------------------------oo---XXXXXXX---XXX------------
(F)mario-3-3_26,---------------------------------------------------------------------------------------------------------------------------------------o----ooo------------------XXX-------------------------XXX---------------------------------oo---XXXXXXX---XXX-------------
(F)mario-3-3_27,--------------------------------------------------------------------------------------------------------------------------------------o----ooo------------------XXX-------------------------XXXX-------------------------------Xoo---XXXXXXX----XX--------------
(F)mario-3-3_28,-------------------------------------------------------------------------------------------------------------------------------------o----ooo------------------XXX-------------------------XXXX-------------------------------XXo---XXXXXXX-----X---------------
(F)mario-3-3_29,------------------------------------------------------------------------------------------------------------------------------------o----ooo------------------XXX-------------------------XXXX-------------------------------XXX---XXXXXXX----------------------
(F)mario-3-3_30,-----------------------------------------------------------------------------------------------Q-----------------------------------o----ooo------------------XXX-------------------------XXXX-------------------------------XXXX--XXXXXXX-----------------------
(F)mario-3-3_31,----------------------------------------------------------------------------------------------Q-----------------------------------o----ooo------------------XXXX------------------------XXXX-------------------------------XXXXX-XXXXXXX------------------------
(F)mario-3-3_32,---------------------------------------------------------------------------------------------Q-----------------------------------o----ooo------E-----------XXXXX-----------------------XXXX-------------------------------XXXXXXXXXXXXX-------------------------
(F)mario-3-3_33,--------------------------------------------------------------------------------------------Q-----------------------------------o----ooo------E-----------XXXXXX----------------------XXXX-----o-------------------------XXXXXXXXXXXXX--------------------------
(F)mario-3-3_34,-------------------------------------------------------------------------------------------Q----------------------------------------ooo------E-----------XXXXXX----------------------XXXX-----oo------------------------XXXXXXXXXXXXX---------------------------
(F)mario-3-3_35,------------------------------------------------------------------------------------------Q----------------------------------------ooo------E-----------XXXXXX----------------------XXXX-----ooo---------------E-------XXXXXXXXXXXXX----------------------------
(F)mario-3-3_36,-----------------------------------------------------------------------------------------Q-----X----------------------------------ooo------E-----------XXXXXX----------------------XXXX-----ooo---------------E-------XXXXXXXXXXXXX-----------------------------
(F)mario-3-3_37,-------------------------------------------------------------------------------o--------Q-----XX---------------------------------ooo------E-----------XXXXXX----------------------XXXX-----ooo---------------E-------XXXXXXXXXX-XX------------------------------
(F)mario-3-3_38,------------------------------------------------------------------------------oo-------Q-----XXX--------------------------------ooo------E-----------XXXXXX----------------------XXXX-----ooo---------------E-------XXXXXXXXXX--X-------------------------------
(F)mario-3-3_39,-----------------------------------------------------------------------------oo-------Q-----XXXX--------------------------------oo------E-----------XXXXXX----------------------XXXX-----ooo---------------E-------XXXXXXXXXX-----------------------------------
(F)mario-3-3_40,----------------------------------------------------------------------------oo-------Q-----XXXX---------------------------------o------E-----------XXXXXX-----------------------XXX-----ooo---------------E-------XXXXXXXXXX------------------------------------
(F)mario-3-3_41,---------------------------------------------------------------------------oo-------Q-----XXXX----------------------------------------E--------X--XXXXXX------------------------XX-----ooo---------------E-------XXXXXXXXXX-------------------------------------
(F)mario-3-3_42,--------------------------------------------------------------------------oo-------Q-----XXXX----------------------------------------E--------XX-XXXXXX-------------------------X-----ooo---------------E-------XXXXXXXXXX--------------------------------------
(F)mario-3-3_43,-------------------------------------------------------------------------oo-------Q-----XXXX----------------------------------------E--------XXXXXXXXX-------------------------------ooo---------------E--------XXXXXXXXX---------------------------------------
(F)mario-3-3_44,------------------------------------------------------------------------oo-------Q-----XXXX----------------------------------------E--------XXXXXXXXX-------------------------------ooo---------------E---------XXXXXXXX----------------------------------------
(F)mario-3-3_45,-----------------------------------------------------------------------oo-------Q-----XXXX----------------------------------------E--------XXXX-XXXX-------------------------------ooo---------------E----------XXXXXXX-----------------------------------------
(F)mario-3-3_46,----------------------------------------------------------------------oo-------------XXXX----------------------------------------E--------XXXX--XXX------------X------------------ooo---------------E-----------XXXXXX-----------------------------------------X
(F)mario-3-3_47,---------------------------------------------------------------------oo-------------XXXX----------------------------------------E--------XXXX--oXX------------XX-----------------ooo---------------E------------XXXXX-----------------------------------------XX
(F)mario-3-3_48,--------------------------------------------------------------------oo-------------XXXX-------------------------------------------------XXXX--o-X------------XXX----------------ooo---------------E-------------XXXX-----------------------------------------XXX
(F)mario-3-3_49,-------------------------------------------------------------------oo-------------XXXX-------------------------------------------------XXXX--o--------------XXX-----------------oo---------------E--------------XXX-----------------------------------------XXXX
(F)mario-3-3_50,------------------------------------------------------------------oo-------------XXXX-------------------------------------------------XXXX--o--------------XXX-X----------------o---------------E---------------XX-----------------------------------------XXXXX
(F)mario-3-3_51,-----------------------------------------------------------------oo-------------XXXX-------------------------------------------------XXXX--o---o----------XXX-XX------------------------------------------------X-----------------------------------------XXXXXX
(F)mario-3-3_52,----------------------------------------------------------------oo--------------XXX-------------------------------------------------XXXX--o---o----------XXX-XXX-----------------------------------------------------------------------------------------XXXXXXX
(F)mario-3-3_53,----------------------------------------------------------------o---------------XX-------------------------------------------------XXXX--o---o----------XXX-XXX--------------------------------------------------------------------------------E--------XXXXXXXX
(F)mario-3-3_54,--------------------------------------------------------------------------------X-------------------------------------------------XXXX--o---o----------XXX-XXX-X------------------------------------------------------------------------------E--------XXXXXXXXX
(F)mario-3-3_55,---------------------------------------------------------------------------------------------------------------------------------XXXX--o---o---o------XXX-XXX-XX-----------------------------------------------------------------------------E--------XXXXXXXXXX
(F)mario-3-3_56,--------------------------------------------------------------------------------------------------------------------------------XXXX--o---o---o------XXX-XXX-XXX----------------------------------------------------------------------------E--------XXXXXXXXXXX
(F)mario-3-3_57,--------------------------------------------------------------------------------------------------------------------------------XXX--o---o---o------XXX-XXX-XXX----------------------------------------------------------------------------E--------XXXXXXXXXXXX
(F)mario-3-3_58,---------------------------------------------------------------------------------------------------------------X----------------XX--o---o---o------XXX-XXX-XXX----------------------------------------------------------------------------E--------XXXXXXXXXXXXX
(F)mario-3-3_59,-----------------------------------------------------------------------------------------------o--------------XX----------------X--o---o---o------XXX-XXX-XXX----------------------------------------------------------------------------E--------XXXXXXXXXXXXXX
(F)mario-3-3_60,----------------------------------------------------------------------------------------------o--------------XXX------------------o---o---o------XXX-XXX-XXX----------------------------------------------------------------------------E--------XXXXXXXXXXXXXXX
(F)mario-3-3_61,---------------------------------------------------------------------------------------------o--------------XXX------------------o---o---o------XXX-XXX-XXX----------------------------------------------------------------------------E--------XXXXXXXXXXXXXXXX
(F)mario-3-3_62,--------------------------------------------------------------------------------------------o--------------XXX-----------------oo---o---o------XXX-XXX-XXX----------------------------------------------------------------------------E---------XXXXXXXXXXXXXXX-
(F)mario-3-3_63,-------------------------------------------------------------------------------------------o--------------XXX-----------------o----o---o------XXX-XXX-XXX----------------------------------------------------------------------------E----------XXXXXXXXXXXXXX--
(F)mario-3-3_64,------------------------------------------------------------------------------------------o--------------XXX-----------------o----o---o------XXX-XXX-XXX----------------------------------------------------------------------------E-----------XXXXXXXXXXXXX---
(F)mario-3-3_65,-----------------------------------------------------------------------------------------o--------------XXX-----------------o----o---o------XXXXXXX-XXX------------------------------------------------------------------------X---E------------XXXXXXXXXXXX----
(F)mario-3-3_66,----------------------------------------------------------------------------------------o--------------XXX-----------------o----o---o------XXXX-XX-XXX------------------------------------------------------------------------XX--E-------------XXXXXXXXXXX-----
(F)mario-3-3_67,---------------------------------------------------------------------------------------o--------------XXX-----------------o--------o------XXXX--X-XXX------------------------------------------------------------------------XXX-E--------------XXXXXXXXXX------
(F)mario-3-3_68,--------------------------------------------------------------------------------------o--------------XXX-----------------o--------o------XXXX----XXX------------------------------------------------------------------------XXXXE---------------XXXXXXXXX-------
(F)mario-3-3_69,-------------------------------------------------------------------------------------o--------------XXX-----------------o------o-o------XXXX----XXX----------------------------X-------------------------------------------XXXX-----------------XXXXXXXX--------
(F)mario-3-3_70,------------------------------------------------------------------------------------o--------------XXX-----------------o------o-o------XXXX-----XX----------------------------XX------------------------------------------XXXX------------------XXXXXXX---------
(F)mario-3-3_71,-----------------------------------------------------------------------------------o--------------XXX-----------------o------o-o------XXXX------X----------------------------XXX-----------------------------------------XXXX-------------------XXXXXX----------
(F)mario-3-3_72,----------------------------------------------------------------------------------o--------------XXX-----------------o------o-o------XXXX-----------------------------------XXXX----------------------------------------XXXX--------------------XXXXX-----------
(F)mario-3-3_73,---------------------------------------------------------------------------------o--------------XXX-----------------o------o-o------XXXX-----------------------------------XXXX----------------------------------------XXXX---------------------XXXX------------
(F)mario-3-3_74,--------------------------------------------------------------------------------o---------------XX-----------------o------o-o------XXXX-----------------------------------XXXX-----------------X----------------------XXXX----------------------XXX-------------
(F)mario-3-3_75,------------------------------------------------------------------------------------------------X-----------------o------o-o------XXXX-----------------------------------XXXX-----------------XX---------------------XXXX-----------------------XX--------------
(F)mario-3-3_76,-----------------------------------------------------------------------------------------------------------------o------o-o----X-XXXX-----------------------------------XXXX-----------------XXX--------------------XXXX------------------------X---------------
(F)mario-3-3_77,----------------------------------------------------------------------------------------------------------------o------o-o----XXXXXX-----------------------------------XXXX-----------------XXX--------------------XXXX-----------------------------------------
(F)mario-3-3_78,----------------------------------------------------------------------------------------------------------------------o-o----XXXXXX-----------------------------------XXXX-----------------XXX-X------------------XXXX------------------------------------------
(F)mario-3-3_79,---------------------------------------------------------------------------------------------------------------------o-o----XXX-XX-----------------------------------XXXX-----------------XXX-XX-----------------XXXX-------------------------------------------
(F)mario-3-3_80,--------------------------------------------------------------------------------------------------------------------o-o----XXX--X-----------------------------------XXXX-----------------XXX-XXX----------------XXXX--------------------------------------------
(F)mario-3-3_81,-------------------------------------------------------------------------------------------------------------------o-o----XXX--------------------------------------XXXX-----------------XXX-XXX-----------------XXX---------------------------------------------
(F)mario-3-3_82,------------------------------------------------------------------------------------------------------------------o-o----XXX--------------------------------------XXXX-----------------XXX-XXX------------------XX-------------X--------------------------------
(F)mario-3-3_83,-----------------------------------------------------------------------------------------------------------------o-o----XXX--------------------------------------XXXX-----------------XXX-XXX-------------------X-------------XX--------------------------------
(F)mario-3-3_84,----------------------------------------------------------------------------------------------------------------o-o----XXX--------------------------------------XXXX-----------------XXX-XXX---------------------------------XXX--------------------------------
(F)mario-3-3_85,-----------------------------------------------------------------------------------------------------------------o----XXX------X--------------------------------XXX-----------------XXX-XXX---------------------------------XXX---------------------------------
(F)mario-3-3_86,---------------------------------------------------------------------------------------------------------------oo----XXX------XX--------------------------------XX-----------------XXX-XXX---------------------------------XXX----------------------------------
(F)mario-3-3_87,--------------------------------------------------------------------------------------------------------------oo----XXX------XXX--------------------------------X-----------------XXX-XXX---------------------------------XXX-----------------------------------
(F)mario-3-3_88,-------------------------------------------------------------------------------------------------------------oo----XXX------XXXX-------------------------------------------------XXX-XXX---------------------------------XXX---X--------------------------------
(F)mario-3-3_89,------------------------------------------------------------------------------------------------------------oo----XXX------XXXX--------------------------------X----------------XXX-XXX------------------------o--------XXX---XX--------------------------------
(F)mario-3-3_90,-----------------------------------------------------------------------------------------------------------oo----XXX------XXXX-----------------o--------------XX----------------XX-XXX------------------------o--------XXX---XXX--------------------------------
(F)mario-3-3_91,----------------------------------------------------------------------------------------------------------oo----XXX------XXXX-----------------o--------------XXX----------------X-XXX------------------------o--------XXX---XXXX--------------------------------
(F)mario-3-3_92,---------------------------------------------------------------------------------------------------------oo-----XX------XXXX-----------------o--------------XXX------------------XXX------------------------o--------XXX---XXXXX--------------------------------
(F)mario-3-3_93,--------------------------------------------------------------------------------------------------------oo------X------XXXX-----------------o--------------XXX------------------XXX------------------------o--------XXX---XXXXX---------------------------------
(F)mario-3-3_94,-------------------------------------------------------------------------------------------------------oo-------------XXXX-----------------o--------------XXX-------------------XX------------------------o--------XXX---XXXXX----------------------------------
(F)mario-3-3_95,------------------------------------------------------------------------------------------------------oo-------------XXXX-----------------o----E---------XXX--------------------X------------------------o--------XXX---XXXXX-----------------------------------
(F)mario-3-3_96,-----------------------------------------------------------------------------------------------------oo-------------XXXX-----------------o----E---------XXX---------------------------------------------o--------XXX---XXXXX------------------------------------
(F)mario-3-3_97,----------------------------------------------------------------------------------------------------oo-------------XXXX-----------------o----E---------XXX---------------------------------------------o--------XXX---XXXXX------------------------------------X
(F)mario-3-3_98,---------------------------------------------------------------------------------------------------oo-------------XXXX-----------------o----E---------XXX---------------------------------------------o---------XX---XXXXX------------------------------------XX
(F)mario-3-3_99,--------------------------------------------------------------------------------------------------oo-------------XXXX-----------------o----E---------XXX---------------------------------------------o----------X---XXXXX------------------------------------XXX
(F)mario-3-3_100,-------------------------------------------------------------------------------------------------oo-------------XXXX-----------------o----E---------XXX---------------------------------------------o----------X---XXXXX------------------------------------XXX-
(F)mario-3-3_101,------------------------------------------------------------------------------------------------oo--------------XXX-----------------o----E---------XXX---------------------------------------------o----------XX--XXXXX------------------------------------XXX--
(F)mario-3-3_102,------------------------------------------------------------------------------------------------o---------------XX-----------------o----E---------XXX---------------------------------------------o----------XXX-XXXXX------------------------------------XXX---
(F)mario-3-3_103,----------------------------------------------------------------------------------------------------------------X-----------------o----E---------XXX-------------------------------------------E-o----------XXXXXXXXX------------------------------------XXX----
(F)mario-3-3_104,---------------------------------------------------------------------------------------------------------------------------------o----E---------XXX-------------------------------------------EEo----------XXXXXXXXX------------------------------------XXX-----
(F)mario-3-3_105,--------------------------------------------------------------------------------------------------------------------------------o----E----------XX-------------------------------------------EE-----------XXXXXXXXX------------------------------------XXX------
(F)mario-3-3_106,------------------------------------------------------------------------------------------------------------------------------------E-----------X-------------------------------------------EE-E---------XXXXXXXXX------------------------------------XXX-------
(F)mario-3-3_107,-----------------------------------------------------------------------------------------------------------------------------------E-------------------------------------------------------EE-E---------XXXXXXXXX------------------------------------XXX--------
(F)mario-3-3_108,----------------------------------------------------------------------------------------------------------------------------------E-------------------------------------------------------EE-E---------XXXXXXXXX------------------------------------XXX---------
(F)mario-3-3_109,---------------------------------------------------------------------------------------------------------------------------------E-------------------------------------------------------EE-E---------XXXXXXXXXX-----------------------------------XXX----------
(F)mario-3-3_110,--------------------------------------------------------------------------------------------------------------------------------E-------------------------------------------------------EE-E---------XXXXXXXXXXX----------------------------------XXX-----------
(F)mario-3-3_111,-----------------------------------------------------------------------------------------------------------------------------------------------X---------------------------------------EE-E---------XXXXXXXXXXXX---------------------------------XXX------------
(F)mario-3-3_112,----------------------------------------------------------------------------------------------------------------------------------------------XX--------------------------------------EE-E---------XXXXXXXXXXXX---------------------------------XXX-------------
(F)mario-3-3_113,---------------------------------------------------------------------------------------------------------------------------------------------XXX-------------------------------------EE-E---------XXXXXXXXXXXX----------------------------------XX--------------
(F)mario-3-3_114,--------------------------------------------------------------------------------------------------------------------------------------------XXX-------------------------------------EE-E---------XXXXXXXXXXXX-----------------------------------X---------------
(F)mario-3-3_115,-------------------------------------------------------------------------------------------------------------------------------------------XXX-------------------------------------EE-E---------XXXXXXXXXXXX----------------------------------------------------
(F)mario-3-3_116,------------------------------------------------------------------------------------------------------------------------------------------XXX-------------------------------------EE-E----------XXXXXXXXXXX-----------------------------------------------------
(F)mario-3-3_117,-------------------------------------------------------------------------------------------------------------------------------X---------XXX-------------------------------------EE-E-----------XXXXXXXXXX------------------------------------------------------
(F)mario-3-3_118,------------------------------------------------------------------------------------------------------------------------------XX--------XXX-------------------------------------EE-E------------XXXXXXXXX-------------------------------------------------------
(F)mario-3-3_119,-----------------------------------------------------------------------------------------------------------------------------XXX-------XXX--------------------------------------E-E-------------XXXXXXXX--------------------------------------------------------
(F)mario-3-3_120,----------------------------------------------------------------------------------------------------------------------------XXXX------XXX----------------------------------------E--------------XXXXXXX---------------------------------------------------------
(F)mario-3-3_121,---------------------------------------------------------------------------------------------------------------------------XXXX------XXX---------------------------------------XE---------------XXXXXX----------------------------------------------------------
(F)mario-3-3_122,--------------------------------------------------------------------------------------------------------------------------XXXX------XXX---------------------------------------XX----------------XXXXX-----------------------------------------------------------
(F)mario-3-3_123,-------------------------------------------------------------------------------------------------------------------------XXXX------XXX---------------------------------------XXX----------------XXXX------------------------------------------------------------
(F)mario-3-3_124,------------------------------------------------------------------------------------------------------------------------XXXX------XXX---------------------------------------XXXX----------------XXX-------------------------------------------------------------
(F)mario-3-3_125,-----------------------------------------------------------------------------------------------------------------------XXXX------XXX---------------------------------------XXXX-----------------XX-------------------------------------------------------------X
(F)mario-3-3_126,----------------------------------------------------------------------------------------------------------------------XXXX------XXX---------------------------------------XXXX------------------X-------------------------------------------------------------XX
(F)mario-3-3_127,---------------------------------------------------------------------------------------------------------------------XXXX-------XX---------------------------------------XXXX--------------------------------------------------------------------------------XXX
(F)mario-3-3_128,--------------------------------------------------------------------------------------------------------------------XXXX--------X---------------------------------------XXXX--------------------------------------------------------------------------------XXXX
(F)mario-3-3_129,-------------------------------------------------------------------------------------------------------------------XXXX------------------------------------------------XXXX--------------------------------------------------------------------------------XXXXX
(F)mario-3-3_130,------------------------------------------------------------------------------------------------------------------XXXX------------------------------------------------XXXX--------------------------------------------------------------------------------XXXXXX
(F)mario-3-3_131,-----------------------------------------------------------------------------------------------------------------XXXX------------------------------------------------XXXX--------------------------------------------------------------------------------XXXXXXX
(F)mario-3-3_132,----------------------------------------------------------------------------------------------------------------XXXX------------------------------------------------XXXX-----------------------------------------------------------------------X--------XXXXXXXX
(F)mario-3-3_133,----------------------------------------------------------------------------------------------------------------XXX------------------------------------------------XXXX-----------------------------------------------------------------------XX-------XXXXXXXXX
(F)mario-3-3_134,----------------------------------------------------------------------------------------------------------------XX------------------------------------------------XXXX-----------------------------------------------------------------------XX-------XXXXXXXXXX
(F)mario-5-3_1,---------------------------------------------------------------------------------------------------------------------------------------------------------------------------------------------------------------------------------------------XXXXXXXXXXXXXX-----
(F)mario-5-3_2,--------------------------------------------------------------------------------------------------------------------------------------------------------------------------------------------------------------------------------------------XXXXXXXXXXXXXX------
(F)mario-5-3_3,-------------------------------------------------------------------------------------------------------------------------------------------------------------------------------------------------------------------------------------------XXXX-XXXXXXXXX-------
(F)mario-5-3_4,------------------------------------------------------------------------------------------------------------------------------------------------------------------------------------------------------------------------------------------XXXX--XXXXXXXX--------
(F)mario-5-3_5,-----------------------------------------------------------------------------------------------------------------------------------------------------------------------------------------------X-----------------------------------------XXXX---XXXXXXX---------
(F)mario-5-3_6,----------------------------------------------------------------------------------------------------------------------------------------------------------------------------------------------XX----------------------------------------XXXX----XXXXXX----------
(F)mario-5-3_7,---------------------------------------------------------------------------------------------------------------E---------------X-------------------------------------------------------------XXX---------------------------------------XXXX-----XXXXX-----------
(F)mario-5-3_8,--------------------------------------------------------------------------------------------------------------Eo--------------XX------------------------------------------------------------XXXX--------------------------------------XXXX------XXXX------------
(F)mario-5-3_9,-------------------------------------------------------------------------------------------------------------Eoo-------------XXX-----------------------------------------------------------XXXXX-------------------------------------XXXX-------XXX-------------
(F)mario-5-3_10,------------------------------------------------------------------------------------------------------------Eooo------------XXXX----------------------------------------------------------XXXXXX------------------------------------XXXX--------XX--------------
(F)mario-5-3_11,-----------------------------------------------------------------------------------------------------------Eooo------------XXXXX---------------------------------------------------------XXXXXXX-----------------------------------XXXX---------X---------------
(F)mario-5-3_12,----------------------------------------------------------------------------------------------------------Eooo------------XXXXX---------------------------------------------------------XXXXXXXX----------------------------------XXXX--------------------------
(F)mario-5-3_13,---------------------------------------------------------------------------------------------------------Eooo------------XXXXX---------------------------------------------------------XXXXXXXX----------------------------------XXXX----------X----------------
(F)mario-5-3_14,--------------------------------------------------------------------------------------------------------Eooo------------XXXXX---------------------------------------------------------XXXXXXXX---------------------------------oXXXX----------XX----------------
(F)mario-5-3_15,-------------------------------------------------------------------------------------------------------Eooo------------XXXXX---------------------------------------------------------XXXXXXXX---------------------------------o-XXX----------XXX----------------
(F)mario-5-3_16,------------------------------------------------------------------------------------------------------Eooo------------XXXXX----------------------------------------------------X----XXXXXXXX---------------------------------o--XX----------XXX-----------------
(F)mario-5-3_17,-----------------------------------------------------------------------------------------------------Eooo------------XXXXX----------------------------------------------------XX---XXXXXXXX---------------------------------o---X----------XXX------------------
(F)mario-5-3_18,-------------------------------------------------------------------------------o--------------------Eooo------------XXXXX----------------------------------------------------XXX--XXXXXXXX---------------------------------o--------------XXX-------------------
(F)mario-5-3_19,------------------------------------------------------------------------------oo-------------------Eooo------------XXXXX----------------------------------------------------XXXX-XXXXXXXX---------------------------------o--------------XXX--------------------
(F)mario-5-3_20,-----------------------------------------------------------------------------oo-------------------Eooo------------XXXXX----------------------------------------------------XXXXXXXXXXXXX---------------------------------o--------------XXX---------------------
(F)mario-5-3_21,----------------------------------------------------------------------------oo-------------------Eooo----------X-XXXXX----------------------------------------------------XXXXX-XXXXXXX---------------------------------o--------------XXX----------------------
(F)mario-5-3_22,---------------------------------------------------------------------------oo------------------EEooo----------XXXXXXX----------------------------------------------------XXXXX--XXXXXX---------------------------------o--------------XXX-----------------------
(F)mario-5-3_23,--------------------------------------------------------------------------oo------------------E-ooo----------XXXXXXX----------------------------------------------------XXXXX---XXXXX---------------------------------o--------------XXX------------------------
(F)mario-5-3_24,-------------------------------------------------------------------------oo------------------E--oo----------XXXXXXX----------------------------------------------------XXXXX----XXXX---------------------------------o--------------XXX-------------------------
(F)mario-5-3_25,------------------------------------------------------------------------oo------------------E--Eo----------XXXXXXX----------------------------------------------------XXXXX-----XXX---------------------------------o--------------XXX--------------------------
(F)mario-5-3_26,-----------------------------------------------------------------------oo------------------E--E-----------XXXXXXX----------------------------------------------------XXXXX------XX---------------------------------o--------------XXX---------------------------
(F)mario-5-3_27,----------------------------------------------------------------------oo------------------E--E-----------XXXXXXX----------------------------------------------------XXXXX-------X---------------------------------o--------------XXX----------------------------
(F)mario-5-3_28,---------------------------------------------------------------------oo------------------E--E-----------XXXXXXX----------------------------------------------------XXXXX-----------------------------------------o--------------XXX-----------------------------
(F)mario-5-3_29,--------------------------------------------------------------------oo------------------E--E-----------XXXXXXX----------------------------------------------------XXXXX-----------------------------------------o---------------XX------------------------------
(F)mario-5-3_30,-------------------------------------------------------------------oo------------------E--E-----------XXXXXXX----------------------------------------------------XXXXX----------------------------------------------------------X-------------------------------
(F)mario-5-3_31,------------------------------------------------------------------oo------------------E--E-----------XXXXXXX-----------------------------------o----------------XXXXX------------------------------------------------------------------------------------------X
(F)mario-5-3_32,-----------------------------------------------------------------oo------------------E--E-----------XXXXXXX-----------------------------------oo----------------XXXX------------------------------------------------------------------------------------------XX
(F)mario-5-3_33,----------------------------------------------------------------oo------------------E--E-----------XXXXXXX-----------------------------------oo-----------------XXX------------------------------------------------------------------------------------------XXX
(F)mario-5-3_34,----------------------------------------------------------------o------------------E--E-----------XXXXXXX-----------------------------------oo------------------XX------------------------------------------------------------------------------------------XXXX
(F)mario-5-3_35,----------------------------------------------------------------------------------E--E-----------XXXXXXX-----------------------------------oo-------------------X------------------------------------------------------------------------------------------XXXX-
(F)mario-5-3_36,---------------------------------------------------------------------------------E--E-----------XXXXXXX-----------------------------------oo-------------------------------------------------------------------X------------------------------------------XXXX--
(F)mario-5-3_37,--------------------------------------------------------------------------------E--E------------XXXXXX-----------------------------------oo-------------------------------------------------------------------XX-----------------------------------------XXXX---
(F)mario-5-3_38,----------------------------------------------------------------------------------E-------------XXXXX-----------------------------------oo-------------------------------------------------------------------XXX----------------------------------------XXXX----
(F)mario-5-3_39,---------------------------------------------------------------------------------E--------------XXXX-----------------------------------oo-------------------------------------------------------------------XXX----------------------------------------XXXX-----
(F)mario-5-3_40,--------------------------------------------------------------------------------E---------------XXX-----------------------------------oo-------------------------------------------------------------------XXX-Q--------------------------------------XXXX-----X
(F)mario-5-3_41,------------------------------------------------------------------------------------------------XX-------------o---------------X-----oo-------------------------------------------------------------------XXX-Q--------------------------------------XXXX-----XX
(F)mario-5-3_42,------------------------------------------------------------------------------------------------X-------------oo--------------XX----oo-------------------------------------------------------------------XXX-Q--------------------------------------XXXX-----XXX
(F)mario-5-3_43,-------------------------------------------------------------------------------------------------------------ooo-------------XXX---oo-------------------------------------------------------------------XXX-Q--------------------------------------XXXX-----XXXX
(F)mario-5-3_44,------------------------------------------------------------------------------------------------------------oooo------------XXXX--oo-------------------------------------------------------------------XXX-Q--------------------------------------XXXX-----XXXXX
(F)mario-5-3_45,-----------------------------------------------------------------------------------------------------------oooo------------XXXX--oo-------------------------------------------------------------------XXX-Q--------------------------------------XXXX-----XXXXX-
(F)mario-5-3_46,----------------------------------------------------------------------------------------------------------oooo------------XXXX--oo-------------------------------------------------------------------XXX-Q--------------------------------------XXXX-----XXXXX-X
(F)mario-5-3_47,---------------------------------------------------------------------------------------------------------oooo------------XXXX---o-------------------------------------------------------------------XXX-Q---------------------------------------XXX-----XXXXX-XX
(F)mario-5-3_48,--------------------------------------------------------------------------------------------------------oooo------------XXXX-----------------------------------------------------------------------XXX-Q----------------------------------------XX-----XXXXX-XXX
(F)mario-5-3_49,-------------------------------------------------------------------------------------------------------oooo------------XXXX-----------------------------------------------------------------------XXX-Q-----------------------------------------X-----XXXXX-XXXX
(F)mario-5-3_50,------------------------------------------------------------------------------------------------------oooo------------XXXX-----------------------------------------------------------------------XXX-Q-----------------------------------------------XXXXX-XXXXX
(F)mario-5-3_51,-----------------------------------------------------------------------------------------------------oooo------------XXXX----------------------------------------------------------------------XXXX-Q-----------------------------------------------XXXXX-XXXXX-
(F)mario-5-3_52,----------------------------------------------------------------------------------------------------oooo------------XXXX----------------------------------------------------------------------XXXX-Q-----------------------------------------------XXXXX-XXXXX--
(F)mario-5-3_53,---------------------------------------------------------------------------------------------------oooo------------XXXX----------------------------------------------------------------------XXXX-Q-----------------------------------------------XXXXX-XXXXX---
(F)mario-5-3_54,--------------------------------------------------------------------------------------------------oooo------------XXXX----------------------------------------------------------------------XXX--Q-----------------------------------------------XXXXX-XXXXX----
(F)mario-5-3_55,-------------------------------------------------------------------------------------------------oooo----------E-XXXX----------E-----------------------------------------------------------XXX--Q-----------------------------------------------XXXXX-XXXXX-----
(F)mario-5-3_56,------------------------------------------------------------------------------------------------oooo----------E-XXXX----------E-----------------------------------------------------------XXX---------------------------------------------------XXXX-XXXXX------
(F)mario-5-3_57,------------------------------------------------------------------------------------------------ooo----------E--XXX----------E-----------------X-----------------------------------------XXX----------------------------------------------------XXX-XXXXX-------
(F)mario-5-3_58,------------------------------------------------------------------------------------------------oo----------E---XX----------E--E--------------XX----------------------------------------XXX-----------------------------------------------------XX-XXXXX--------
(F)mario-5-3_59,------------------------------------------------------------------------------------------------o----------E----X----------E--E--------------XXX---------------------------------------XXX------------------------------------------------------X-XXXXX---------
(F)mario-5-3_60,----------------------------------------------------------------------------------------------------------E---------------E--E--------------XXXX--------------------------------------XXX--------------------------------------------------------XXXXX----------
(F)mario-5-3_61,---------------------------------------------------------------------------------------------------------E---------------E--E--------------XXXXX-------------------------------------XXX--------------------------------------------------------XXXXX-----------
(F)mario-5-3_62,--------------------------------------------------------------------------------------------------------E---------------E--E--------------XXXXXX------------------------------------XXX---------------------------------------------------------XXXX------------
(F)mario-5-3_63,-------------------------------------------------------------------------------------------------------E---------------E--E--------------XXXXXX------------------------------------XXX----------------------------------------------------------XXX-------------
(F)mario-5-3_64,------------------------------------------------------------------------------------------------------E---------------E--E--------------XXXXXX------------------------------------XXX-----------------------------------------------------------XX--------------
(F)mario-5-3_65,-----------------------------------------------------------------------------------------------------E---------------E--E--------------XXXXXX------------------------------------XXX------------------------------------------------------------X---------------
(F)mario-5-3_66,----------------------------------------------------------------------------------------------------E---------------E--E-------o------XXXXXX------------------------------------XXX-----------------------------------------------------------------------------
(F)mario-5-3_67,---------------------------------------------------------------------------------------------------E---------------E--E-------oo-----XXXXXX------------------------------------XXX------------------------------------------------------------------------------
(F)mario-5-3_68,--------------------------------------------------------------------------------------------------E---------------E--E-------oo-----XXXXXX------------------------------------XXX-------------------------------------------------------------------------------
(F)mario-5-3_69,-------------------------------------------------------------------------------------------------E---------------E--E-------oo-----XXXXXX------------------------------------XX---------------------------------------------------------------------------------
(F)mario-5-3_70,------------------------------------------------------------------------------------------------E---------------E--E-------oo-----XXXXXX------------------------------------XX----------------------------------------------------------------------------------
(F)mario-5-3_71,------------------------------------------------------------------------------------------------------------------E-------oo-----XXXXXX------------------------------------XX-----------------------------------------------------------------------------------
(F)mario-5-3_72,-----------------------------------------------------------------------------------------------------------------E-------oo-----XXXXXX------------------------------------XX------------------------------------------------------------------------------------
(F)mario-5-3_73,----------------------------------------------------------------------------------------------------------------E-------oo------XXXXX------------------------------------XX-------------------------------------------------------------------------------------
(F)mario-5-3_74,---------------------------------------------------------------------------------------------------------------o-------oo-------XXXX------------------------------------XX--------------------------------------------------------------------------------------
(F)mario-5-3_75,--------------------------------------------------------------------------------------------------------------oo------oo--------XXX------------------------------------XX----------------------X----------------------------------------------------------------
(F)mario-5-3_76,-------------------------------------------------------------------------------------------------------------oo------oo---------XX------------------------------------XX----------------------XX----------------------------------------------------------------
(F)mario-5-3_77,------------------------------------------------------------------------------------------------------------oo------oo----------X------------------------------------XX----------------------XX-----------------------------------------------------------------
(F)mario-5-3_78,-----------------------------------------------------------------------------------------------------------oo--o---oo-----------------------------------------------XX----------------------XX------------------------------------------------------------------
(F)mario-5-3_79,----------------------------------------------------------------------------------------------------------oo--oo--oo-----------------------------------------------XX----------------------XX----------------------------------X--------------------------------
(F)mario-5-3_80,---------------------------------------------------------------------------------------------------------oo--oo--oo-----------------------------------------------XX----------------------XX----------------------------------XX--------------------------------
(F)mario-5-3_81,--------------------------------------------------------------------------------------------------------oo--oo--oo-----------------------------------------------XX----------------------XX----------------------------------XXX--------------------------------
(F)mario-5-3_82,-------------------------------------------------------------------------------------------------------oo--oo---o-----------------------------------------------XX----------------------XX----------------------------------XXXX--------------------------------
(F)mario-5-3_83,------------------------------------------------------------------------------------------------------oo--oo----------------------------------------------------X----------------------XX----------------------------------XXXX---------------------------------
(F)mario-5-3_84,-----------------------------------------------------------------------------------------------------oo--oo---------------------------------------------------------------------------XX----------------------------------XXXX----------------------------------
(F)mario-5-3_85,----------------------------------------------------------------------------------------------------oo--oo-----------------------------------------------------X---------------------XX----------------------------------XXXX-----------------------------------
(F)mario-5-3_86,---------------------------------------------------------------------------------------------------oo--oo-----------------------------------------------------XX--------------------XX----------------------------------XXXX------------------------------------
(F)mario-5-3_87,--------------------------------------------------------------------------------------------------oo--oo---------------------------------------E-------------XXX-------------------XX----------------------------------XXXX-------------------------------------
(F)mario-5-3_88,-------------------------------------------------------------------------------------------------oo--oo---------------------------------------E-------------XXXX------------------XX----------------------------------XXXX--------------------------------------
(F)mario-5-3_89,------------------------------------------------------------------------------------------------oo--oo---------------------------------------E-------------XXXXX-----------------XX----------------------------------XXXX---------------------------------------
(F)mario-5-3_90,------------------------------------------------------------------------------------------------o--oo---------------------------------------E-------------XXXXXX----------------XX----------------------------------XXXX----------------------------------------
(F)mario-5-3_91,--------------------------------------------------------------------------------------------------oo---------------------------------------E-------------XXXXXXX----------------X----------------------------------XXXX-----------------------------------------
(F)mario-5-3_92,-------------------------------------------------------------------------------------------------oo---------------------------------------E-------------XXXXXXXX--------------------------------------------------XXXX------------------------------------------
(F)mario-5-3_93,------------------------------------------------------------------------------------------------oo---------------------------------------E-------------XXXXXXXX--------------------------------------------------XXXX-------------------------------------------
(F)mario-5-3_94,------------------------------------------------------------------------------------------------o---------------------------------------E-------------XXXXXXXX--------------------------------------------------XXXX---------------------------o---------------X
(F)mario-5-3_95,-------------------------------------------------------------------------------------------------------------------------------E-------E-------------XXXXXXXX---------------------------------------------------XXX---------------------------oo--------------XX
(F)mario-5-3_96,------------------------------------------------------------------------------------------------------------------------------E-------E-------------XXXXXXXX----------------------------------------------------XX---------------------------ooo-------------XXX
(F)mario-5-3_97,-----------------------------------------------------------------------------------------------------------------------------E-------E-------------XXXXXXXX------------------------------------X----------------X---------------------------ooo-------------XXX-
(F)mario-5-3_98,----------------------------------------------------------------------------------------------------------------------------E-------E-------------XXXXXXXX------------------------------------XX-------------------------------------------ooo-------------XXX--
(F)mario-5-3_99,---------------------------------------------------------------------------------------------------------------------------E-------E-------------XXXXXXXX------------------------------------XXX------------------------------------------ooo-------------XXX---
(F)mario-5-3_100,--------------------------------------------------------------------------------------------------------------------------E-------E-------------XXXXXXXX------------------------------------XXXX-----------------------------------------ooo-------------XXX----
(F)mario-5-3_101,-------------------------------------------------------------------------------------------------------------------------E-----o-E--------------XXXXXXX------------------------------------XXXX-----------------------------------------ooo-------------XXX-----
(F)mario-5-3_102,------------------------------------------------------------------------------------------------------------------------E-----ooE---------------XXXXXX------------------------------------XXXX-----------------------------------------ooo-------------XXX------
(F)mario-5-3_103,-----------------------------------------------------------------------------------------------------------------------E-----oo-----------------XXXXX------------------------------------XXXX--X--------------------------------------ooo-------------XXX-------
(F)mario-5-3_104,----------------------------------------------------------------------------------------------------------------------E-----oo------------------XXXX------------------------------------XXXX--XX-------------------------------------ooo-------------XXX--------
(F)mario-5-3_105,---------------------------------------------------------------------------------------------------------------------E-----oo-------------------XXX------------------------------------XXXX--XXX------------------------------------ooo-------------XXX---------
(F)mario-5-3_106,--------------------------------------------------------------------------------------------------------------------E-----oo--------------------XX------------------------------------XXXX--XXXX-----------------------------------ooo-------------XXX----------
(F)mario-5-3_107,-------------------------------------------------------------------------------------------------------------------E-----oo---------------------X------------------------------------XXXX--XXXX-----------------------------------ooo-------------XXX-----------
(F)mario-5-3_108,------------------------------------------------------------------------------------------------------------------E-----oo----------------------------------------------------------XXXX--XXXX-----------------------------------ooo-------------XXX------------
(F)mario-5-3_109,-----------------------------------------------------------------------------------------------------------------E-----oo----------------------X-----------------------------------XXXX--XXXX-----------------------------------ooo-------------XXX-------------
(F)mario-5-3_110,----------------------------------------------------------------------------------------------------------------E-----oo----------------------XX----------------------------------XXXX--XXXX------------------------------------oo--------------XX-------------X
(F)mario-5-3_111,---------------------------------------------------------------------------------------------------------------------oo----------------------XX----------------------------------XXXX--XXXX-------------------------------------o---------------X-------------XX
(F)mario-5-3_112,--------------------------------------------------------------------------------------------------------------------oo----------------------XX----------------------------------XXXX--XXXX-------------------------------------------------------------------XXX
(F)mario-5-3_113,-------------------------------------------------------------------------------------------------------------------oo----------------------XX-----------------------------------XXX--XXXX-------------------------------------------------------------------XXXX
(F)mario-5-3_114,------------------------------------------------------------------------------------------------------------------oo----------------------XX------------------------------------XX--XXXX-------------------------------------------------------------------XXXXX
(F)mario-5-3_115,-----------------------------------------------------------------------------------------------------------------oo----------------------XX-------------------------------------X--XXXX--------------------------------------------------------E----------XXXXXX
(F)mario-5-3_116,----------------------------------------------------------------------------------------------------------------oo----------------------XX----------------------------------------XXXX--------------------------------------------------------E----------XXXXXXX
(F)mario-5-3_117,----------------------------------------------------------------------------------------------------------------o----------------------XX----------------------------------------XXXX--------------------------------------------------------E----------XXXXXXXX
(F)mario-5-3_118,--------------------------------------------------------------------------------------------------------------------------------------XX----------------------------------------XXXX--------------------------------------------------------E----------XXXXXXXXX
(F)mario-5-3_119,-------------------------------------------------------------------------------------------------------------------------------------XX-----------------------------------------XXX------------X---------------X---------------X-----------E---X------XXXXXXXXXX
(F)mario-5-3_120,------------------------------------------------------------------------------------------------------------------------------------XX------------------------------------------XX------------XX--------------XX--------------XX----------E---XX-----XXXXXXXXXXX
(F)mario-5-3_121,-----------------------------------------------------------------------------------------------------------------------------------XX--------------------------X---------------XX------------XXX-------------XXX-------------XXX---------E---XXX----XXXXXXXXXXXX
(F)mario-5-3_122,----------------------------------------------------------------------------------------------------------------------------------XX--------------------------XX--------------XX------------XXXX------------XXXX------------XXXX--------E---XXXX---XXXXXXXXXXXXX
(F)mario-5-3_123,-------------------------------------------------------------------------------------------------------------------------------X-XX------------X-------------XXX-------------XXX-----------XXXXX-----------XXXXX-----------XXXXX-------E---XXXXX--XXXXXXXXXXXXXX
(F)mario-5-3_124,------------------------------------------------------------------------------------------------------------------------------XXXX------------XX------------XXXX------------XXXX----------XXXXXX----------XXXXXX----------XXXXXX------E---XXXXXX-XXXXXXXXXXXXXXX
(F)mario-5-3_125,-----------------------------------------------------------------------------------------------------------------------------XX-X------------XX------------XXXX------------XXXX----------XXXXXX----------XXXXXX----------XXXXXX------E---XXXXXX-XXXXXXXXXXXXXXXX
(F)mario-5-3_126,----------------------------------------------------------------------------------------------------------------------------XX--------------XX------------XXXX------------XXXX----------XXXXXX----------XXXXXX----------XXXXXX------E---XXXXXX--XXXXXXXXXXXXXXXX
(F)mario-5-3_127,---------------------------------------------------------------------------------------------------------------------------XX--------------XX------------XXXX------------XXXX----------XXXXXX----------XXXXXX----------XXXXXX------E---XXXXXX---XXXXXXXXXXXXXXXX
(F)mario-5-3_128,--------------------------------------------------------------------------------------------------------------------------XX--------------XX------------XXXX------------XXXX----------XXXXXX----------XXXXXX----------XXXXXX------E---XXXXXX----XXXXXXXXXXXXXXXX
(F)mario-5-3_129,-------------------------------------------------------------------------------------------------------------------------XX--------------XX------------XXXX------------XXXX----------XXXXXX----------XXXXXX----------XXXXXX------E---XXXXXX-----XXXXXXXXXXXXXXXX
(F)mario-5-3_130,------------------------------------------------------------------------------------------------------------------------XX--------------XX------------XXXX------------XXXX----------XXXXXX----------XXXXXX----------XXXXXX------E---XXXXXX------XXXXXXXXXXXXXXXX
(F)mario-5-3_131,-----------------------------------------------------------------------------------------------------------------------XX--------------XX------------XXXX------------XXXX----------XXXXXX----------XXXXXX----------XXXXXX----------XXXXXX-------XXXXXXXXXXXXXXXX
(F)mario-5-3_132,----------------------------------------------------------------------------------------------------------------------XX--------------XX------------XXXX------------XXXX----------XXXXXX----------XXXXXX----------XXXXXX----------XXXXXX--------XXXXXXXXXXXXXXXX
(F)mario-5-3_133,---------------------------------------------------------------------------------------------------------------------XX--------------XX------------XXXX------------XXXX----------XXXXXX----------XXXXXX----------XXXXXX----------XXXXXX--------XXXXXXXXXXXXXXXXX
(F)mario-5-3_134,--------------------------------------------------------------------------------------------------------------------XX--------------XX------------XXXX------------XXXX----------XXXXXX----------XXXXXX----------XXXXXX----------XXXXXX--------X-XXXXXXXXXXXXXXXX
(F)mario-5-3_135,-------------------------------------------------------------------------------------------------------------------XX--------------XX------------XXXX------------XXXX-----------XXXXX-----------XXXXX-----------XXXXX-----------XXXXX--------X--XXXXXXXXXXXXXXXX
(F)mario-6-3_1,------------------------------------------------------------------------------------------------------------------------------------------------------------------------------------------------------------------------------------------------XXXXXXXXXXX--XXX
(F)mario-6-3_2,-----------------------------------------------------------------------------------------------------------------------------------------------------------------------------------------------X------------------------------------------------XXXXXXXXXX--XXXX
(F)mario-6-3_3,----------------------------------------------------------------------------------------------------------------------------------------------------------------------------------------------XX------------------------------------------------XXXXXXXXX--XXXX-
(F)mario-6-3_4,---------------------------------------------------------------------------------------------------------------------------------------------------------------------------------------------XXX------------------------------------------------XXXXXXXX--XXXX--
(F)mario-6-3_5,--------------------------------------------------------------------------------------------------------------------------------------------------------------------------------------------XXXX------------------------------------------------XXXXXXX--XXXX--X
(F)mario-6-3_6,-------------------------------------------------------------------------------------------------------------------------------------------------------------------------------------------XXXX-------------------------------------------------XXXXXX--XXXX--XX
(F)mario-6-3_7,------------------------------------------------------------------------------------------------------------------------------------------------------------------------------------------XXXX--------------------------------------------------XXXXX--XXXX--XXX
(F)mario-6-3_8,-----------------------------------------------------------------------------------------------------------------------------------------------------------------------------------------XXXX---------------------------------------------------XXXX--XXXX--XXXX
(F)mario-6-3_9,-------------------------------------------------------------------------------o-----------------------------------------------X--------------------------------------------------------XXXX----------------------------------------------------XXX--XXXX--XXXX-
(F)mario-6-3_10,------------------------------------------------------------------------------oo----------------------------------------------XX-------------------------------------------------------XXXX-----------------------------------------------------XX--XXXX--XXXX--
(F)mario-6-3_11,-----------------------------------------------------------------------------oo----------------------------------------------XXX------------------------------------------------------XXXX------------------------------------------------------X--XXXX--XXXX---
(F)mario-6-3_12,----------------------------------------------------------------------------oo----------------------------------------------XXX------------------------------------------------------XXXX------X--------------------------------------------------XXXX--XXXX----
(F)mario-6-3_13,---------------------------------------------------------------------------oo----------------------------------------------XXX------------------------------------------------------XXXX------XX-------------------------------------------------XXXX--XXXX-----
(F)mario-6-3_14,--------------------------------------------------------------------------oo----------------------------------------------XXX------------------------------------------------------XXXX------XXX------------------------------------------------XXXX--XXXX------
(F)mario-6-3_15,-------------------------------------------------------------------------oo----------------------------------------------XXX------------------------------------------------------XXXX------XXXX------------------------------------------------XXX--XXXX-------
(F)mario-6-3_16,------------------------------------------------------------------------oo----------------------------------------------XXX------------------------------------------------------XXXX------XXXXX------------------------------------------------XX--XXXX--------
(F)mario-6-3_17,-----------------------------------------------------------------------oo----------------------------------------------XXX------------------------------------------------------XXXX------XXXXX-------------------------------------------------X--XXXX---------
(F)mario-6-3_18,----------------------------------------------------------------------oo----------------------------------------------XXX-------------------------------------------------------XXX------XXXXX----------------------------------------------------XXXX---------X
(F)mario-6-3_19,---------------------------------------------------------------------oo----------------------------------------------XXX--------------------------------------------------------XX------XXXXX----------------------------------------------------XXXX---------XX
(F)mario-6-3_20,--------------------------------------------------------------------oo----------------------------------------------XXX---------------------------------------------------------X------XXXXX----------------------------------------------------XXXX---------XXX
(F)mario-6-3_21,-------------------------------------------------------------------oo----------------------------------------------XXX---------X------------------------------------------------------XXXXX-----------------------------------------------------XXX---------XXXX
(F)mario-6-3_22,------------------------------------------------------------------oo----------------------------------------------XXX---------XX-----------------------------------------------------XXXXX------------------------------------------------------XX---------XXXX-
(F)mario-6-3_23,-----------------------------------------------------------------oo----------------------------------------------XXX---------XX-----------------------------------------------------XXXXX-------------------------------------------------------X---------XXXX--
(F)mario-6-3_24,----------------------------------------------------------------oo---------------------------------------------oXXX---------XX-----------------------------------------------------XXXXX-----------------------------------------------------------------XXXX--X
(F)mario-6-3_25,----------------------------------------------------------------o---------------------------------------------ooXX---------XX-----------------------------------------------------XXXXX-----------------------------------------------------------------XXXX--XX
(F)mario-6-3_26,-------------------------------------------------------------------------------------------------------------oooX---------XX-----------------------------------------------------XXXXX-----------------------------------------------------------------XXXX--XXX
(F)mario-6-3_27,------------------------------------------------------------------------------------------------------------oooo---------XX------------------------------------X----------------XXXXX-----------------------------------------------------------------XXXX--XXXX
(F)mario-6-3_28,-----------------------------------------------------------------------------------------------------------ooooo--------XX------------------------------------XX----------------XXXX-----------------------------------------------------------------XXXX--XXXX-
(F)mario-6-3_29,----------------------------------------------------------------------------------------------------------oooooo-------XX------------------------------------XX-----------------XXX-----------------------------------------------------------------XXXX--XXXX--
(F)mario-6-3_30,---------------------------------------------------------------------------------------------------------ooooooo------XX------------------------------------XX------------------XX---------------------------------------------X-------------------XXXX--XXXX---
(F)mario-6-3_31,--------------------------------------------------------------------------------------------------------ooooooo------XX------------------------------------XX-------------------X---------------------------------------------XX------------------XXXX--XXXX----
(F)mario-6-3_32,-------------------------------------------------------------------------------------------------------ooooooo------XX------------------------------------XX-----------------------------------------------------------------XXX-----------------XXXX--XXXX-----
(F)mario-6-3_33,------------------------------------------------------------------------------------------------------ooooooo------XX------------------------------------XX-----------------------------------------------------------------XXXX----------------XXXX--XXXX------
(F)mario-6-3_34,-----------------------------------------------------------------------------------------------------ooooooo------XX---------------------------X--------XX-----------------------------------------------------------------XXXXX----------------XXX--XXXX-------
(F)mario-6-3_35,----------------------------------------------------------------------------------------------------ooooooo------XX---------------------------XX-------XX-----------------------------------------------------------------XXXXX-----------------XX--XXXX--------
(F)mario-6-3_36,-----------------------------------------------------------------------------------------------Q---ooooooo------XX---------------------------XX-------XX-----------------------------------------------------------------XXXXX------------------X--XXXX---------
(F)mario-6-3_37,----------------------------------------------------------------------------------------------Q---ooooooo-------X---------------------------XX-------XX-----------------------------------------------------------------XXXXX---------------------XXXX----------
(F)mario-6-3_38,---------------------------------------------------------------------------------------------Q---ooooooo-----------------------------------XX-------XX-----------------------------------------------------------------XXXXX---------------------XXXX-----------
(F)mario-6-3_39,--------------------------------------------------------------------------------------------Q---ooooooo-----------------------------------XX-------XX-----------------------------------------------------------------XXXXX---------------------XXXX------------
(F)mario-6-3_40,-------------------------------------------------------------------------------------------Q----oooooo-----------------------------------XX-------XX-----------------------------------------------------------------XXXXX----------------------XXX-------------
(F)mario-6-3_41,------------------------------------------------------------------------------------------Q-----ooooo----------X------------------------XX-------XX-----------------------------------------------------------------XXXXX-----------------------XX--------------
(F)mario-6-3_42,-----------------------------------------------------------------------------------------Q------oooo----------XX-----------------------XX-------XX-----------------------------------------------------------------XXXXX------------------------X---------------
(F)mario-6-3_43,----------------------------------------------------------------------------------------Q-------ooo----------XXX----------------------XX--------X-----------------------------------------------------------------XXXXX-----------------------------------------
(F)mario-6-3_44,---------------------------------------------------------------------------------------Q--------oo----------XXX----------------------XX--------------------------------------------------------------------------XXXXX------------------------------------------
(F)mario-6-3_45,--------------------------------------------------------------------------------------Q---------o----------XXX----------------------XX--------------------------------------------------------------------------XXXXX-------------------------------------------
(F)mario-6-3_46,-------------------------------------------------------------------------------------Q--------------------XXX----------------------XX----------------------------------------------------------X----------------XXXX--------------------------------------------
(F)mario-6-3_47,------------------------------------------------------------------------------------Q--------------------XXX----------------------XX----------------------------------------------------------XX----------------XXX---------------------------------------------
(F)mario-6-3_48,-----------------------------------------------------------------------------------Q--------------------XXX----------------------XX----------------------------------------------------------XXX----------------XX----------------------------------------------
(F)mario-6-3_49,----------------------------------------------------------------------------------Q--------------------XXX----------------------XX----------------------------------------------------------XXXX----------------X-----------------------------------------------
(F)mario-6-3_50,---------------------------------------------------------------------------------Q--------------------XXX-----------------------X----------------------------------------------------------XXXXX----------------------------------------------------------------
(F)mario-6-3_51,--------------------------------------------------------------------------------Q--------------------XXX----------------------------------------------------------------------------------XXXXXX----------------------------------------------------------------
(F)mario-6-3_52,----------------------------------------------------------------------------------------------------XXX------------------------X---------------------------------------------------------XXXXXX-----------------------------------------------------------------
(F)mario-6-3_53,---------------------------------------------------------------------------------------------------XXX------------------------XX--------------------------------------------------------XXXXXX------------------------------------------------------------------
(F)mario-6-3_54,--------------------------------------------------------------------------------------------------XXX------------------------XXo-------------------------------------------------------XXXXXX-------------------------------------------------------------------
(F)mario-6-3_55,-------------------------------------------------------------------------------------------------XXX------------------------XXoo------------------------------------------------------XXXXXX--------------------------------------------------------------------
(F)mario-6-3_56,------------------------------------------------------------------------------------------------XXX------------------------XXoo------------------------------------------------------XXXXXX----X----------------------------------------------------------------
(F)mario-6-3_57,------------------------------------------------------------------------------------------------XX------------------------XXoo------------------------------------------------------XXXXXX----XX----------------------------------------------------------------
(F)mario-6-3_58,------------------------------------------------------------------------------------------------X------------------------XXoo------------------------------------------------------XXXXXX----XX-----------------------------------------------------------------
(F)mario-6-3_59,------------------------------------------------------------------------------------------------------------------------XXoo------------------------------------------------------XXXXXX----XX------------------------------------------------------------------
(F)mario-6-3_60,-----------------------------------------------------------------------------------------------------------------------XXoo----X-------------------------------------------------XXXXXX----XX-------------------------------------------------------------------
(F)mario-6-3_61,----------------------------------------------------------------------------------------------------------------------XXoo----XX------------------------------------------------XXXXXX----XX--------------------------------------------------------------------
(F)mario-6-3_62,---------------------------------------------------------------------------------------------------------------------XXoo----XX-------------------------------------------------XXXXX----XX---------------------------------------------------------------------
(F)mario-6-3_63,--------------------------------------------------------------------------------------------------------------------XXoo----XX--------------------------------------------------XXXX----XX-----X----------------------------------------------------------------
(F)mario-6-3_64,-------------------------------------------------------------------------------------------------------------------XXoo----XX---------------------------------------------------XXX----XX-----XX----------------------------------------------------------------
(F)mario-6-3_65,------------------------------------------------------------------------------------------------------------------XXoo----XX----------------------------------------------------XX----XX-----XX-----------------------------------------------------------------
(F)mario-6-3_66,-------------------------------------------------------------------------------o---------------X-----------------XXoo----XX-----------------------------------------------------X----XX-----XX-----------------X------------------------------------------------
(F)mario-6-3_67,------------------------------------------------------------------------------oo--------------XX----------------XXoo----XX----------------------------------------------------------XX-----XX-----------------XX------------------------------------------------
(F)mario-6-3_68,-----------------------------------------------------------------------------ooo-------------XXX----------------Xoo----XX----------------------------------------------------------XX-----XX-----------------XXX------------------------------------------------
(F)mario-6-3_69,----------------------------------------------------------------------------ooo-------------XXXX----------------oo----XX----------------------------------------------------------XX-----XX-----------------XXXX------------------------------------------------
(F)mario-6-3_70,---------------------------------------------------------------------------ooo-------------XXXX-----------------o----XX----------------------------------------------------------XX-----XX-----------------XXXXX------------------------------------------------
(F)mario-6-3_71,--------------------------------------------------------------------------ooo-------------XXXX----------------------XX---------------------------------------------------------XXX-----XX-----------------XXXXXX------------------------------------------------
(F)mario-6-3_72,-------------------------------------------------------------------------ooo-------------XXXX----------------------XX---------------------------------------------------------XXX-----XX-----------------XXXXXX-------------------------------------------------
(F)mario-6-3_73,------------------------------------------------------------------------ooo-------------XXXX----------------------XX---------------------------------------------------------XXX-----XX-----------------XXXXXX--------------------------------------------------
(F)mario-6-3_74,-----------------------------------------------------------------------ooo-------------XXXX----------------------XX---------------------------------------------------------XXXX----XX-----------------XXXXXX--------------------------------------------------X
(F)mario-6-3_75,----------------------------------------------------------------------ooo-------------XXXX----------------------XX---------------------------------------------------------XXXX----XX-----------------XXXXXX--------------------------------------------------XX
(F)mario-6-3_76,---------------------------------------------------------------------ooo-------------XXXX-----------------------X---------------------------------------------------------XXXX----XX-----------------XXXXXX--------------------------------------------------XXX
(F)mario-6-3_77,--------------------------------------------------------------------ooo-------------XXXX---------------------------------------------------------------------------------XXXX----XX-----------------XXXXXX--------------------------------------------------XXXX
(F)mario-6-3_78,-------------------------------------------------------------------ooo-------------XXXX---------------------------------------------------------------------------------XXXX----XX-----------------XXXXXX--------------------------------------------------XXXXX
(F)mario-6-3_79,------------------------------------------------------------------ooo-------------XXXX---------------------------------------------------------------------------------XXXX-----X-----------------XXXXXX--------------------------------------------------XXXXXX
(F)mario-6-3_80,-----------------------------------------------------------------ooo-------------XXXX---------------------------------------------------------------------------------XXXX-----------------------XXXXXX--------------------------------------------------XXXXXXX
(F)mario-6-3_81,----------------------------------------------------------------ooo-------------XXXX---------------------------------------------------------------------------------XXXX------o----------------XXXXXX--------------------------------------------------XXXXXXXX
(F)mario-6-3_82,----------------------------------------------------------------oo--------------XXX---------------------------------------------------------------------------------XXXX------oo----------------XXXXX--------------------------------------------------XXXXXXXXX
(F)mario-6-3_83,----------------------------------------------------------------o---------------XX---------------------------------------------------------------------------------XXXX------ooo----------------XXXX--------------------------------------------------XXXXXXXXX-
(F)mario-6-3_84,--------------------------------------------------------------------------------X---------------------------------------------------------------------------------XXXX------oooo----------------XXX--------------------------------------------------XXXXXXXXX-X
(F)mario-6-3_85,-----------------------------------------------------------------------------------------------------------------------------------------------------------------XXXX------oooo-----------------XX--------------------------------------------------XXXXXXXXX-XX
(F)mario-6-3_86,----------------------------------------------------------------------------------------------------------------------------------------------------------------XXXX------oooo------------------X--------------------------------------------------XXXXXXXXX-XXX
(F)mario-6-3_87,----------------------------------------------------------------------------------------------------------------------------------------------------------------XXX------oooo---------------------------------------------------------------------XXXXXXXXX-XXXX
(F)mario-6-3_88,----------------------------------------------------------------------------------------------------------------------------------------------------------------XX------oooo-------------------X-------------------------------------------------XXXXXXXXX-XXXX-
(F)mario-6-3_89,----------------------------------------------------------------------------------------------------------------------------------------------------------------X------oooo-------------------XX------------------------------------------------XXXXXXXXX-XXXX--
(F)mario-6-3_90,----------------------------------------------------------------------------------------------------------------------------------------------------------------------oooo-------------------XXX------------------------------------------------XXXXXXXX-XXXX---
(F)mario-6-3_91,---------------------------------------------------------------------------------------------------------------------------------------------------------------------oooo-------------------XXXX------------------------------------------------XXXXXXX-XXXX----
(F)mario-6-3_92,--------------------------------------------------------------------------------------------------------------------------------------------------------------------oooo-------------------XXXXX------------------------------------------------XXXXXX-XXXX-----
(F)mario-6-3_93,-------------------------------------------------------------------------------------------------------------------------------------------------------------------oooo-------------------XXXXXX------------------------------------------------XXXXX-XXXX------
(F)mario-6-3_94,------------------------------------------------------------------------------------------------------------------------------------------------------------------oooo-------------------XXXXXX-------------------------------------------------XXXX-XXXX------X
(F)mario-6-3_95,-----------------------------------------------------------------------------------------------------------------------------------------------------------------oooo-------------------XXXXXX--------------------------------------------------XXX-XXXX------XX
(F)mario-6-3_96,----------------------------------------------------------------------------------------------------------------------------------------------------------------oooo-------------------XXXXXX---------------------------------------------------XX-XXXX------XXX
(F)mario-6-3_97,----------------------------------------------------------------------------------------------------------------------------------------------------------------ooo-------------------XXXXXX----------------------------------------------------X-XXXX------XXXX
(F)mario-6-3_98,----------------------------------------------------------------------------------------------------------------------------------------------------------------oo-------------------XXXXXX------------------------------------------------------XXXX------XXXXX
(F)mario-6-3_99,----------------------------------------------------------------------------------------------------------------------------------------------------------------o-------------------XXXXXX------------------------------------------------------XXXX------XXXXXX
(F)mario-6-3_100,-----------------------------------------------------------------------------------------------------------------------------------------------------------------------------------XXXXXX-------------------------------------------------------XXX------XXXXXX-
(F)mario-6-3_101,-------------------------------------------------------------------------------------------------------------------------------X--------------------------------------------------XXXXXX--------------------------------------------------------XX------XXXXXX--
(F)mario-6-3_102,------------------------------------------------------------------------------------------------------------------------------XX-------------------------------------------------XXXXXX---------------------------------------------------------X------XXXXXX---
(F)mario-6-3_103,-----------------------------------------------------------------------------------------------------------------------------XXX------------------------------------------------XXXXXX----------------------------------------------------------------XXXXXX----
(F)mario-6-3_104,----------------------------------------------------------------------------------------------------------------------------XXX-------------------------------------------------XXXXX----------------------------------------------------------------XXXXXX----X
(F)mario-6-3_105,---------------------------------------------------------------------------------------------------------------------------XXX--------------------------------------------------XXXX----------------------------------------------------------------XXXXXX----XX
(F)mario-6-3_106,--------------------------------------------------------------------------------------------------------------------------XXX---------------------------------------------------XXX----------------------------------------------------------------XXXXXX----XXX
(F)mario-6-3_107,-------------------------------------------------------------------------------------------------------------------------XXX----------------------------------------------------XX----------------------------------------------------------------XXXXXX----XXXX
(F)mario-6-3_108,------------------------------------------------------------------------------------------------------------------------XXX--------------------X--------------------------------X----------------------------------------------------------------XXXXXX----XXXX-
(F)mario-6-3_109,-----------------------------------------------------------------------------------------------------------------------XXX-----o--------------XX------------------------------------------------------------------------------------------------XXXXXX----XXXX--
(F)mario-6-3_110,----------------------------------------------------------------------------------------------------------------------XXX-----oo-------------XX-------------------------------------------------------------------------------------------------XXXXX----XXXX---
(F)mario-6-3_111,---------------------------------------------------------------------------------------------------------------------XXX-----oo-------------XX-------------------------------------------------X------------------------------------------------XXXX----XXXX----
(F)mario-6-3_112,--------------------------------------------------------------------------------------------------------------------XXX-----oo-------------XX-------------------------------------------------XX------------------------------------------------XXX----XXXX-----
(F)mario-6-3_113,-------------------------------------------------------------------------------------------------------------------XXX-----oo--X----------XX-------------------------------------------------XX-------------------------------------------------XX----XXXX-----X
(F)mario-6-3_114,------------------------------------------------------------------------------------------------------------------XXX-----oo--XX---------XX-------------------------------------------------XX--------------------------------------------------X----XXXX-----XX
(F)mario-6-3_115,-----------------------------------------------------------------------------------------------------------------XXX-----oo--XXX--------XX-------------------------------------------------XX-------------------------------------------------------XXXX-----XXX
(F)mario-6-3_116,----------------------------------------------------------------------------------------------------------------XXX-----oo--XXXX-------XX-------------------------------------------------XX---X---------------------------------------------------XXXX-----XXXX
(F)mario-6-3_117,----------------------------------------------------------------------------------------------------------------XX-----oo--XXXX-------XX-------------------------------------------------XX---XX--------------------------------------------------XXXX-----XXXX-
(F)mario-6-3_118,----------------------------------------------------------------------------------------------------------------X-----oo--XXXX-------XX-------------------------------------------------XX---XXX-------------------------------------------------XXXX-----XXXX--
(F)mario-6-3_119,---------------------------------------------------------------------------------------------------------------------oo--XXXX-------XX-------------------------------------------------XX---XXXX------------------------------------------------XXXX-----XXXX---
(F)mario-6-3_120,--------------------------------------------------------------------------------------------------------------------oo--XXXX-------XX-------------------------------------------------XX---XXXXX------------------------------------------------XXX-----XXXX----
(F)mario-6-3_121,-------------------------------------------------------------------------------------------------------------------oo--XXXX-------XX-------------------------------------------------XX---XXXXX-------------------------------------------------XX-----XXXX-----
(F)mario-6-3_122,------------------------------------------------------------------------------------------------------------------oo--XXXX-------XX----------------------------X--------------------XX---XXXXX--------------------------------------------------X-----XXXX------
(F)mario-6-3_123,-----------------------------------------------------------------------------------------------------------------oo--XXXX-------XX----------------------------XX-------------------XX---XXXXX--------------------------------------------------------XXXX-------
(F)mario-6-3_124,----------------------------------------------------------------------------------------------------------------oo--XXXX--------X----------------------------XXX------------------XX---XXXXX--------------------------------------------------------XXXX--------
(F)mario-6-3_125,----------------------------------------------------------------------------------------------------------------o--XXXX-------------------------------------XXX------------------XX---XXXXX--------------------------------------------------------XXXX---------
(F)mario-6-3_126,------------------------------------------------------------------------------------------------------------------XXXX-------------------------X-----------XXX-o----------------XX---XXXXX--------------------------------------------------------XXXX----------
(F)mario-6-3_127,-----------------------------------------------------------------------------------------------------------------XXXX-------------------------XX----------XXX-oo----------------X---XXXXX--------------------------------------------------------XXXX-----------
(F)mario-6-3_128,----------------------------------------------------------------------------------------------------------------XXXX-------------------------XXX---------XXX-oo--------------------XXXXX--------------------------------------------------------XXXX------------
(F)mario-6-3_129,----------------------------------------------------------------------------------------------------------------XXX-------------------------XXX---------XXX-oo--------------------XXXXX---------------------------------------------------------XXX-------------
(F)mario-6-3_130,----------------------------------------------------------------------------------------------------------------XX-------------------------XXX---------XXX-oo------------------X-XXXXX----------------------------------------------------------XX--------------
(F)mario-6-3_131,----------------------------------------------------------------------------------------------------------------X-------------------------XXX---------XXX-oo------------------XXXXXXX-----------------------------------------------------------X---------------
(F)mario-6-3_132,-----------------------------------------------------------------------------------------------------------------------------------------XXX---------XXX-oo------------------XXXXXXX----------------------------------------------------------------------------
(F)mario-6-3_133,----------------------------------------------------------------------------------------------------------------------------------------XXX---------XXX-oo------------------XXX-XXX-----------------------------------------------------------------------------
(F)mario-6-3_134,---------------------------------------------------------------------------------------------------------------------------------------XXX---------XXX-oo------------------XXX--XX------------------------------------------------------------------------------
(F)mario-6-3_135,-----------------------------------------------------------------------------------------------o--------------------------------------XXX---------XXX-oo------------------XXX---X-------------------------------------------------------------------------------
(F)mario-6-3_136,----------------------------------------------------------------------------------------------oo-------------------------------------XXX---------XXX-oo------------------XXX------------------------------------------------------------------------------------
(F)mario-6-3_137,---------------------------------------------------------------------------------------------oo--------------------------------X----XXX---------XXX-oo------------------XXX-------------------------------------------------------------------------------------
(F)mario-6-3_138,--------------------------------------------------------------------------------------------oo--------------------------------XX---XXX----------XX-oo------------------XXX--------------------------------------------------------------------------------------
(F)mario-6-3_139,-------------------------------------------------------------------------------------------oo--------------------------------XXX--XXX-----------X-oo------------------XXX---------------------------------------------------------------------------------------
(F)mario-6-3_140,------------------------------------------------------------------------------------------oo--------------------------------XXXX-XXX-------------oo------------------XXX----------------------------------------------------------------------------------------
(F)mario-6-3_141,-----------------------------------------------------------------------------------------oo--------------------------------XXXX-XXX-------------oo------------------XXX----------------------------------------------------------------------------------------X
(F)mario-6-3_142,----------------------------------------------------------------------------------------oo--------------------------------XXXX--XX--------------o------------------XXX----------------------------------------------------------------------------------------XX
(F)mario-6-3_143,---------------------------------------------------------------------------------------oo--------------------------------XXXX---X---------------------------------XXX----------------------------------------------------------------------------------------XXX
(F)mario-6-3_144,--------------------------------------------------------------------------------------oo--------------------------------XXXX-------------------------------------XXX----------------------------------------------------------------------------------------XXXX
(F)mario-6-3_145,-------------------------------------------------------------------------------------oo--------------------------------XXXX-------------------------------------XXX----------------------------------------------------------------------------------------XXXXX
(F)mario-6-3_146,------------------------------------------------------------------------------------oo--------------------------------XXXX--------------------------------------XX----------------------------------------------------------------------------------------XXXXXX
(F)mario-6-3_147,-----------------------------------------------------------------------------------oo--------------------------------XXXX---------------------------------------X----------------------------------------------------------------------------------------XXXXXXX
(F)mario-6-3_148,-------------------------------------------------------------------------------E--oo--------------------------------XXXX-----------------------------------------------------------------------------------------------------------------------X--------XXXXXXXX
(F)mario-6-3_149,------------------------------------------------------------------------------E--oo--------------------------------XXXX-----------------------------------------------------------------------------------------------------------------------XX-------XXXXXXXXX
(F)mario-6-3_150,-----------------------------------------------------------------------------E--oo--------------------------------XXXX-----------------------------------------------------------------------------------------------------------------------XX-------XXXXXXXXXX
(U)mario-1-2_1,----------------------------------------------------------------S-----SSSSSSSSSSS---------------S---------------S---------------S---------------S---------------S---------------S---------QQQQQ-S---------------S---------------S-------------EEXXXXXXXXXXXXXXXX
(U)mario-1-2_2,---------------------------------------------------------------------SSSSSSSSSSS---------------------------------------------------------------------------------------------------------QQQQQ-----------------------------------------------EE-XXXXXXXXXXXXXXXX
(U)mario-1-2_3,--------------------------------------------------------------------SSSSSSSSSSSS--------------------------------------------------------------------------------------------------------QQQQQ-----------------------------------------------EE-XXXXXXXXXXXXXXXXX
(U)mario-1-2_4,-------------------------------------------------------------------SSSSSSSSSSSSS-------------------------------------------------------------------------------------------------------QQQQQ-----------------------------------------------EE-XXXXXXXXXXXXXXXXXX
(U)mario-1-2_5,------------------------------------------------------------------SSSSSSSSSSSSSS------------------------------------------------------------------------------------------------------QQQQQ------------------------------------X----------EE-XXXXXXXXXXXXXXXXXXX
(U)mario-1-2_6,-----------------------------------------------------------------SSSSSSSSSSSSSSS-----------------------------------------------------------------------------------------------------QQQQQ------------------------------------XX---------EE-XXXXXXXXXXXXXXXXXXXX
(U)mario-1-2_7,----------------------------------------------------------------SSSSSSSSSSSSSSSS----------------------------------------------------------------------------------------------------QQQQQ----------------------X-------------XXX--------EE-XXXXXXXXXXXXXXXXXXXXX
(U)mario-1-2_8,----------------------------------------------------------------SSSSSSSSSSSSSSSS---------------------------------------------------------------------------------------------------QQQQQ----------------------XX------------XXXX-------EE-XXXXXXXXXXXXXXXXXXXXXX
(U)mario-1-2_9,----------------------------------------------------------------SSSSSSSSSSSSSSSS--------------------------------------------------------------------------------------------------QQQQQ--------X-------------XXX-----------XXXXX------EE-XXXXXXXXXXXXXXXXXXXXXXX
(U)mario-1-2_10,----------------------------------------------------------------SSSSSSSSSSSSSSSS-------------------------------------------------------------------------------------------------QQQQQ--------XX------------XXXX----------XXXXXX-----EE-XXXXXXXXXXXXXXXXXXXXXXXX
(U)mario-1-2_11,----------------------------------------------------------------SSSSSSSSSSSSSSSS------------------------------------------------------------------------------------------------QQQQQ--------XXX-----------XXXXX---------XXXXXXX----EE-XXXXXXXXXXXXXXXXXXXXXXXXX
(U)mario-1-2_12,----------------------------------------------------------------SSSSSSSSSSSSSSSS------------------------------------------------------------------------------------------------QQQQ--------XXXX----------XXXXXX--------XXXXXXXX---EE-XXXXXXXXXXXXXXXXXXXXXXXXXX
(U)mario-1-2_13,----------------------------------------------------------------SSSSSSSSSSSSSSSS------------------------------------------------------------------------------------------------QQQ--------XXXX----------XXXXXXX-------XXXXXXXXX--EE-XXXXXXXXXXXXXXXXXXXXXXXXXXX
(U)mario-1-2_14,----------------------------------------------------------------SSSSSSSSSSSSSSSS------------------------------------------------------------------------------------------------QQ--------XXXX----------XXXXXXXX------XXXXXXXXXX-EE-XXXXXXXXXXXXXXXXXXXXXXXXXXXX
(U)mario-1-2_15,----------------------------------------------------------------SSSSSSSSSSSSSSSS-----------------------------------------------------------------------------------------------SQ--------XXXX----------XXXXXXXX------XXXXXXXXXX-EE-XXXXXXXXXXXXEXXXXXXXXXXXXXXXX
(U)mario-1-2_16,----------------------------------------------------------------SSSSSSSSSSSSSSSS---------------------------------------------------------------o------------------------------S---------XXXX----------XXXXXXXX------XXXXXXXXXX--E-XXXXXXXXXXXXE-XXXXXXXXXXXXXXXX
(U)mario-1-2_17,----------------------------------------------------------------SSSSSSSSSSSSSSSS--------------------------------------------------------------o------------------------------S---------XXXX----------XXXXXXXX--X---XXXXXXXXXX--X-XXXXXXXXXXXXE-XXXXXXXXXXXXXXXXX
(U)mario-1-2_18,----------------------------------------------------------------SSSSSSSSSSSSSSSS-------------------------------------------------------------o------------------------------S---------XXXX----------XXXXXXXX--XX--XXXXXXXXXX--XXXXXXXXXXXXXXE-XXXXXXXXXXXXXXXXXX
(U)mario-1-2_19,----------------------------------------------------------------SSSSSSSSSSSSSSSS------------------------------------------------------------o------------------------------S---------XXXX----------XXXXXXXX--XX--XXXXXXXXXX--XXXXXXXXXXXXXXE-XXXXXXXXXXXXXXXXXXX
(U)mario-1-2_20,----------------------------------------------------------------SSSSSSSSSSSSSSSS-----------------------------------------------------------o------------------------------S---------XXXX----------XXXXXXXX--XX--XXXXXXXXXX--XXXXXXXXXXXXXXE-XXXXXXXXXXXXXXXXXXXX
(U)mario-1-2_21,----------------------------------------------------------------SSSSSSSSSSSSSSSS----------------------------------------------------------o------------------------------S---------XXXX----------XXXXXXXX--XX---XXXXXXXXX--XXXX-XXXXXXXXXE-XXXX-XXXXXXXXXXXXXXXX
(U)mario-1-2_22,----------------------------------------------------------------SSSSSSSSSSSSSSSS---------------------------------------------------------o------------------------------S---------XXXX----------XXXXXXXX--XX----XXXXXXXX--XXXX--XXXXXXXXE-XXXX--XXXXXXXXXXXXXXXX
(U)mario-1-2_23,----------------------------------------------------------------SSSSSSSSSSSSSSSS--------------------------------------------------------o------------------------------S---------XXXX-----------XXXXXXX--XX-----XXXXXXX--XXXX---XXXXXXXE-XXXX---XXXXXXXXXXXXXXXX
(U)mario-1-2_24,----------------------------------------------------------------SSSSSSSSSSSSSSSS-------------------------------------------------------o------------------------------S---------XXXX------------XXXXXX--XX------XXXXXX--XXXX----XXXXXXE-XXXX----XXXXXXXXXXXXXXXX
(U)mario-1-2_25,----------------------------------------------------------------SSSSSSSSSSSSSSSS------------------------------------------------------o------------------------S-----S---------SXXX------------SXXXXX--XX-------XXXXX--XXXX-----XXXXXE-XXXX-----XXXXXXXXXXXXXXXX
(U)mario-1-2_26,----------------------------------------------------------------SSSSSSSSSSSSSSSS-----------------------------------------------------o------------------------S-----S---------SoXX------------SSXXXX--XX--------XXXX--XXXX------XXXXE-XXXX------XXXXXXXXXXXXXXXX
(U)mario-1-2_27,----------------------------------------------------------------SSSSSSSSSSSSSSSS-----------------------------------------------o----o------------------------S-S---S---------SoSX------------SSSXXX--XX---------XXX--XXXX-------XXXE-XXXX-------XXXXXXXXXXXXXXXX
(U)mario-1-2_28,----------------------------------------------------------------SSSSSSSSSSSSSSSS----------------------------------------------oo---o------------------------S-SS--S---------SoS-------------SSS-XX--XX----------XX--XXXX--------XXE-XXXX-------EXXXXXXXXXXXXXXXX
(U)mario-1-2_29,----------------------------------------------------------------SSSSSSSSSSSSSSSS---------------------------------------------ooo--o------------------------S-SSS-S---------SoS-------------SSS--X--XX-----------X--XXXX---------XE-XXXX-------EEXXXXXXXXXXXXXXXX
(U)mario-1-2_30,----------------------------------------------------------------SSSSSSSSSSSSSSSS--------------------------------------------oooo-o------------------------S-SSSSS---------SoS--S----------SSS--S--XX--------------XXXX----------E-XXXX-------EE-XXXXXXXXXXXXXXXX
(U)mario-1-2_31,----------------------------------------------------------------SSSSSSSSSSSSSSSS-------------------------------------------oooo-o------------------------S-SSSS----------SoS--So---------SSS--SS-XX--------------XXXX------------XXXX-------EE--XXXXXXXXXXXXXXXX
(U)mario-1-2_32,----------------------------------------------------------------SSSSSSSSSSSSSSSS------------------------------------------oooo--------------------------S-SSSS-S--------SoS--SoS--------SSS--SSSXX--------------XXXX------------XXXX-------EE---XXXXXXXXXXXXXXXX
(U)mario-1-2_33,----------------------------------------------------------------SSSSSSSSSSSSSSSS-----------------------------------------oooo--------------------------S-SSSS-S--------SoS--SoS--------SSS--SSS-X---------------XXX-------------XXX-------EE----XXXXXXXXXXXXXXXX
(U)mario-1-2_34,----------------------------------------------------------------SSSSSSSSSSSSSSSS----------------------------------------oooo--------------------------S-SSSS-S--------SoS--SoS--------SSS--SSS------------------XX--------------XX-------EE-----XXXXXXXXXXXXXXXX
(U)mario-1-2_35,----------------------------------------------------------------SSSSSSSSSSSSSSSS---------------------------------------oooo--------------------------S-SSSS-S--------SoS--SoS--------SSS--SSS-------------------X---------------X-------EE------XXXXXXXXXXXXXXXX
(U)mario-1-2_36,----------------------------------------------------------------SSSSSSSSSSSSSSSS--------------------------------------oooo--------------------------S-SSSS-S--------SoS--SoS--------SSS--SSS-------------------------------------------EE-------XXXXXXXXXXXXXXXX
(U)mario-1-2_37,----------------------------------------------------------------SSSSSSSSSSSSSSSS-------------------------------------oooo--------------------------S-SSSS-S--------SoS--SoS--------SSS--SSS-------------------------------------------EE--------XXXXXXXXXXXXXXXX
(U)mario-1-2_38,----------------------------------------------------------------SSSSSSSSSSSSSSSS------------------------------------oooo-------S---------------S--S-SSSS-S-----S--SoS--SoS-----S--SSS--SSS-----S-------------------------------------EE---------XXXXXXXXXXXXXXXX
(U)mario-1-2_39,----------------------------------------------------------------SSSSSSSSSSSSSSSS-----------------------------------oooo-------SS--------------SS-S-SSSS-S-----SS-SoS--SoS-----SS-SSS--SSS-----SS------------------------------------EE---------EXXXXXXXXXXXXXXXX
(U)mario-1-2_40,----------------------------------------------------------------SSSSSSSSSSSSSSSS---------------S---------------S--oooo-------SS--------------SS-S-SSSS-S-----SS-SoS--SoS-----SS-SSS--SSS-----SSS---------------S---------------S---EE---------E-XXXXXXXXXXXXXXXX
(U)mario-1-2_41,----------------------------------------------------------------SSSSSSSSSSSSSSSS--------------SS--------------SS-oooo-------SS--------------SS---SSSS-S-----SS--oS--SoS-----SS--SS--SSS-----SSSS--------------SS--------------SS--EE---------E--XXXXXXXXXXXXXXXX
(U)mario-1-2_42,----------------------------------------------------------------SSSSSSSSSSSSSSSS-------------SS--------------SS-oooo-------SS--------------SS---SSSS-S-----SS---S--SoS-----SS---S--SSS-----SSSS--------------SS--------------SS--EE---------E---XXXXXXXXXXXXXXXX
(U)mario-1-2_43,----------------------------------------------------------------SSSSSSSSSSSSSSSS------------SS--------------SS--ooo-------SS--------------SS----SSS-S-----SS------SoS-----SS------SSS-----SSSS--------------SS--------------SS--EE---------E----XXXXXXXXXXXXXXXX
(U)mario-1-2_44,----------------------------------------------------------------SSSSSSSSSSSSSSSS-----------SS--S-----------SS--Soo-------SS--------------SS-----SS-S-----SS------SoS-----SS----o-SSS-----SSSS--S-----------SS--------------SS---E---------E-----XXXXXXXXXXXXXXXX
(U)mario-1-2_45,----------------------------------------------------------------SSSSSSSSSSSSSSSS----------SS--SS----------SS--SSo-------SS--------------SS------S-S-----SS------SoS-----SS----ooSSS-----SSSS--SS----------SS--------------SS-------------E------XXXXXXXXXXXXXXXX
(U)mario-1-2_46,----------------------------------------------------------------SSSSSSSSSSSSSSSS---------SS--SSS---------SS--SSS-------SS--------------SS--------S-----SS-------oS-----SS----oooSS-----SSSS--SSS---------SS--------------SS-------------E------EXXXXXXXXXXXXXXXX
(U)mario-1-2_47,----------------------------------------------------------------SSSSSSSSSSSSSSSS--------SS--SSSS--------SS--SSSS------SS--------------SS--------S-----SS--------S-----SS----ooooS-----SSSS--SSSS--------SS--------------SS-------------E------E-XXXXXXXXXXXXXXXX
(U)mario-1-2_48,----------------------------------------------------------------SSSSSSSSSSSSSSSS-------SS--SSSSS-------SS--SSSSS-----SS--------S-----SS--------S-----SS--------S-----SS----ooooS-----SSSS--SSSSS-------SS--------------SS-------------E------E--XXXXXXXXXXXXXXXX
(U)mario-1-2_49,----------------------------------------------------------------SSSSSSSSSSSSSSSS------SS--SSSSSS------SS--SSSSSS----SS--------SS----SS--------SS----SS--------SS----SS----ooooSS----SSSS--SSSSSS------SS--------------SS-------------E------E--EXXXXXXXXXXXXXXXX
(U)mario-1-2_50,----------------------------------------------------------------SSSSSSSSSSSSSSSS-----SS--SSSSSS------SS--SSSSSS----SS--------SS----SS--------SS----SS--------SS----SS----ooooSS----SSSS--SSSSSS------SS--------------SS-------------E------E--E-XXXXXXXXXXXXXXXX
(U)mario-1-2_51,----------------------------------------------------------------SSSSSSSSSSSSSSSS----SS--SSSSSS------SS--SSSSSS----SS--------SS----SS--------SS----SS--------SS----SS----ooooSS----SSSS--SSSSSS------SS--------------SS-------------E------E--E--XXXXXXXXXXXXXXXX
(U)mario-1-2_52,----------------------------------------------------------------SSSSSSSSSSSSSSSS---SS--SSSSSS--S---SS--SSSSSS--S-SS--------SS----SS--------SS----SS--------SS----SS----ooooSS----SSSS--SSSSSS------SS--------------SS-------------E------E--E---XXXXXXXXXXXXXXXX
(U)mario-1-2_53,----------------------------------------------------------------SSSSSSSSSSSSSSSS--SS--SSSSSS--SS--SS--SSSSSS--SSSS--------SS---SSS--------SS---SSS--------SS---SSS----ooooSS---SSSSS--SSSSSS---S--SS--------------SS-------------E------E--E----XXXXXXXXXXXXXXXX
(U)mario-1-2_54,----------------------------------------------------------------SSSSSSSSSSSSSSSS-SS--SSSSSS--SSS-SS--SSSSSS--SSSS--------SS---S-S--------SS---S-S--------SS---S-S----ooooSS---SoSSS--SSSSSS---SS-SS--------------SS-------------E------E--E-----XXXXXXXXXXXXXXXX
(U)mario-1-2_55,----------------------------------------------------------------SSSSSSSSSSSSSSSSSS--SSSSSS--SSSSSS--SSSSSS--SSSS--------SS---S----------SS---S----------SS---S------ooooSS---SoQSS--SSSSSS---SSSSS--------------SS--------------------E--E------XXXXXXXXXXXXXXXX
(U)mario-1-2_56,----------------------------------------------------------------SSSSSSSSSSSSSSSSS--SSSSSS--SSSS-S--SSSSSS--SSSS--------SS---S----------SS---S----------SS---S------ooooSS---SoQQS--SSSSSS---SSS-S---------------S--------------------E--E-------XXXXXXXXXXXXXXXX
(U)mario-1-2_57,----------------------------------------------------------------SSSSSSSSSSSSSSSS--SSSSSS--SSSS----SSSSSS--SSSS--------SS---S----------SS---S----------SS---S------ooooSS---SoQQ---SSSSSS---SSS--------------------------------------E--E--------XXXXXXXXXXXXXXXX
(U)mario-1-2_58,----------------------------------------------------------------SSSSSSSSSSSSSSSS-SSSSSS--SSSS----SSSSSS--SSSS--E-----SS---S----S-----SS---S----S-----SS---S----S-ooooSS---SoQQ-S-SSSSSS---SSS--S-----------------------------------E--E---------XXXXXXXXXXXXXXXX
(U)mario-1-2_59,----------------------------------------------------------------SSSSSSSSSSSSSSSSSSSSSS--SSSS----SSSSSS--SSSS--E-----SS---S----SS----SS---S----SS----SS---S----SSooooSS---SoQQ-SSSSSSSS---SSS--SS----------------------------------E--E----------XXXXXXXXXXXXXXXX
(U)mario-1-2_60,----------------------------------------------------------------SSSSSSSSSSSSSSSSSSSSS--SSSS-----SSSSS--SSSS--E-----SS---S----SS----SS---S----SS----SS---S----SS-oooSS---SoQQ-SS-SSSSS---SSS--SS----------------------------------E--E-----------XXXXXXXXXXXXXXXX
(U)mario-1-2_61,----------------------------------------------------------------SSSSSSSSSSSSSSSSSSSS--SSSS------SSSS--SSSS--E-----SS---S----SS----SS---S----SS----SS---S----SS--ooSS---SoQQ-SS--SSSS---SSS--SS-----------------E----------------E--E------------XXXXXXXXXXXXXXXX
(U)mario-1-2_62,----------------------------------------------------------------SSSSSSSSSSSSSSSSSSS--SSSS------SSSS--SSSS--E---S-SS---S----SS----SS---S----SS----SS---S----SS---oSS---SoQQ-SS---SSS---SSS--SS--S--------------EE------------------E-------------XXXXXXXXXXXXXXXX
(U)mario-1-2_63,----------------------------------------------------------------SSSSSSSSSSSSSSSSSS--SSSS------SSSS--SSSS--E---SSSS---S----SS----SS---S----SS----SS---S----SS----SS---SoQQ-SS---ESS---SSS--SS--SS-------------EE------------------E--------------XXXXXXXXXXXXXXXX
(U)mario-1-2_64,----------------------------------------------------------------SSSSSSSSSSSSSSSSS--SSSS------SSSS--SSSS--E---SSSS---S----SS-----S---S----SS-----S---S----SS-----S---SoQQ-SS---E-S---SSS--SS--SSS------------EE------------------E---------------XXXXXXXXXXXXXXXX
(U)mario-1-2_65,----------------------------------------------------------------SSSSSSSSSSSSSSSS--SSSS------SSSS--SSSS--E---SSSS---S----SS---------S----SS---------S----SS---------SoQQ-SS---E-----SSS--SS--SSSS-----------EE-----------------------------------XXXXXXXXXXXXXXXX
(U)mario-1-2_66,----------------------------------------------------------------SSSSSSSSSSSSSSSS-SSSS------SSSS--SSSS--E---SSSS---S----SS---------S----SS---------S----SS---------SoQQ-SS---E-----SSS--SS--SSSS-----------EE------------------------------------XXXXXXXXXXXXXXX-
(U)mario-1-2_67,----------------------------------------------------------------SSSSSSSSSSSSSSSSSSSS------SSSS--SSSS--E---SSSS---S----SS---------S----SS---------S----SS---------SoQQ-SS---E-----SSS--SS--SSSS-----------EE-------------------------------------XXXXXXXXXXXXXX--
(U)mario-1-2_68,----------------------------------------------------------------SSSSSSSSSSSSSSSSSSS------SSSS---SSS--E---SSSS---S----SS---------S----SS---------S----SS---------SoQQ-SS---E-----SSS--SS--SSSS-----------EE--------------------------------------XXXXXXXXXXXXX---
(U)mario-1-2_69,----------------------------------------------------------------SSSSSSSSSSSSSSSSSS------SSSS----SS--E---SSSS--------SS--------------SS--------------SS----------oQQ-SS---E------SS--SS--SSSS-----------EE---------------------------------------XXXXXXXXXXXX---X
(U)mario-1-2_70,----------------------------------------------------------------SSSSSSSSSSSSSSSSS------SSSS-----S--E---SSSS--------SS----------o---SS--------------SS----------SQQ-SS---E------SS--SS--SSSS-----------EE----------------------------------------XXXXXXXXXXX---XX
(U)mario-1-2_71,----------------------------------------------------------------SSSSSSSSSSSSSSSS------SSSS--------E---SSSS--------SS----------oo--SS--------------SS----------SSQ-SS---E------SS--SS--SSSS-----------EE-----------------------------------------XXXXXXXXXX---XXX
(U)mario-1-2_72,----------------------------------------------------------------SSSSSSSSSSSSSSSS-----SSSS--------E---SSSS--------SS----------ooo-SS--------------SS----------SSS-SS---E------SSS-SS--SSSS-----------EE------------------------------------------XXXXXXXXX---XXXX
(U)mario-1-2_73,----------------------------------------------------------------SSSSSSSSSSSSSSSS----SSSS--------E---SSSS--------SS----------ooooSS--------------SS----------SSSSSS---E------SSSSSS--SSSS-----------EE-------------------------------------------XXXXXXXX---XXXXX
(U)mario-1-2_74,----------------------------------------------------------------SSSSSSSSSSSSSSSS---SSSS------------SSSS---------S----------oooooS---------------S----------SSSSSS---E------SSSSSS--SSSS-----------EE--------------------------------------------XXXXXXX---XXXXXX
(U)mario-1-2_75,----------------------------------------------------------------SSSSSSSSSSSSSSSQ--SSSS------------SSSS--------------------oooooo--------------------------SSSSSS---E------SSSSSS--SSSS-----------EE---------------------------------------------XXXXXX---XXXXXXX
(U)mario-1-2_76,----------------------------------------------------------------SSSSSSSSSSSSSSQS-SSSS------------SSSS--------------------oooooo--------------------------SSSSSS---E------SSSSSS--SSSS-----------EE----------------------------------------------XXXXX---XXXXXXXX
(U)mario-1-2_77,----------------------------------------------------------------SSSSSSSSSSSSSQSSSSSS------------SSSS--------------------oooooo--------------------------SSSSSS---E------SSSSSS--SSSS------------E-----------------------------------------------XXXX---XXXXXXXXX
(U)mario-1-2_78,----------------------------------------------------------------SSSSSSSSSSSSQSSSSSS-------------SSS--------------------oooooo--------------------------SSSSSS---E------SSSSSS---SSS-------------------------------------------------------------XXX---XXXXXXXXXX
(U)mario-1-2_79,----------------------------------------------------------------SSSSSSSSSSSQSSSSSS--------------SS--------------------oooooo--------------------------SSSSSS----------SSSSSS----SS--------------------------------------------------------------XX---XXXXXXXXXXX
(U)mario-1-2_80,----------------------------------------------------------------SSSSSSSSSSQSSSSSS---------------S--------------------oooooo--------------------------SSSSSS----------SSSSSS-----S---------------------------------------------------------------X---XXXXXXXXXXXX
(U)mario-1-2_81,----------------------------------------------------------------SSSSSSSSSQSSSSSS------------------------------------oooooo--------------------------SSSSSS----------SSSSSS-------------------------------------------------------------------------XXXXXXXXXXXXX
(U)mario-1-2_82,----------------------------------------------------------------SSSSSSSSQSSSSSSS-----------------------------------oooooo--------------------------SSSSSS----------SSSSSS----------------------------------------------------------------------E--XXXXXXXXXXXXXX
(U)mario-1-2_83,----------------------------------------------------------------SSSSSSSQSSSSSSSS----------------------------------oooooo--------------------------SSSSSS----------SSSSSS----------------------------------------------------------------------E--XXXXXXXXXXXXXXX
(U)mario-1-2_84,----------------------------------------------------------------SSSSSSQSSSSSSSSS---------------------------------oooooo--------------------------SSSSSS----------SSSSSS----------------------------------------------------------------------E-EXXXXXXXXXXXXXXXX
(U)mario-1-2_85,----------------------------------------------------------------SSSSSQSSSSSSSSSS--------------------------------oooooo--------------------------SSSSSS----------SSSSSS----------------------------------------------------------------------E-EEXXXXXXXXXXXXXXXX
(U)mario-1-2_86,----------------------------------------------------------------SSSSQSSSSSSSSSSS--------------------------------ooooo---------------------------SSSSS-----------SSSSS----------------------------------------------------------------------E-EE-XXXXXXXXXXXXXXXX
(U)mario-1-2_87,----------------------------------------------------------------SSSQSSSSSSSSSSSS--------------------------------oooo----------------------------SSSS------------SSSS----------------------------------------------------------------------E-EE--XXXXXXXXXXXXXXXX
(U)mario-1-2_88,----------------------------------------------------------------SSQSSSSSSSSSSSSS--------------------------------ooo-----------------------------SSS-------------SSS----------------------------------------------------------------------E-EE---XXXXXXXXXXXXXXXX
(U)mario-1-2_89,----------------------------------------------------------------SQSSSSSSSSSSSSSS--------------------------------oo------------------------------SS--------------SS---------------------------------------------p---------------p--------E-EE---pXXXXXXXXXXXXXXXX
(U)mario-1-2_90,----------------------------------------------------------------QSSSSSSSSSSSSSSS--------------------------------o-------------------------------S---------------S------------------------------E--------------pp--------------pp-------E-EE---ppXXXXXXXXXXXXXXXX
(U)mario-1-2_91,----------------------------------------------------------------SSSSSSSSSSSSSSSS--------------------------------------------------------------------------------------------------------------E--------------pp--------------pp-------E-EE---pp-XXXXXXXXXXXXXXXX
(U)mario-1-2_92,----------------------------------------------------------------SSSSSSSSSSSSSSSS-------------------------------------------------------------------------------------------------------------E--------------pp--------------pp-------E-EE---pp--XXXXXXXXXXXXXXXX
(U)mario-1-2_93,----------------------------------------------------------------SSSSSSSSSSSSSSSS------------------------------------------------------------------------------------------------------------E--------------pp--------------pp-------E-EE---pp---XXXXXXXXXXXXXXXX
(U)mario-1-2_94,----------------------------------------------------------------SSSSSSSSSSSSSSSS-----------------------------------------------------------------------------------------------------------E--------------pp--------------pp-------E-EE---pp----XXXXXXXXXXXXXXXX
(U)mario-1-2_95,----------------------------------------------------------------SSSSSSSSSSSSSSSS----------------------------------------------------------------------------------------------------------E----p---------pp----p---------pp----p--E-EE---pp----pXXXXXXXXXXXXXXXX
(U)mario-1-2_96,----------------------------------------------------------------SSSSSSSSSSSSSSSS-----------------------------------------------------------------------------------------------E---------E----pp--------pp----pp--------pp----pp-E-EE---pp----ppXXXXXXXXXXXXXXXX
(U)mario-1-2_97,----------------------------------------------------------------SSSSSSSSSSSSSSSS----------------------------------------------------------------------------------------------E---------E----pp--------pp----pp--------pp----pp-E-EE---pp----pp-XXXXXXXXXXXXXXXX
(U)mario-1-2_98,----------------------------------------------------------------SSSSSSSSSSSSSSSS---------------------------------------------------------------------------------------------E---------E----pp--------pp----pp--------pp----pp---EE---pp----pp--XXXXXXXXXXXXXXXX
(U)mario-1-2_99,----------------------------------------------------------------SSSSSSSSSSSSSSSS--------------------------------------------------------------------------------------------E---------E----pp--------pp----pp--------pp----pp---EE---pp----pp--EXXXXXXXXXXXXXXXX
(U)mario-1-2_100,----------------------------------------------------------------SSSSSSSSSSSSSSSS-------------------------------------------------------------------------------------------E---------E----pp--------pp----pp--------pp----pp----E---pp----pp--E-XXXXXXXXXXXXXXXX
(U)mario-1-2_101,----------------------------------------------------------------SSSSSSSSSSSSSSSS------------------------------------------------------------------------------------------E---------E----pp--------pp----pp--------pp----pp----p---pp----pp--E-pXXXXXXXXXXXXXXXX
(U)mario-1-2_102,----------------------------------------------------------------SSSSSSSSSSSSSSSS-----------------------------------------------------------------------------------------E---------E----pp--------pp----pp-----E--pp----pp----pp--pp----pp--E-ppXXXXXXXXXXXXXXXX
(U)mario-1-2_103,----------------------------------------------------------------SSSSSSSSSSSSSSSS----------------------------------------------------------------------------------------E---------E----pp--------pp----pp-----E--pp----pp----pp--pp----pp--E-pp-XXXXXXXXXXXXXXXX
(U)mario-1-2_104,----------------------------------------------------------------SSSSSSSSSSSSSSSS---------------------------------------------------------------------------------------E---------E----pp--------pp----pp-----E--pp----pp----pp--pp----pp--E-pp--XXXXXXXXXXXXXXXX
(U)mario-1-2_105,----------------------------------------------------------------SSSSSSSSSSSSSSSS--------------------------------------------------------------------------------------E---------E----pp---------p----pp-----E---p----pp----pp---p----pp--E-pp---XXXXXXXXXXXXXXXX
(U)mario-1-2_106,----------------------------------------------------------------SSSSSSSSSSSSSSSS-------------------------------------------------------------------------------------E--------------pp--------------pp-----E--------pp----pp--------pp--E-pp----XXXXXXXXXXXXXXX-
(U)mario-1-2_107,----------------------------------------------------------------SSSSSSSSSSSSSSSS------------------------------------------------------------------------------------E--------------pp--------------pp-----E--------pp----pp--------pp--E-pp-----XXXXXXXXXXXXXX--
(U)mario-1-2_108,----------------------------------------------------------------SSSSSSSSSSSSSSSS-----------------------------------------------------------------------------------E--------------pp--------------pp-----E-----S--pp----pp-----S--pp--E-pp-----SXXXXXXXXXXXXX--X
(U)mario-1-2_109,----------------------------------------------------------------SSSSSSSSSSSSSSSS----------------------------------------------------------------------------------E--------------pp--------------pp-----E-----SS-pp----pp-----SS-pp--E-pp-----SSXXXXXXXXXXXX--XX
(U)mario-1-2_110,----------------------------------------------------------------SSSSSSSSSSSSSSSS---------------------------------------------------------------------------------E--------------pp--------------pp-----E-----SS-pp----pp-----SS-pp--E-pp-----SS-XXXXXXXXXXX--XX-
(U)mario-1-2_111,----------------------------------------------------------------SSSSSSSSSSSSSSSS--------------------------------------------------------------------------------E---------------p---------------p-----E-----SS--p----pp-----SS--p--E-pp-----SS--XXXXXXXXXX--XX--
(U)mario-1-2_112,----------------------------------------------------------------SSSSSSSSSSSSSSSS---------------------------------------------------------------------------------------------------------------------E-----SS-------pp-----SS-----E-pp-----SS---XXXXXXXXX--XX--X
(U)mario-1-2_113,----------------------------------------------------------------SSSSSSSSSSSSSSSS--------------------------------------------------------------------------------------------------------------------E-----SS-------pp-----SS-----E-pp-----SS----XXXXXXXX--XX--XX
(U)mario-1-2_114,----------------------------------------------------------------SSSSSSSSSSSSSSSS-------------------------------------------------------------------------------------------------------------------E-----SS-------pp-----SS-----E-pp-----SS-----XXXXXXX--XX--XXX
(U)mario-1-2_115,----------------------------------------------------------------SSSSSSSSSSSSSSSS------------------------------------------------------------------------------------------------------------------E-----SS-------pp-----SS-------pp-----SS------XXXXXX--XX--XXXX
(U)mario-1-2_116,----------------------------------------------------------------SSSSSSSSSSSSSSSS-----------------------------------------------------------------------------------------------------------------E-----SS-------pp-----SS-------pp-----SS-------XXXXX--XX--XXXXX
(U)mario-1-2_117,----------------------------------------------------------------SSSSSSSSSSSSSSSS----------------------------------------------------------------------------------------------------------------E-----SS--------p-----SS--------p-----SS--------XXXX--XX--XXXXXX
(U)mario-1-2_118,----------------------------------------------------------------SSSSSSSSSSSSSSSS---------------------------------------------------------------------------------------------------------------------SS--------------SS--------------SS---------XXX--XX--XXXXXXX
(U)mario-1-2_119,----------------------------------------------------------------SSSSSSSSSSSSSSSS--------------------------------------------------------------------------------------------------------------------SS--------------SS---------E----SS---------XXX--XX--XXXXXXXX
(U)mario-1-2_120,----------------------------------------------------------------SSSSSSSSSSSSSSSS-------------------------------------------------------------------------------------------------------------------SS--------------SS---------EX---SS---------XXX--XX--XXXXXXXXX
(U)mario-1-2_121,----------------------------------------------------------------SSSSSSSSSSSSSSSS------------------------------------------------------------------------------------------------------------------SS-----------E--SS---------EXX--SS---------XXX--XX--XXXXXXXXXX
(U)mario-1-2_122,----------------------------------------------------------------SSSSSSSSSSSSSSSS---------------------------------------------------------------------------------------------------------------X-SS-----------EX-SS---------EXXX-SS---------XXXX-XX--XXXXXXXXXXX
(U)mario-1-2_123,----------------------------------------------------------------SSSSSSSSSSSSSSSS--------------------------------------------------------------------------------------------------------------XXSS-----------EXXSS---------EXXXXSS---------XXXXXXX--XXXXXXXXXXXX
(U)mario-1-2_124,----------------------------------------------------------------SSSSSSSSSSSSSSS--------------------------------------------------------------------------------------------------------------XXXS-----------EXXXS---------EXXXXXS---------XXXXXXX--XXXXXXXXXXXX-
(U)mario-1-2_125,----------------------------------------------------------------SSSSSSSSSSSSSS--------------------------------------------------------------------------------------------------------------XXX------------EXXX----------EXXXXX----------XXXXXX---XXXXXXXXXXXX--
(U)mario-1-2_126,----------------------------------------------------------------SSSSSSSSSSSSS----------------------------------X---------------------------------------------------------------------------XXX------------EXXX-X--------EXXXXX----------XXXXXX---XXXXXXXXXXXX---
(U)mario-1-2_127,----------------------------------------------------------------SSSSSSSSSSSS----------------------------------XX--------------------------------------------------------------------------XXX------------EXXX-XX-------EXXXXX----------XXXXXX---XXXXXXXXXXXX----
(U)mario-1-2_128,----------------------------------------------------------------SSSSSSSSSSS----------------------------------XXX-------------------------------------------------------------------------XXX------------EXXX-XXX------EXXXXX----------XXXXXX----XXXXXXXXXXX-----
(U)mario-1-2_129,----------------------------------------------------------------SSSSSSSSSS----------------------------------XXX-------------------------------------------------------------------------XXX------------EXXX-XXX------EXXXXX----------XXXXXX-----XXXXXXXXXX------
(U)mario-1-2_130,----------------------------------------------------------------SSSSSSSSS----------------------------------XXX-------------------------------------------------------------------------XXX------------EXXX-XXX------EXXXXX----------XXXXXX------XXXXXXXXX-------
(U)mario-1-2_131,----------------------------------------------------------------SSSSSSSS----------------------------------XXX------------------------------------------------------------------S------XXX------------EXXX-XXX------EXXXXX----------XXXXXX-------XXXXXXXX-------X
(U)mario-1-2_132,----------------------------------------------------------------SSSSSSS----------------------------------XXX------------------------------------------------------------------SS-----XXX------------EXXX-XXX------EXXXXX----------XXXXXX--------XXXXXXX-------XX
(U)mario-1-2_133,----------------------------------------------------------------SSSSSS----------------------------------XXX------------------------------------------------------------------SSS----XXX------------EXXX-XXX------EXXXXX----------XXXXXX---------XXXXXX-------XXX
(U)mario-1-2_134,----------------------------------------------------------------SSSSS----------------------------------XXX------------------------------------------------------------------SSSS---XXX------------EXXX-XXX------EXXXXX----------XXXXXX---------EXXXXX-------XXXX
(U)mario-1-2_135,----------------------------------------------------------------SSSS----------------------------------XXX------------------------------------------------------------------SSSSS--XXX------------EXXX-XXX-------XXXXX-----------XXXXX---------E-XXXX-------XXXXX
(U)mario-1-2_136,----------------------------------------------------------------SSS----------------------------------XXX------------------------------------------------------------------SSSSSQ-XXX------------EXXX-XXX--------XXXX------------XXXX---------E--XXX-------XXXXXX
(U)mario-1-2_137,----------------------------------------------------------------SS----------------------------------XXX------------------------------------------------------------------SSSSSQQXXX-------------XXX-XXX---------XXX-------------XXX---------E---XX-------XXXXXXX
(U)mario-1-2_138,----------------------------------------------------------------S----------------------------------XXX------------------------------------------------------------------SSSSSQQ-XX--------------XX-XXX----------XX--------------XX---------E----X-------XXXXXXXX
(U)mario-1-2_139,--------------------------------------------------------------------------------------------------XXX------------------------------------------------------------------SSSSSQQ--X---------------X-XXX-----------X---------------X---------E------------XXXXXXXX-
(U)mario-1-2_140,-------------------------------------------------------------------------------------------------XXX------------------------------------------------------------------SSSSSQQ--------------------XXX-------------------------------------E------------XXXXXXXX--
(U)mario-1-2_141,------------------------------------------------------------------------------------------------XXX----------------------------X-------------------------------------SSSSSQQ--------------------XXX-------------------------------------E------------XXXXXXXX--X
(U)mario-1-2_142,------------------------------------------------------------------------------------------------XX----------------------------XX------------------------------------SSSSSQQ---------------------XX-------------------------------------E------------XXXXXXXX--XX
(U)mario-1-2_143,------------------------------------------------------------------------------------------------X----------------------------XXX-----------------------------------SSSSSQQ----------------------X-------------------------------------E------------XXXXXXXX--XXX
(U)mario-4-2_1,----------------------------------------------------------------S-----SSSSSSSSSSS---------------S---------------S---------------S---------------S---------------S---------------S---------------S---------------S---------------S---------------XXXXXXXXXXX--XX-
(U)mario-4-2_2,---------------------------------------------------------------------SSSSSSSSSSS----------------------------------------------------------------------------------------------------------------------------------------------------------------XXXXXXXXXX--XX--
(U)mario-4-2_3,--------------------------------------------------------------------SSSSSSSSSSSS----------------------------------------------------------------------------------------------------------------------------------------------------------------XXXXXXXXX--XX--X
(U)mario-4-2_4,-------------------------------------------------------------------SSSSSSSSSSSSS----------------------------------------------------------------------------------------------------------------------------------------------------------------XXXXXXXX--XX--X-
(U)mario-4-2_5,------------------------------------------------------------------SSSSSSSSSSSSSS----------------------------------------------------------------------------------------------------------------------------------------------------------------XXXXXXX--XX--X--
(U)mario-4-2_6,-----------------------------------------------------------------SSSSSSSSSSSSSSS---------------S---------------S---------------S----------------------------------------------------------------------------------------------------------------XXXXXX--XX--X---
(U)mario-4-2_7,----------------------------------------------------------------SSSSSSSSSSSSSSSS--------------SS--------------SS--------------SS----------------------------------------------------------------------------------------------------------------XXXXX--XX--X---X
(U)mario-4-2_8,----------------------------------------------------------------SSSSSSSSSSSSSSSS-------------SSS-------------SSS-------------SSS---------------------------------------------------------------S---------------S---------------S----------------XXXX--XX--X---XX
(U)mario-4-2_9,----------------------------------------------------------------SSSSSSSSSSSSSSSS------------SSSS------------SSSS------------SSSS--------------------------------------------------------------SS--------------SS--------------SS----------------XXX--XX--X---XXX
(U)mario-4-2_10,----------------------------------------------------------------SSSSSSSSSSSSSSSS-----------SSSSS-----------SSSSS-----------SSSSS-------------------------------------------------------------SSS-------------SSS-------------SSS----------------XX--XX--X---XXXX
(U)mario-4-2_11,----------------------------------------------------------------SSSSSSSSSSSSSSSS----------SSSSSS----------SSSSSS----------SSSSSS------------------------------------------------------------SSSS------------SSSS------------SSSS----------------X--XX--X---XXXXX
(U)mario-4-2_12,----------------------------------------------------------------SSSSSSSSSSSSSSSS---------SSSSSSS---------SSSSSSS---------SSSSSSS-----------------------------------------------------------SSSSS-----------SSSSS-----------SSSSS------------------XX--X---XXXXXX
(U)mario-4-2_13,----------------------------------------------------------------SSSSSSSSSSSSSSSS--------SSSSSSSS--------SSSSSSSS--------SSSSSSSS----------------------------------------------------------SSSSSS----------SSSSS-----------SSSSS----------------o-XX--X---XXXXXXX
(U)mario-4-2_14,----------------------------------------------------------------SSSSSSSSSSSSSSSS-------SSSSSSSSS-------SSSSSSSSS-------SSSSSSSSS-----------------------------------------------Q---------SSSSSSQ---------SSSSS-----------SSSSS----------------ooXX--X---XXXXXXXX
(U)mario-4-2_15,----------------------------------------------------------------SSSSSSSSSSSSSSSS------SSSSSSSSSS------SSSSSSSSSS------SSSSSSSSSS----------------------------------------------Q---------SSSSSSQQ--------SSSSS-----------SSSSS----------------oooX--X---XXXXXXXXX
(U)mario-4-2_16,----------------------------------------------------------------SSSSSSSSSSSSSSSS-----SSSSSSSSSSS-----SSSSSSSSSSS-----SSSSSSSSSSS---------------------------------------------Q---------SSSSSSQQS-------SSSSS---S-------SSSSS---S------------oooS--X---XXXXXXXXXX
(U)mario-4-2_17,----------------------------------------------------------------SSSSSSSSSSSSSSSS----SSSSSSSSSSSS----SSSSSSSSSSSS----SSSSSSSSSSSS--------------------------------------------Q---------SSSSSSQQSS------SSSSS---SS------SSSSS---SS-----------oooSS-X---XXXXXXXXXXX
(U)mario-4-2_18,----------------------------------------------------------------SSSSSSSSSSSSSSSS---SSSSSSSSSSSSS---SSSSSSSSSSSSS---SSSSSSSSSSSSS-------------------------------------------Q---------SSSSSSQQSSS-----SSSSS---SSS-----SSSSS---SSS----------oooSSSX---XXXXXXXXXXXX
(U)mario-4-2_19,----------------------------------------------------------------SSSSSSSSSSSSSSSS--SSSSSSSSSSSSSS--SSSSSSSSSSSSSS--SSSSSSSSSSSSSS------------------------------------------Q---------SSSSSSQQSSSS----SSSSS---SSSS----SSSSS---SSSS---------oooSSSS---XXXXXXXXXXXXX
(U)mario-4-2_20,----------------------------------------------------------------SSSSSSSSSSSSSSSS-SSSSSSSSSSSSSSS-SSSSSSSSSSSSSSS-SSSSSSSSSSSSSSS-----------------------------------------Q---------SSSSSSQQSSSSS---SSSSS---SSSSS---SSSSS---SSSSS--------oooSSSSS--XXXXXXXXXXXXXX
(U)mario-4-2_21,----------------------------------------------------------------SSSSSSSSSSSSSSSSSSSSSSSSSSSSSSSSSSSSSSSSSSSSSSSSSSSSSSSSSSSSSSSS----------------------------------------Q---------SSSSSSQQSSSSSS--SSSSS---SSSSSS--SSSSS---SSSSSS-------oooSSSSSS-XXXXXXXXXXXXXXX
(U)mario-4-2_22,----------------------------------------------------------------SSSSSSSSSSSSSSSSSSSSSSSSSSSSSSSSSSSSSSSSSSSSSSSSSSSSSSSSSSSSSSSS---------------------------------------Q---------SSSSSSQQSSSSSSS-SSSSS---SSSSSSS-SSSSS---SSSSSSS------oooSSSSSSSXXXXXXXXXXXXXXXX
(U)mario-4-2_23,----------------------------------------------------------------SSSSSSSSSSSSSSSSSSSSSSSSSSSSSSSSSSSSSSSSSSSSSSSSSSSSSSSSSSSSSSSS--------------------------------------Q---------SSSSSSQQSSSSSSSSSSSSS---SSSSSSSSSSSSS---SSSSSSSS-----oooSSSSSSSSXXXXXXXXXXXXXXXX
(U)mario-4-2_24,----------------------------------------------------------------SSSSSSSSSSSSSSSSSSSSSSSSSSSSSSSSSSSSSSSSSSSSSSSSSSSSSSSSSSSSSSSS-------------------------------------Q----------SSSSSQQSSSSSSSSSSSSS---SSSSSSSSSSSSS---SSSSSSSSS----oooSSSSSSSSSXXXXXXXXXXXXXXXX
(U)mario-4-2_25,----------------------------------------------------------------SSSSSSSSSSSSSSSSSSSSSSSSSSSSSSSSSSSSSSSSSSSSSSSSSSSSSSSSSSSSSSSS------------------------------------Q-----------SSSSQQSSSSSSSSSSSSS---SSSSSSSSSSSSS---SSSSSSSSSS---oooSSSSSSSSSSXXXXXXXXXXXXXXXX
(U)mario-4-2_26,----------------------------------------------------------------SSSSSSSSSSSSSSSSSSSSSSSSSSSSSSSSSSSSSSSSSSSSSSSSSSSSSSSSSSSSSSSS-----------------------------------Q------------SSSQQSSSSSSSSSSSSS---SSSSSSSSSSSSS---SSSSSSSSSSS--oooSSSSSSSSSSSXXXXXXXXXXXXXXXX
(U)mario-4-2_27,----------------------------------------------------------------SSSSSSSSSSSSSSSSSSSSSSSSSSSSSSSSSSSSSSSSSSSSSSSSSSSSSSSSSSSSSSSS----------------------------------Q-------------SSQQSSSSSSSSSSSSS---SSSSSSSSSSSSS---SSSSSSSSSSSS-oooSSSSSSSSSSSSXXXXXXXXXXXXXXXX
(U)mario-4-2_28,----------------------------------------------------------------SSSSSSSSSSSSSSSSSSSSSSSSSSSSSSSSSSSSSSSSSSSSSSSSSSSSSSSSSSSSSSSS---------------------------------Q-------------ESQQSSSSSSSSSSSSS---SSSSSSSSSSSSS---SSSSSSSSSSSSSoooSSSSSSSSSSSSSXXXXXXXXXXXXXXXX
(U)mario-4-2_29,----------------------------------------------------------------SSSSSSSSSSSSSSSSSSSSSSSSSSSSSSSSSSSSSSSSSSSSSSSSSSSSSSSSSSSSSSSS--------------------------------Q-------------E-QQSSSSSSSSSSSSSS--SSSSSSSSSSSSSS--SSSSSSSSSSSSSSooSSSSSSSSSSSSSSXXXXXXXXXXXXXXXX
(U)mario-4-2_30,----------------------------------------------------------------SSSSSSSSSSSSSSSSSSSSSSSSSSSSSSSSSSSSSSSSSSSSSSSSSSSSSSSSSSSSSSSS---------------------------------------------E-EQSSSSSSSSSSSSSSS-SSSSSSSSSSSSSSS-SSSSSSSSSSSSSSSoSSSSSSSSSSSSSSSXXXXXXXXXXXXXXXX
(U)mario-4-2_31,----------------------------------------------------------------SSSSSSSSSSSSSSSSSSSSSSSSSSSSSSSSSSSSSSSSSSSSSSSSSSSSSSSSSSSSSSSS--------------------------------------------E-EESSSSSSSSSSSSSSSSSSSSSSSSSSSSSSSSSSSSSSSSSSSSSSSSSSSSSSSSSSSSSSSSXXXXXXXXXXXXXXXX
(U)mario-4-2_32,----------------------------------------------------------------SSSSSSSSSSSSSSSSSSSSSSSSSSSSSSSSSSSSSSSSSSSSSSSSSSSSSSSSSSSSSSSS-------------------------------------------E-EE-SSSSSSSSSSSSSSSSSSSSSSSSSSSSSSSSSSSSSSSSSSSSSSSSSSSSSSSSSSSSSSSSXXXXXXXXXXXXXXXX
(U)mario-4-2_33,----------------------------------------------------------------SSSSSSSSSSSSSSSSSSSSSSSSSSSSSSSSSSSSSSSSSSSSSSSSSSSSSSSSSSSSSSSS------------------------------------------E-EE--SSSSSSSSSSSSSSSSSSSSSSSSSSSSSSSSSSSSSSSSSSSSSSSSSSSSSSSSSSSSSSSSXXXXXXXXXXXXXXXX
(U)mario-4-2_34,----------------------------------------------------------------SSSSSSSSSSSSSSSSSSSSSSSSSSSSSSS-SSSSSSSSSSSSSSS-SSSSSSSSSSSSSSS------------------------------------------E-EE---SSSSSSSSSSSSSSS-SSSSSSSSSSSSSSS-SSSSSSSSSSSSSSS-SSSSSSSSSSSSSSS-XXXXXXXXXXXXXXXX
(U)mario-4-2_35,----------------------------------------------------------------SSSSSSSSSSSSSSSSSSSSSSSSSSSSSS--SSSSSSSSSSSSSS--SSSSSSSSSSSSSS------------------------------------------E-EE----SSSSSSSSSSSSSS--SSSSSSSSSSSSSS--SSSSSSSSSSSSSS--SSSSSSSSSSSSSS--XXXXXXXXXXXXXXXX
(U)mario-4-2_36,----------------------------------------------------------------SSSSSSSSSSSSSSSSSSSSSSSSSSSSS---SSSSSSSSSSSSS---SSSSSSSSSSSSS--Q---------------------------------------E-EE-----SSSSSSSSSSSSS--QSSSSSSSSSSSSS---SSSSSSSSSSSSS---SSSSSSSSSSSSS---XXXXXXXXXXXXXXXX
(U)mario-4-2_37,----------------------------------------------------------------SSSSSSSSSSSSSSSSSSSSSSSSSSSS----SSSSSSSSSSSS----SSSSSSSSSSSS--QQ--------------------------------------E-EE------SSSSSSSSSSSS--QQSSSSSSSSSSSS----SSSSSSSSSSSS----SSSSSSSSSSSS----XXXXXXXXXXXXXXXX
(U)mario-4-2_38,----------------------------------------------------------------SSSSSSSSSSSSSSSSSSSSSSSSSSS-----SSSSSSSSSSS-----SSSSSSSSSSS--QQ--------------------------------------E-EE-------SSSSSSSSSSS--QQ-SSSSSSSSSSS-----SSSSSSSSSSS-----SSSSSSSSSSS-----XXXXXXXXXXXXXXXX
(U)mario-4-2_39,----------------------------------------------------------------SSSSSSSSSSSSSSSSSSSSSSSSSS------SSSSSSSSSS------SSSSSSSSSS--QQ--------------------------------------E-EE--------SSSSSSSSSS--QQ--SSSSSSSSSS------SSSSSSSSSS------SSSSSSSSSS------XXXXXXXXXXXXXXXX
(U)mario-4-2_40,----------------------------------------------------------------SSSSSSSSSSSSSSSSSSSSSSSSS-------SSSSSSSSS-------SSSSSSSSS--QQ--------------------------------------E-EE---------SSSSSSSSS--QQ--QSSSSSSSSS-------SSSSSSSSS-------SSSSSSSSS-------XXXXXXXXXXXXXXXX
(U)mario-4-2_41,----------------------------------------------------------------SSSSSSSSSSSSSSSSSSSSSSSS--------SSSSSSSS--------SSSSSSSS--QQ--------------------------------------E-EE----------SSSSSSSS--QQ--QQSSSSSSSS--------SSSSSSSS--------SSSSSSSS--------XXXXXXXXXXXXXXXX
(U)mario-4-2_42,----------------------------------------------------------------SSSSSSSSSSSSSSSSSSSSSSS---------SSSSSSS---------SSSSSSS--QQ--------------------------------------E-EE-----------SSSSSSS--QQ--QQQSSSSSSS---------SSSSSSS---------SSSSSSS---------XXXXXXXXXXXXXXXX
(U)mario-4-2_43,----------------------------------------------------------------SSSSSSSSSSSSSSS-SSSSSS----------SSSSSS----------SSSSSS--QQ--------------------------------------E-EE------------SSSSSS--QQ--QQQ-SSSSSS----------SSSSSS----------SSSSSS----------XXXXXXXXXXXXXXX-
(U)mario-4-2_44,----------------------------------------------------------------SSSSSSSSSSSSSS--SSSSS-----------SSSSS-----------SSSSS--QQ----------------------------------------EE-------------SSSSS--QQ--QQQ--SSSSS-----------SSSSS-----------SSSSS-----------XXXXXXXXXXXXXX--
(U)mario-4-2_45,----------------------------------------------------------------SSSSSSSSSSSSS---SSSS------------SSSS-----------XSSSS--QQ----------------------------------------EE--------------SSSS--QQ--QQQ---SSSS------------SSSS------------SSSS------------XXXXXXXXXXXXX---
(U)mario-4-2_46,----------------------------------------------------------------SSSSSSSSSSSS----SSS-------------SSS-----------XXSSS--QQ-----------------------------------------E---------------SSS--QQ--QQQ----SSS-------------SSS-------------SSS-------------XXXXXXXXXXXX----
(U)mario-4-2_47,----------------------------------------------------------------SSSSSSSSSSS-----SS--------------SS-----------XXXSS--QQ----------------------------------------------------------SS--QQ--QQQ-----SS--------------SS--------------SS--------------XXXXXXXXXXX-----
(U)mario-4-2_48,----------------------------------------------------------------SSSSSSSSSS------S---------------S-----------XXX-S--QQ-----------------------------------------------------------S--QQ--QQQ------S---------------S---------------S---------------XXXXXXXXXX------
(U)mario-4-2_49,----------------------------------------------------------------SSSSSSSSS----------------------------------XXX----QQ-----------------------------------------------------------S--QQ--QQQ-------------------------------------------------------XXXXXXXXX------X
(U)mario-4-2_50,----------------------------------------------------------------SSSSSSSS----------------------------------XXX----QQ------------S-------------------------------S--------------S--QQ--QQQ--------------------------------------------------------XXXXXXXX------XX
(U)mario-4-2_51,----------------------------------------------------------------SSSSSSS----------------------------------XXX----QQ------------SS------------------------------S--------------S-SQQ--QQQ---------------------------------------------------------XXXXXXX------XXX
(U)mario-4-2_52,----------------------------------------------------------------SSSSSS----------------------------------XXX-----Q------------SSS-----------------------------S--------------S-S-Q--QQQ---------S------------------------------------------------XXXXXX------XXXX
(U)mario-4-2_53,----------------------------------------------------------------SSSSS----------S-----------------------XXX------------------SSS-----------------------------S--------------S-S----QQQ---------S-------------------------------------------------XXXXX------XXXXX
(U)mario-4-2_54,----------------------------------------------------------------SSSS----------SS----------------------XXX------------------SSS-----------------------------S--------------S-S----QQQ---------S--------------------------------------------------XXXX------XXXXXX
(U)mario-4-2_55,----------------------------------------------------------------SSS----------SSS---------------------XXX------------------SSS-----------------------------S--------------S-S----QQQ---------S---------------------------------------------------XXX------XXXXXXX
(U)mario-4-2_56,----------------------------------------------------------------SS----------SSSS--------------------XXX------------------SSS-----------------------------S--------------S-S-----QQ---------S----------------------------------------------------XX------XXXXXXXX
(U)mario-4-2_57,----------------------------------------------------------------S----------SSSSS-------------------XXX------------------SSS-----------------------------S--------------S-S------Q---------S-----------------------------------------------------X------XXXXXXXXX
(U)mario-4-2_58,--------------------------------------------------------------------------SSSSSS------------------XXX------------------SSS-----------------------------S--------------S-S----------------S---------------------p---------------p---------------p------XXXXXXXXXX
(U)mario-4-2_59,-------------------------------------------------------------------------SSSSSSS-----------------XXX------------------SSS-----------------------------S--------------S-S----------------S------E--------------pp--------------pp--------------pp-----XXXXXXXXXXX
(U)mario-4-2_60,------------------------------------------------------------------------SSSSSSSS----------------XXX------------------SSS-----------------------------S--------------S-S----------------S------E--------------pp--------------pp--------------pp-----XXXXXXXXXXXX
(U)mario-4-2_61,-----------------------------------------------------------------------SSSSSSSSS----------------XX------------------SSS-----------------------------S--------------S-S----------------S------E--------------pp--------------pp--------------pp-E---XXXXXXXXXXXXX
(U)mario-4-2_62,----------------------------------------------------------------------SSSSSSSSSS----------------X------------------SSS-----------------------------S--------------S-S----------------S------E--S-----------pp--------------pp--------------pp-E---XXXXXXXXXXXXXX
(U)mario-4-2_63,---------------------------------------------------------------------SSSSSSSSSSS----------------------------------SSS-----------------------------S--------------S-S----------------S------E--SS----------pp--------------pp--------------pp-E---XXXXXXXXXXXXXXX
(U)mario-4-2_64,--------------------------------------------------------------------SSSSSSSSSSSS---------------------------------SSS---------------------------p-S-------------pS-S------------p---S------E--SSp---------pp----p---------pp----p---------pp-E--pXXXXXXXXXXXXXXXX
(U)mario-4-2_65,-------------------------------------------------------------------SSSSSSSSSSSSS--------------------------------SSS------------E--------------ppS-------------pp-S------------pp--S------E--SSpp--------pp----pp--------pp----pp--------pp-E--ppXXXXXXXXXXXXXXXX
(U)mario-4-2_66,------------------------------------------------------------------SSSSSSSSSSSSSS--------------------------------SS------------E--------------pp--------------pp-S------------pp--S------E--SSppS-------pp----pp--------pp----pp--------pp-E--pp-XXXXXXXXXXXXXXXX
(U)mario-4-2_67,-----------------------------------------------------------------SSSSSSSSSSSSSSS--------------------------------S------------E--------------pp--------------pp--------------pp--S------E--SSppSS------pp----pp--------pp----pp--------pp-E--pp--XXXXXXXXXXXXXXXX
(U)mario-4-2_68,----------------------------------------------------------------SSSSSSSSSSSSSSSS--------------------------------------------E--------------pp--------------pp--------------pp---------E--SSppSS------pp----pp--------pp----pp--------pp-E--pp---XXXXXXXXXXXXXXXX
(U)mario-4-2_69,----------------------------------------------------------------SSSSSSSSSSSSSSSS-------------------------------------------E--------------pp--------------pp--------------pp---------E--SSppSS------pp----pp--------pp----pp--------pp-E--pp----XXXXXXXXXXXXXXXX
(U)mario-4-2_70,----------------------------------------------------------------SSSSSSSSSSSSSSSS------------------------------------------E--------------pp--------------pp--------------pp---------E--SSppSS------pp----pp----p---pp----pp----p---pp-E--pp----pXXXXXXXXXXXXXXXX
(U)mario-4-2_71,----------------------------------------------------------------SSSSSSSSSSSSSSSS-----------------------------------------E--------------pp--------------pp--------------pp---------E--SSppSS---E--pp----pp----pp--pp----pp----pp--pp-E--pp----ppXXXXXXXXXXXXXXXX
(U)mario-4-2_72,----------------------------------------------------------------SSSSSSSSSSSSSSSS----------------------------------------E--------------pp--------------pp--------------pp---------E--SSppSS---E--pp----pp----pp--pp----pp----pp--pp-E--pp----pp-XXXXXXXXXXXXXXXX
(U)mario-4-2_73,----------------------------------------------------------------SSSSSSSSSSSSSSSS---------------------------------------E--------------pp--------------pp--------------pp-------S-E--SSppSS---E--pp----pp----pp--pp----pp----pp--pp-E--pp----pp--XXXXXXXXXXXXXXXX
(U)mario-4-2_74,----------------------------------------------------------------SSSSSSSSSSSSSSSS--------------------------------------E--------------pp--------------pp--------------pp-------S-E--SSppSS---E---p----pp----pp---p----pp----pp---p-E--pp----pp---XXXXXXXXXXXXXXXX
(U)mario-4-2_75,----------------------------------------------------------------SSSSSSSSSSSSSSSS-------------------------------------E--------------pp--------------pp--------------pp-------S----SSppSS---E--------pp----pp---p----pp----pp---p-E--pp----pp---pXXXXXXXXXXXXXXXX
(U)mario-4-2_76,----------------------------------------------------------------SSSSSSSSSSSSSSSS------------------------------------E--------------pp--------------pp--------------pp-------S----SSppSS---E----E---pp----pp---pp---pp----pp---ppE--pp----pp---ppXXXXXXXXXXXXXXXX
(U)mario-4-2_77,----------------------------------------------------------------SSSSSSSSSSSSSSSS-----------------------------------E--------------pp--------------pp--------------pp-------S----SSppSS---E----E---pp----pp---pp---pp----pp---pp---pp----pp---pp-XXXXXXXXXXXXXXXX
(U)mario-4-2_78,----------------------------------------------------------------SSSSSSSSSSSSSSSS----------------------------------E--------------pp--------------pp--------------pp-------S-----SppSS---E----E---pp----pp---pp---pp----pp---pp---pp----pp---pp--XXXXXXXXXXXXXXXX
(U)mario-4-2_79,----------------------------------------------------------------SSSSSSSSSSSSSSSS---------------------------------E--------------pp--------------pp--------------pp-------S------ppSS---E----E---pp----pp---pp---pp----pp---pp---pp----pp---pp---XXXXXXXXXXXXXXXX
(U)mario-4-2_80,----------------------------------------------------------------SSSSSSSSSSSSSSSS--------------------------------E---------------p---------------p---------------p-------S-------pSS---E----E----p----pp---pp----p----pp---pp----p----pp---pp----XXXXXXXXXXXXXXXX
(U)mario-4-2_81,----------------------------------------------------------------SSSSSSSSSSSSSSSS---------------------------------------------------------------------------------------S--------SS---E----E---------pp---pp---------pp---pp---------pp---pp-----XXXXXXXXXXXXXXXX
(U)mario-4-2_82,----------------------------------------------------------------SSSSSSSSSSSSSSSS--------------------------------------------------------------------------------------S---------S---E----E---------pp---pp---------pp---pp---------pp---pp------XXXXXXXXXXXXXXXX
(U)mario-4-2_83,----------------------------------------------------------------SSSSSSSSSSSSSSSS-------------------------------------------------------------------------------------S-------------E----E---------pp---pp---------pp---pp---------pp---pp-------XXXXXXXXXXXXXXXX
(U)mario-4-2_84,----------------------------------------------------------------SSSSSSSSSSSSSSSS------------------------------------------------------------------------------------S-------------E----E---------pp---pp---------pp---pp---------pp---pp--------XXXXXXXXXXXXXXXX
(U)mario-4-2_85,----------------------------------------------------------------SSSSSSSSSSSSSSSS-----------------------------------------------------------------------------------S-------------E----E---------pp---pp---------pp---pp---------pp---pp--------EXXXXXXXXXXXXXXXX
(U)mario-4-2_86,----------------------------------------------------------------SSSSSSSSSSSSSSSS----------------------------------------------------------------------------------S-------------E----E----------p---pp----------p---pp----------p---pp--------E-XXXXXXXXXXXXXXXX
(U)mario-4-2_87,----------------------------------------------------------------SSSSSSSSSSSSSSSS---------------------------------------------------------------------------------S------------------E--------------pp--------------pp--------------pp--------E-EXXXXXXXXXXXXXXXX
(U)mario-4-2_88,----------------------------------------------------------------SSSSSSSSSSSSSSSS--------------------------------------------------------------------------------S------------------E--------------pp--------------pp--------------pp--------E-E-XXXXXXXXXXXXXXXX
(U)mario-4-2_89,----------------------------------------------------------------SSSSSSSSSSSSSSSS--------------------------------------------------------------------------------------------------E--------------pp--------------pp------------X-pp--------E-E-XXXXXXXXXXXXXXXXX
(U)mario-4-2_90,----------------------------------------------------------------SSSSSSSSSSSSSSSS-------------------------------------------------------------------------------------------------E--------------pp-------------Xpp------------XXpp--------E-E-XXXXXXXXXXXXXXXXXX
(U)mario-4-2_91,----------------------------------------------------------------SSSSSSSSSSSSSSSS------------------------------------------------------------------------------------------------E---------------p-------------XXp------------XXXp--------E-E-XXXXXXXXXXXXXXXXXX-
(U)mario-4-2_92,----------------------------------------------------------------SSSSSSSSSSSSSSSS-----------------------------------------------------------------------------------------------------------------------------XX-------------XXX---------E-E-XXX-XXXXXXXXXXXXXX--
(U)mario-4-2_93,----------------------------------------------------------------SSSSSSSSSSSSSSSS---------------------------------------------------------------------------------------------------------------p------------XX-p-----------XXX-p-------E-E-XXX-pXXXXXXXXXXXXX--X
(U)mario-4-2_94,----------------------------------------------------------------SSSSSSSSSSSSSSSS-----------------------------------------------------------------------------------------------E--------------pp-----------XX-pp----------XXX-pp------E-E-XXX-ppXXXXXXXXXXXX--XX
(U)mario-4-2_95,----------------------------------------------------------------SSSSSSSSSSSSSSSS----------------------------------------------------------------------------------------------E--------------pp-----------XX-pp----------XXX-pp------E-E-XXX-pp-XXXXXXXXXXX--XX-
(U)mario-4-2_96,----------------------------------------------------------------SSSSSSSSSSSSSSSS---------------------------------------------------------------------------------------------E--------------pp-----------XX-pp----------XXX-pp------E-E-XXX-pp--XXXXXXXXXX--XX--
(U)mario-4-2_97,----------------------------------------------------------------SSSSSSSSSSSSSSSS--------------------------------------------------------------------------------------------E--------------pp-----------XX-pp--X-------XXX-pp--X---E-E-XXX-pp--XXXXXXXXXX--XX--X
(U)mario-4-2_98,----------------------------------------------------------------SSSSSSSSSSSSSSS--------------------------------------------------------------------------------------------E--------------pp-----------XX-pp--XX------XXX-pp--XX--E-E-XXX-pp--XXXXXXXXXX--XX--XX
(U)mario-4-2_99,----------------------------------------------------------------SSSSSSSSSSSSSS--------------------------------------------------------------------------------------------E--------------pp-----------XX-pp--XXX-----XXX-pp--XXX-E-E-XXX-pp--XXXXXXXXXX--XX--XX-
(U)mario-4-2_100,----------------------------------------------------------------SSSSSSSSSSSSS--------------------------------------------------------------------------------------------E--------------pp-----------XX-pp--XXX-----XXX-pp--XXX-E-E-XXX-pp--XXX-XXXXXX--XX--XX--
(U)mario-4-2_101,----------------------------------------------------------------SSSSSSSSSSSS--------------------------------------------------------------------------------------------E--------------pp------X----XX-pp--XXX-----XXX-pp--XXX---E-XXX-pp--XXX--XXXXX--XX--XX---
(U)mario-4-2_102,----------------------------------------------------------------SSSSSSSSSSS--------------------------------------------------------------------------------------------E--------------pp------XX---XX-pp--XXX-----XXX-pp--XXX---E-XXX-pp--XXX---XXXX--XX--XX----
(U)mario-4-2_103,----------------------------------------------------------------SSSSSSSSSS--------------------------------------------------------------------------------------------E--------------pp------XXX--XX-pp--XXX-----XXX-pp--XXX-----XXX-pp--XXX----XXX--XX--XX-----
(U)mario-4-2_104,----------------------------------------------------------------SSSSSSSSS--------------------------------------------------------------------------------------------E--------------pp------XXX--XX-pp--XXX-----XXX-pp--XXX-----XXX-pp--XXX-----XX--XX--XX------
(U)mario-4-2_105,----------------------------------------------------------------SSSSSSSS-------S-----------------------------------------------S------------------------------------E--------------pp------XXX-SXX-pp--XXX------XX-pp--XXX------XX-pp--XXX------X--XX--XX------X
(U)mario-4-2_106,----------------------------------------------------------------SSSSSSS-------SS-------------------------------Q--------------SQ-----------------------------------E--------------pp------XXX-SSX-pp--XXX-------X-pp--XXX-------X-pp--XXX---------XX--XX------XX
(U)mario-4-2_107,----------------------------------------------------------------SSSSSS-------SSS------------------------------Q--------------SQQ----------------------------------E--------------pp------XXX-SSS-pp--XXX---------pp--XXX---------pp--XXX---------XX--XX------XXX
(U)mario-4-2_108,----------------------------------------------------------------SSSSS-------SSSS-----------------------------Q--------------SQQ----------------------------------E--------------pp------XXX-SSSSpp--XXX---------pp--XXX---------pp--XXX---------XX--XX------XXXX
(U)mario-4-2_109,----------------------------------------------------------------SSSS-------SSSS-----------------------------Q--------------SQQ----------------------------------E---------------p------XXX-SSSS-p--XXX----------p--XXX----------p--XXX----------X--XX------XXXX-
(U)mario-4-2_110,----------------------------------------------------------------SSS-------SSSS-----------------------------Q--------------SQQ------------------X--------------------------------------XXX-SSSS----XXX-------------XXX-------------XXX-------------XX------XXXX--
(U)mario-4-2_111,----------------------------------------------------------------SS-------SSSS-----------------------------Q--------------SQQ------------------XX-------------------------------------XXX-SSSS----XXX-------------XXX-------------XXX-------------XX------XXXX---
(U)mario-4-2_112,----------------------------------------------------------------S-------SSSS-----------------------------Q--------------SQQ------------------XXX------------------------------------XXX-SSSS----XXX-------------XXX-------------XXX-------------XX------XXXX----
(U)mario-4-2_113,-----------------------------------------------------------------------SSSS-----------------------------Q--------------SQQ------------------XXX------------------------------------XXX-SSSS-----XX--------------XX--------------XX--------------X------XXXX-----
(U)mario-4-2_114,----------------------------------------------------------------------SSSS-----S-----------------------Q--------------SQQ------------------XXX------------------------------------XXX-SSSS------X---------------X---------------X---------------------XXXX------
(U)mario-4-2_115,---------------------------------------------------------------------SSSS-----SS----------------------Q--------------SQQ------------------XXX------------------------------------XXX-SSSS------------------------------------------------------------XXXX------X
(U)mario-4-2_116,--------------------------------------------------------------------SSSS-----SSS---------------------Q--------------SQQ------------------XXX------------------------------------XXX-SSSS------------------------------------------------------------XXXX------XX
(U)mario-4-2_117,-------------------------------------------------------------------SSSS-----SSSS--------------------Q--------------SQQ------------------XXX-------------------------------------XX-SSSS----------------------------------------p---------------p---XXXX------XXX
(U)mario-4-2_118,------------------------------------------------------------------SSSS-----SSSSS-------------------Q--------------SQQ------------------XXX--------------------------------------X-SSSS-------------------------E--------------pp--------------pp--XXXX------XXXX
(U)mario-4-2_119,-----------------------------------------------------------------SSSS-----SSSSSS------------------Q--------------SQQ------------------XXX----------------------------------------SSSS-------------------------E--------------pp--------------pp--XXXX------XXXXX
(U)mario-4-2_120,----------------------------------------------------------------SSSS-----SSSSSSS-----------------Q--------------SQQ------------------XXX----------------------------------------SSSS-------------------------E--------------pp--------------pp--XXXX------XXXXXX
(U)mario-4-2_121,----------------------------------------------------------------SSS-----SSSSSSSS----------------Q---------------QQ------------------XXX-----------------------------------------SSS-------------------------E--------------pp--------------pp---XXX------XXXXXXX
(U)mario-4-2_122,----------------------------------------------------------------SS-----SSSSSSSSS--------------------------------Q------------------XXX------------------------------------------SS-------------------------E--------------pp--------------pp---EXX------XXXXXXXX
(U)mario-4-2_123,----------------------------------------------------------------S-----SSSSSSSSSS--------------------------------------------------XXX-------------------------------------------S-------------------------E--------------pp--------------pp---E-X------XXXXXXXXX
(U)mario-4-2_124,---------------------------------------------------------------------SSSSSSSSSSS-------------------------------------------------XXX---------------------------------------------------------------------E-----p--------pp-----p--------pp---E-p------XXXXXXXXXX
(U)mario-4-2_125,--------------------------------------------------------------------SSSSSSSSSSSS------------------------------------------------XXX------------------------------------------------------------E--------E-----pp-------pp-----pp-------pp---E-pp-----XXXXXXXXXXX
(U)mario-4-2_126,-------------------------------------------------------------------SSSSSSSSSSSSS------------------------------------------------XX------------------------------------------------------------E--------E-----pp-------pp-----pp-------pp---E-pp-----XXXXXXXXXXXX
(U)mario-4-2_127,------------------------------------------------------------------SSSSSSSSSSSSSS------------------------------------------------X------------------------------------------------------------E--------E-----pp-------pp-----pp-------pp---E-pp-----XXXXXXXXXXXXX
(U)mario-4-2_128,-----------------------------------------------------------------SSSSSSSSSSSSSSS------------------------------------------------------------------------------------------------------------E--p-----E-----pp--p----pp-----pp--p----pp---E-pp--p--XXXXXXXXXXXXXX
(U)mario-4-2_129,----------------------------------------------------------------SSSSSSSSSSSSSSSS-----------------------------------------------------------------------------------------------E-----------E--pp----E-----pp--pp---pp-----pp--pp---pp---E-pp--pp-XXXXXXXXXXXXXXX
(U)mario-4-2_130,----------------------------------------------------------------SSSSSSSSSSSSSSSS----------------------------------------------------------------------------------------------E-----------E--pp----E-----pp--pp---pp-----pp--pp---pp---E-pp--pp-XXXXXXXXXXXXXXX-
(U)mario-4-2_131,----------------------------------------------------------------SSSSSSSSSSSSSSSS---------------------------------------------------------------------------------------------E-----------E--pp----E-----pp--pp---pp-----pp--pp---pp---E-pp--pp--XXXXXXXXXXXXXX--
(U)mario-4-2_132,----------------------------------------------------------------SSSSSSSSSSSSSSSS--------------------------------------------------------------------------------------------E-----------E--pp----E-----pp--pp---pp-----pp--pp---pp---E-pp--pp---XXXXXXXXXXXXX--X
(U)mario-4-2_133,----------------------------------------------------------------SSSSSSSSSSSSSSSS-------------------------------------------------------------------------------------------E-----------E--pp----E-----pp--pp----p-----pp--pp----p---E-pp--pp----XXXXXXXXXXXX--XX
(U)mario-4-2_134,----------------------------------------------------------------SSSSSSSSSSSSSSSS------------------------------------------------------------------------------------------E-----------E--pp----------pp--pp----------pp--pp--------E-pp--pp-----XXXXXXXXXXX--XXX
(U)mario-4-2_135,----------------------------------------------------------------SSSSSSSSSSSSSSSS-----------------------------------------------------------------------------------------E-----------E--pp----------pp--pp----------pp--pp--------E-pp--pp------XXXXXXXXXX--XXXX
(U)mario-4-2_136,----------------------------------------------------------------SSSSSSSSSSSSSSSS----------------------------------------------------------------------------------------E-----------E--pp----------pp--pp----------pp--pp--------E-pp--pp-------XXXXXXXXX--XXXXX
(U)mario-4-2_137,----------------------------------------------------------------SSSSSSSSSSSSSSSS---------------------------------------------------------------------------------------E-----------E--pp----------pp--pp----------pp--pp--------E-pp--pp--------XXXXXXXX--XXXXXX
(U)mario-4-2_138,----------------------------------------------------------------SSSSSSSSSSSSSSSS--------------------------------------------------------------------------------------E-----------E--pp----------pp--pp----------pp--pp----------pp--pp--------XXXXXXXX--XXXXXXX
(U)mario-4-2_139,----------------------------------------------------------------SSSSSSSSSSSSSSSS-------------------------------------------------------------------------------------E-----------E--pp----------pp--pp----------pp--pp---------Xpp--pp--------XXXXXXXX--XXXXXXXX
(U)mario-4-2_140,----------------------------------------------------------------SSSSSSSSSSSSSSSS------------------------------------------------------------------------------------E-----------E--pp-----------p--pp----------Xp--pp---------XXp--pp--------XXXXXXXX--XXXXXXXXX
(U)mario-4-2_141,----------------------------------------------------------------SSSSSSSSSSSSSSS------------------------------------------------------------------------------------E--------------pp--------------pp----------XX--pp---------XXX--pp--------XXXXXXXX--XXXXXXXXX-
(U)mario-4-2_142,---------------------------------------------------------------XSSSSSSSSSSSSSS------------------------------------------------------------------------------------E--------------pp--------------pp----------XX--pp---------XXXX-pp--------XXXX-XXX--XXXXXXXXX--
(U)mario-4-2_143,--------------------------------------------------------------XXSSSSSSSSSSSSS------------------------------------------------------------------------------------E--------------pp--------------pp----------XX--pp---------XXXXXpp--------XXXX--XX--XXXXXXXXX---
(U)mario-4-2_144,-------------------------------------------------------------XXXSSSSSSSSSSSS------------------------------------------------------------------------------------E---------------p---------------p----------XX---p---------XXXXXXp--------XXXX---X--XXXXXXXXX----
(U)mario-4-2_145,------------------------------------------------------------XXX-SSSSSSSSSSS-------------------------------------------------------------------------------------------------------------------------------XX-------------XXXXXX---------XXXX------XXXXXXXXX-----
(U)mario-4-2_146,-----------------------------------------------------------XXX--SSSSSSSSSS-----S---------------S---------------S---------------S---------------S---------------S-----------------------------------------XX-------------XXXXXX---------XXXX------XXXXXXXXX-----X
(U)mario-4-2_147,----------------------------------------------------------XXX---SSSSSSSSS-----SS--------------SS--------------SS--------------SS--------------S---------------S----------------Q---------------Q--------XX-------------XXXXXX---------XXXX------XXXXXXXXX-----XX
(U)mario-4-2_148,---------------------------------------------------------XXX----SSSSSSSS-----SSS-------------SSS-------------SSS-------------SSS-------------S---------------S----------------Qo--------------QQ-------XX-------------XXXXXX---------XXXX-------XXXXXXXX-----XXX
(U)mario-4-2_149,--------------------------------------------------------XXX-----SSSSSSS-----SSSS------------SSSS------------SSSS------------SSSS------------S---------------S----------------Qoo-------------QQS------XX-------------XXXXXX---------XXXX--------XXXXXXX-----XXXX
(U)mario-4-2_150,-------------------------------------------------------XXX------SSSSSS-----SSSSS-----------SSSSS-----------SSSSS-----------SSSSS-----------S---------------S----------------Qooo------------QQSS-----XX-------------XXXXXX---------XXXX---------XXXXXX-----XXXXX
(U)mario-4-2_151,------------------------------------------------------XXX-------SSSSS-----SSSSSS----------SSSSSS----------SSSSSS----------SSSSSS----------S---------------S----------------Qoooo-----------QQSSS----XX-------------XXXXXX---------XXXX----------XXXXX-----XXXXXX
(U)mario-4-2_152,-----------------------------------------------------XXX--------SSSS-----SSSSSSS---------SSSSSSS---------SSSSSSS---------SSSSSSS---------S---------------S----------------Qooooo----------QQSSSS---XX-------------XXXXXX---------XXXX-----------XXXX-----XXXXXXX
(U)mario-4-2_153,----------------------------------------------------XXX---------SSS-----SSSSSSSS--------SSSSSSSS--------SSSSSSSS--------SSSSSSSS--------S---------------S----------------Qoooooo---------QQSSSSS--XX-------------XXXXXX---------XXXX------------XXX-----XXXXXXXX
(U)mario-4-2_154,---------------------------------------------------XXX----------SS-----SSSSSSSSS-------SSSSSSSSS-------SSSSSSSSS-------SSSSSSSSS-------S---------------S----------------Qooooooo--------QQSSSSSS-XX-------------XXXXXX----------XXX------------EXX-----XXXXXXXXX
(U)mario-4-2_155,--------------------------------------------------XXX-----------S-----SSSSSSSSSS------SSSSSSSSSS------SSSSSSSSSS------SSSSSSSSSS------S---------------S----------------Qoooooooo-------QQSSSSSSSXX--------------XXXXX-----------XX------------EEX-----XXXXXXXXXX
(U)mario-4-2_156,-------------------------------------------------XXX-----------------SSSSSSSSSSS-----SSSSSSSSSSS-----SSSSSSSSSSS-----SSSSSSSSSSS-----S---------------S----------------Qooooooooo------QQSSSSSSSSX---------------XXXX------------X------------EE------XXXXXXXXXXX
(U)mario-4-2_157,------------------------------------------------XXX-----------------SSSSSSSSSSSS----SSSSSSSSSSSS----SSSSSSSSSSSS----SSSSSSSSSSSS----S---------------S----------------Qoooooooooo-----QQSSSSSSSSS----------------XXX-------------------------EE------XXXXXXXXXXXX
(U)mario-4-2_158,------------------------------------------------XX-----------------SSSSSSSSSSSSS---SSSSSSSSSSSSS---SSSSSSSSSSSSS---SSSSSSSSSSSSS---S---------------S----------------Qoooooooooo-----QQSSSSSSSSS-----------------XX-------------------------EE------XXXXXXXXXXXXX
(U)mario-4-2_159,------------------------------------------------X-----------------SSSSSSSSSSSSSS--SSSSSSSSSSSSSS--SSSSSSSSSSSSSS--SSSSSSSSSSSSSS--S---------------S----------------Qoooooooooo-----QQSSSSSSSSS------------------X-------------------------EE---X--XXXXXXXXXXXXXX
(U)mario-4-2_160,-----------------------------------------------------------------SSSSSSSSSSSSSSS-SSSSSSSSSSSSSSS-SSSSSSSSSSSSSSS-SSSSSSSSSSSSSSS-S---------------S----------------Qoooooooooo-----QQSSSSSSSSS----------------------------------X---------EE---XX-XXXXXXXXXXXXXXX
(U)mario-4-2_161,----------------------------------------------------------------SSSSSSSSSSSSSSSSSSSSSSSSSSSSSSSSSSSSSSSSSSSSSSSSSSSSSSSSSSSSSSSSS---------------S----------------Qoooooooooo-----QQSSSSSSSSS-------------------X--------------XX--------EE---XXXXXXXXXXXXXXXXXXX
(U)mario-4-2_162,----------------------------------------------------------------SSSSSSSSSSSSSSSSSSSSSSSSSSSSSSS-SSSSSSSSSSSSSSS-SSSSSSSSSSSSSSS---------------------------------Qoooooooooo-----QQSSSSSSSSS----X--------------XX-------------XXX-------EE---XXXXXXXXXXXXXXXXXXXX
(U)mario-4-2_163,----------------------------------------------------------------SSSSSSSSSSSSSSSSSSSSSSSSSSSSSS--SSSSSSSSSSSSSS--SSSSSSSSSSSSSS----------------------------------oooooooooo------QSSSSSSSSS----XX-------------XXX------------XXXX------EE---XXXXXXXXXXXXXXXXXXXXX
(U)mario-4-2_164,----------------------------------------------------------------SSSSSSSSSSSSSSSSSSSSSSSSSSSSS---SSSSSSSSSSSSS---SSSSSSSSSSSSS-----------------------------------ooooooooo-------SSSSSSSSS----XX-------------XXX------------XXXX------EE---XXXXX-XXXXXXXXXXXXXXXX
(U)mario-4-2_165,----------------------------------------------------------------SSSSSSSSSSSSSSSSSSSSSSSSSSSS----SSSSSSSSSSSS----SSSSSSSSSSSS------------------------------------oooooooo--------SSSSSSSS----XX-------------XXX------------XXXX------EE---XXXXX--XXXXXXXXXXXXXXXX
(U)mario-4-2_166,----------------------------------------------------------------SSSSSSSSSSSSSSSSSSSSSSSSSSS-----SSSSSSSSSSS-----SSSSSSSSSSS--------------------p---------------pooooooo--------pSSSSSSS----XX--p----------XXX--p---------XXXX--p---EE---XXXXX--pXXXXXXXXXXXXXXXX
(U)mario-4-2_167,----------------------------------------------------------------SSSSSSSSSSSSSSSSSSSSSSSSSS------SSSSSSSSSS------SSSSSSSSSS-----E--------------pp--------------ppoooooo--------ppSSSSSS----XX--pp---------XXX--pp--------XXXX--pp--EE---XXXXX--ppXXXXXXXXXXXXXXXX
(U)mario-4-2_168,----------------------------------------------------------------SSSSSSSSSSSSSSSSSSSSSSSSS-------SSSSSSSSS-------SSSSSSSSS-----E--------------pp--------------pp-ooooo--------pp-SSSSS----XX--pp---------XXX--pp--------XXXX--pp--EE---XXXXX--pp-XXXXXXXXXXXXXXXX
(U)mario-4-2_169,----------------------------------------------------------------SSSSSSSSSSSSSSSSSSSSSSSS--------SSSSSSSS--------SSSSSSSS-----E--------------pp--------------pp--oooo--------pp--SSSS----XX--pp---------XXX--pp--------XXXX--pp--EE---XXXXX--pp--XXXXXXXXXXXXXXX-
(U)mario-4-2_170,----------------------------------------------------------------SSSSSSSSSSSSSSSSSSSSSSS---------SSSSSSS---------SSSSSSS-----E--------------pp--------------pp---ooo--------pp---SSS----XX--pp---------XXX--pp--------XXXX--pp---E---XXXXX--pp---XXXXXXXXXXXXXX--
(U)mario-4-2_171,----------------------------------------------------------------SSSSSSSSSSSSSSSSSSSSSS----------SSSSSS----------SSSSSS-----E--------------pp--------------pp----oo--------pp----SS----XX--pp---------XXX--pp---S----XXXX--pp---S---XXXXX--pp---SXXXXXXXXXXXXX--X
(U)mario-4-2_172,----------------------------------------------------------------SSSSSSSSSSSSSSSSSSSSS-----------SSSSS-----------SSSSS-----E--------------pp--------------pp-----o--------pp-----S----XX--pp---------XXX--pp---SS---XXXX--pp---SS--XXXXX--pp---SSXXXXXXXXXXXX--XX
(W)mario-1-1_1,------------------------------------------------------------------------------------------------------------------------------------------------------------------------------------------------------------------------------------------------XXXXXXXXXXXXXXXX
(W)mario-1-1_2,-----------------------------------------------------------------------------------------------------------------------------------------------------------------------------------------------Q------------------------------------------------XXXXXXXXXXXXXXXX
(W)mario-1-1_3,----------------------------------------------------------------------------------------------------------------------------------------------------------------------------------------------Q-------------------------------------------------XXXXXXXXXXXXXXXX
(W)mario-1-1_4,---------------------------------------------------------------------------------------------------------------------------------------------------------------------------------------------Q--------------------------------------------------XXXXXXXXXXXXXXXX
(W)mario-1-1_5,--------------------------------------------------------------------------------------------------------------------------------------------------------------------------------------------Q---------------------------------------------------XXXXXXXXXXXXXXXX
(W)mario-1-1_6,-------------------------------------------------------------------------------------------------------------------------------------------------------------------------------------------Q---S------------------------------------------------XXXXXXXXXXXXXXXX
(W)mario-1-1_7,------------------------------------------------------------------------------------------------------------------------------------------------------------------------------------------Q---SQ-----------------------------------------------EXXXXXXXXXXXXXXXX
(W)mario-1-1_8,-------------------------------------------------------------------------------------------------------------------------------Q---------------------------------------------------------Q---SQS----------------------------------------------E-XXXXXXXXXXXXXXXX
(W)mario-1-1_9,------------------------------------------------------------------------------------------------------------------------------Q---------------------------------------------------------Q---SQSQ---------------------------------------------E--XXXXXXXXXXXXXXXX
(W)mario-1-1_10,-----------------------------------------------------------------------------------------------------------------------------Q---------------------------------------------------------Q---SQSQS--------------------------------------------E---XXXXXXXXXXXXXXXX
(W)mario-1-1_11,----------------------------------------------------------------------------------------------------------------------------Q---------------------------------------------------------Q---SQSQS--------------------------------------------E----XXXXXXXXXXXXXXXX
(W)mario-1-1_12,---------------------------------------------------------------------------------------------------------------------------Q---------------------------------------------------------Q---SQSQS--------------------------------------------E-----XXXXXXXXXXXXXXXX
(W)mario-1-1_13,--------------------------------------------------------------------------------------------------------------------------Q---------------------------------------------------------Q---SQSQS--------------------------------------------E------XXXXXXXXXXXXXXXX
(W)mario-1-1_14,-------------------------------------------------------------------------------------------------------------------------Q---------------------------------------------------------Q---SQSQS-----------------------------------p--------E------pXXXXXXXXXXXXXXXX
(W)mario-1-1_15,------------------------------------------------------------------------------------------------------------------------Q---------------------------------------------------------Q---SQSQS-----------------------------------pp-------E------ppXXXXXXXXXXXXXXXX
(W)mario-1-1_16,-----------------------------------------------------------------------------------------------------------------------Q---------------------------------------------------------Q---SQSQS-----------------------------------pp-------E------pp-XXXXXXXXXXXXXXXX
(W)mario-1-1_17,----------------------------------------------------------------------------------------------------------------------Q---------------------------------------------------------Q---SQSQS-----------------------------------pp-------E------pp--XXXXXXXXXXXXXXXX
(W)mario-1-1_18,---------------------------------------------------------------------------------------------------------------------Q-------------------------------------------------------------SQSQS-----------------------------------pp-------E------pp---XXXXXXXXXXXXXXXX
(W)mario-1-1_19,--------------------------------------------------------------------------------------------------------------------Q-------------------------------------------------------------SQSQS-----------------------------------pp-------E------pp----XXXXXXXXXXXXXXXX
(W)mario-1-1_20,-------------------------------------------------------------------------------------------------------------------Q-------------------------------------------------------------SQSQS-----------------------------------pp-------E------pp-----XXXXXXXXXXXXXXXX
(W)mario-1-1_21,------------------------------------------------------------------------------------------------------------------Q-------------------------------------------------------------SQSQS-----------------------------------pp-------E------pp------XXXXXXXXXXXXXXXX
(W)mario-1-1_22,-----------------------------------------------------------------------------------------------------------------Q--------------------------------------------------------------QSQS-----------------------------------pp-------E------pp-------XXXXXXXXXXXXXXXX
(W)mario-1-1_23,----------------------------------------------------------------------------------------------------------------Q---------------------------------------------------------------SQS-----------------------------------pp--------------pp--------XXXXXXXXXXXXXXXX
(W)mario-1-1_24,--------------------------------------------------------------------------------------------------------------------------------------------------------------------------------QS-----------------------------p-----pp--------p-----pp--------pXXXXXXXXXXXXXXXX
(W)mario-1-1_25,--------------------------------------------------------------------------------------------------------------------------------------------------------------------------------S-----------------------------pp----pp--------pp----pp--------ppXXXXXXXXXXXXXXXX
(W)mario-1-1_26,-------------------------------------------------------------------------------------------------------------------------------------------------------------------------------------------------------------pp----pp--------pp----pp--------pp-XXXXXXXXXXXXXXXX
(W)mario-1-1_27,------------------------------------------------------------------------------------------------------------------------------------------------------------------------------------------------------------pp----pp--------pp----pp--------pp-EXXXXXXXXXXXXXXXX
(W)mario-1-1_28,-----------------------------------------------------------------------------------------------------------------------------------------------------------------------------------------------------------pp----pp--------pp----pp--------pp-E-XXXXXXXXXXXXXXXX
(W)mario-1-1_29,----------------------------------------------------------------------------------------------------------------------------------------------------------------------------------------------------------pp----pp--------pp----pp--------pp-E--XXXXXXXXXXXXXXXX
(W)mario-1-1_30,---------------------------------------------------------------------------------------------------------------------------------------------------------------------------------------------------------pp-----p--------pp-----p--------pp-E---XXXXXXXXXXXXXXXX
(W)mario-1-1_31,--------------------------------------------------------------------------------------------------------------------------------------------------------------------------------------------------------pp--------------pp--------------pp-E----XXXXXXXXXXXXXXXX
(W)mario-1-1_32,-----------------------------------------------------------------------------------------------------------------------------------------------------------------------------------------------p-------pp------p-------pp------p-------pp-E----pXXXXXXXXXXXXXXXX
(W)mario-1-1_33,----------------------------------------------------------------------------------------------------------------------------------------------------------------------------------------------pp------pp------pp------pp------pp------pp-E----ppXXXXXXXXXXXXXXXX
(W)mario-1-1_34,---------------------------------------------------------------------------------------------------------------------------------------------------------------------------------------------pp------pp------pp------pp------pp------pp-E----pp-XXXXXXXXXXXXXXXX
(W)mario-1-1_35,--------------------------------------------------------------------------------------------------------------------------------------------------------------------------------------------pp------pp------pp------pp------pp------pp-E----pp--XXXXXXXXXXXXXXXX
(W)mario-1-1_36,-------------------------------------------------------------------------------------------------------------------------------------------------------------------------------------------pp------pp------pp------pp------pp------pp-E----pp---XXXXXXXXXXXXXXXX
(W)mario-1-1_37,------------------------------------------------------------------------------------------------------------------------------------------------------------------------------------------pp------pp------pp------pp------pp------pp-E----pp----XXXXXXXXXXXXXXXX
(W)mario-1-1_38,-----------------------------------------------------------------------------------------------------------------------------------------------------------------------------------------pp------pp------pp------pp------pp------pp-E----pp-----XXXXXXXXXXXXXXXX
(W)mario-1-1_39,----------------------------------------------------------------------------------------------------------------------------------------------------------------------------------------pp------pp------pp------pp------pp------pp-E----pp-----EXXXXXXXXXXXXXXXX
(W)mario-1-1_40,---------------------------------------------------------------------------------------------------------------------------------------------------------------------------------------pp-------p------pp-------p------pp-------p-E----pp-----E-XXXXXXXXXXXXXXXX
(W)mario-1-1_41,--------------------------------------------------------------------------------------------------------------------------------------------------------------------------------------pp--------------pp--------------pp---------E----pp-----E-EXXXXXXXXXXXXXXXX
(W)mario-1-1_42,-------------------------------------------------------------------------------------------------------------------------------------------------------------------------------------pp--------------pp--------------pp---------E----pp-----E-E-XXXXXXXXXXXXXXXX
(W)mario-1-1_43,------------------------------------------------------------------------------------------------------------------------------------------------------------------------------------pp---------p----pp---------p----pp---------p----pp-----E-E-pXXXXXXXXXXXXXXXX
(W)mario-1-1_44,-----------------------------------------------------------------------------------------------------------------------------------------------------------------------------------pp---------pp---pp---------pp---pp---------pp---pp-----E-E-ppXXXXXXXXXXXXXXXX
(W)mario-1-1_45,----------------------------------------------------------------------------------------------------------------------------------------------------------------------------------pp---------pp---pp---------pp---pp---------pp---pp-----E-E-pp-XXXXXXXXXXXXXXXX
(W)mario-1-1_46,---------------------------------------------------------------------------------------------------------------------------------------------------------------------------------pp---------pp---pp---------pp---pp---------pp---pp-----E-E-pp--XXXXXXXXXXXXXXXX
(W)mario-1-1_47,--------------------------------------------------------------------------------------------------------------------------------------------------------------------------------pp---------pp---pp---------pp---pp---------pp---pp-----E-E-pp---XXXXXXXXXXXXXXXX
(W)mario-1-1_48,--------------------------------------------------------------------------------------------------------------------------------------------------------------------------------p---------pp----p---------pp----p---------pp----p-----E-E-pp----XXXXXXXXXXXXXXXX
(W)mario-1-1_49,-----------------------------------------------------------------------------------------------------------------------------------------------------------------------------------------pp--------------pp--------------pp----------E-E-pp-----XXXXXXXXXXXXXXXX
(W)mario-1-1_50,-------------------------------------------------------------------------------------------------------------------------------------------------------------------------------S--------pp--------------pp--------------pp----------E-E-pp------XXXXXXXXXXXXXXXX
(W)mario-1-1_51,------------------------------------------------------------------------------------------------------------------------------------------------------------------------------S--------pp--------------pp--------------pp----------E-E-pp-------XXXXXXXXXXXXXXXX
(W)mario-1-1_52,-----------------------------------------------------------------------------------------------------------------------------------------------------------------------------S--------pp--------------pp--------------pp----------E-E-pp--------XXXXXXXXXXXXXXXX
(W)mario-1-1_53,----------------------------------------------------------------------------------------------------------------------------------------------------------------------------S--------pp--------------pp--------------pp----------E-E-pp---------XXXXXXXXXXXXXXXX
(W)mario-1-1_54,---------------------------------------------------------------------------------------------------------------------------------------------------------------------------S--------pp--------------pp--------------pp----------E-E-pp----------XXXXXXXXXXXXXXXX
(W)mario-1-1_55,--------------------------------------------------------------------------------------------------------------------------------------------------------------------------S--------pp--------------pp--------------pp------------E-pp-----------XXXXXXXXXXXXXXX-
(W)mario-1-1_56,-------------------------------------------------------------------------------------------------------------------------------------------------------------------------S--------pp--------------pp--------------pp------------E-pp------------XXXXXXXXXXXXXX--
(W)mario-1-1_57,------------------------------------------------------------------------------------------------------------------------------------------------------------------------S--------pp--------------pp--------------pp--------------pp-------------XXXXXXXXXXXXX--X
(W)mario-1-1_58,-----------------------------------------------------------------------------------------------------------------------------------------------------------------------S--------pp--------------pp--------------pp--------------pp--------------XXXXXXXXXXXX--XX
(W)mario-1-1_59,----------------------------------------------------------------------------------------------------------------------------------------------------------------------S---------p---------------p---------------p---------------p---------------XXXXXXXXXXX--XXX
(W)mario-1-1_60,---------------------------------------------------------------------------------------------------------------------------------------------------------------------S--------------------------------------------------------------------------XXXXXXXXXX--XXXX
(W)mario-1-1_61,--------------------------------------------------------------------------------------------------------------------------------------------------------------------S---------------------------------------------------------------------------XXXXXXXXX--XXXXX
(W)mario-1-1_62,-------------------------------------------------------------------------------------------------------------------------------------------------------------------S----------------------------------------------------------------------------XXXXXXXX--XXXXXX
(W)mario-1-1_63,------------------------------------------------------------------------------------------------------------------------------------------------------------------S----------------------------S------------------------------------------------XXXXXXX--XXXXXXX
(W)mario-1-1_64,-----------------------------------------------------------------------------------------------------------------------------------------------------------------S----------------------------SQ------------------------------------------------XXXXXX--XXXXXXXX
(W)mario-1-1_65,---------------------------------------------------------------------------------------------------------------------------------------------------------------ES----------------------------SQS------------------------------------------------XXXXX--XXXXXXXXX
(W)mario-1-1_66,-------------------------------------------------------------------------------------------------------------------------------S------------------------------E-----------------------------SQS-------------------------------------------------XXXX--XXXXXXXXXX
(W)mario-1-1_67,------------------------------------------------------------------------------------------------------------------------------SS-----------------------------E-----------------------------SQS--------------------------------------------------XXX--XXXXXXXXXXX
(W)mario-1-1_68,---------------------------------------------------------------------------------------------------------------E-------------SSS----------------------------E-----------------------------SQS---------------------------------------------------XX--XXXXXXXXXXXX
(W)mario-1-1_69,--------------------------------------------------------------------------------------------------------------E-------------SSSS---------------------------E-----------------------------SQS----------------------------------------------------X--XXXXXXXXXXXXX
(W)mario-1-1_70,-------------------------------------------------------------------------------------------------------------E-------------SSSSS--------------------------E-----------------------------SQS-------------------------------------------------------XXXXXXXXXXXXXX
(W)mario-1-1_71,------------------------------------------------------------------------------------------------------------E-------------SSSSSS-------------------------E-----------------------------SQS-------------------------------------------------------XXXXXXXXXXXXXXX
(W)mario-1-1_72,-----------------------------------------------------------------------------------------------------------E-------------SSSSSSS------------------------E-----------------------------SQS-------------------------------------------------------XXXXXXXXXXXXXXX-
(W)mario-1-1_73,----------------------------------------------------------------------------------------------------------E-------------SSSSSSSS-----------------------E-----------------------------SQS--------------------------------------------------------XXXXXXXXXXXXXX--
(W)mario-1-1_74,---------------------------------------------------------------------------------------------------------E-------------SSSSSSSS-----------------------E-----------------------------SQS---------------------------------------------------------XXXXXXXXXXXXX---
(W)mario-1-1_75,--------------------------------------------------------------------------------------------------------E-------------SSSSSSSS-----------------------E-----------------------------SQS----------------------------------------------------------XXXXXXXXXXXX---X
(W)mario-1-1_76,-------------------------------------------------------------------------------------------------------E-------------SSSSSSSS-----------------------E-----------------------------SQS-----------------------------------------------------------XXXXXXXXXXX---XX
(W)mario-1-1_77,------------------------------------------------------------------------------------------------------E-------------SSSSSSSS---S-------------------E-----------------------------SQS------------------------------------------------------------XXXXXXXXXX---XXX
(W)mario-1-1_78,-----------------------------------------------------------------------------------------------------E-------------SSSSSSSS---SS------------------E-----------------------------SQS-------------------------------------------------------------XXXXXXXXX---XXXX
(W)mario-1-1_79,----------------------------------------------------------------------------------------------------E-------------SSSSSSSS---SSS-----------------E------------------------------QS--------------------------------------------------------------XXXXXXXX---XXXXX
(W)mario-1-1_80,---------------------------------------------------------------------------------------------------E-------------SSSSSSSS---SSSQ----------------E-------------------------------S--------------S------------------------------------------------XXXXXXX---XXXXXX
(W)mario-1-1_81,--------------------------------------------------------------------------------------------------E-------------SSSSSSSS---SSSQ---------------------------------------------------------------S------------------------------------------------EXXXXXX---XXXXXXX
(W)mario-1-1_82,-------------------------------------------------------------------------------------------------E--------------SSSSSSS---SSSQ---------------------------------------------------------------S------------------------------------------------E-XXXXX---XXXXXXXX
(W)mario-1-1_83,------------------------------------------------------------------------------------------------E---------------SSSSSS---SSSQ---------------------------------------------------------------S------------------------------------------------E-EXXXX---XXXXXXXXX
(W)mario-1-1_84,----------------------------------------------------------------------------------------------------------------SSSSS---SSSQ---------------------------------------------------------------S------------------------------------------------E-E-XXX---XXXXXXXXXX
(W)mario-1-1_85,----------------------------------------------------------------------------------------------------------------SSSS---SSSQ---------------------------------------------------------------S------------------------------------------------E-E--XX---XXXXXXXXXXX
(W)mario-1-1_86,----------------------------------------------------------------------------------------------------------------SSS---SSSQ---------------------------------------------------------------S-----S------------------------------------------E-E---X---XXXXXXXXXXXX
(W)mario-1-1_87,----------------------------------------------------------------------------------------------------------------SS---SSSQ---------------------------------------------------------------S-----SS-----------------------------------------E-E-------XXXXXXXXXXXXX
(W)mario-1-1_88,----------------------------------------------------------------------------------------------------------------S---SSSQ---------------------------------------------------------------S-----SS-----------------------------------------E-E-------XXXXXXXXXXXXXX
(W)mario-1-1_89,-------------------------------------------------------------------------------------------------------------------SSSQ---------------------------------------------------------------S-----SS-----------------------------------------E-E-------XXXXXXXXXXXXXXX
(W)mario-1-1_90,------------------------------------------------------------------------------------------------------------------SSSQ---------------------------------------------------------------S-----SS-----------------------------------------E-E-------XXXXXXXXXXXXXXXX
(W)mario-1-1_91,-----------------------------------------------------------------------------------------------------------------SSSQ---------------------------------------------------------------S-----SS-----------------------------------------E-E--------XXXXXXXXXXXXXXXX
(W)mario-1-1_92,----------------------------------------------------------------------------------------------------------------SSSQ---------------------------------------------------------------S-----SS----Q------------------------------------E-E--------EXXXXXXXXXXXXXXXX
(W)mario-1-1_93,----------------------------------------------------------------------------------------------------------------SSQ---------------------------------------------------------------S-----SS----Q------------------------------------E-E--------E-XXXXXXXXXXXXXXXX
(W)mario-1-1_94,----------------------------------------------------------------------------------------------------------------SQ---------------------------------------------------------------S-----SS----Q------------------------------------E-E--------E--XXXXXXXXXXXXXXXX
(W)mario-1-1_95,----------------------------------------------------------------------------------------------------------------Q--------------Q------------------------------------------------S-----SS----Q--Q---------------------------------E-E--------E---XXXXXXXXXXXXXXXX
(W)mario-1-1_96,------------------------------------------------------------------------------------------------------------------------------Q------------------------------------------------------SS----Q--Q---------------------------------E-E--------E----XXXXXXXXXXXXXXXX
(W)mario-1-1_97,-----------------------------------------------------------------------------------------------------------------------------Q------------------------------------------------------SS----Q--Q-----------------------------------E--------E-----XXXXXXXXXXXXXXXX
(W)mario-1-1_98,----------------------------------------------------------------------------------------------------------------------------Q------------------------------------------------------SS----Q--Q--Q--------------------------------E--------E------XXXXXXXXXXXXXXXX
(W)mario-1-1_99,---------------------------------------------------------------------------------------------------------------------------Q------------------------------------------------------SS----Q--Q--Q-----------------------------------------E-------XXXXXXXXXXXXXXXX
(W)mario-1-1_100,--------------------------------------------------------------------------------------------------------------------------Q------------------------------------------------------SS----Q--Q--Q-----------------------------------------E--------XXXXXXXXXXXXXXXX
(W)mario-1-1_101,-------------------------------------------------------------------------------------------------------------------------Q------------------------------------------------------SS----Q--Q--Q-----------------------------------------E---------XXXXXXXXXXXXXXXX
(W)mario-1-1_102,------------------------------------------------------------------------------------------------------------------------Q-------------------------------------------------------S----Q--Q--Q-----------------------------------------E----------XXXXXXXXXXXXXXXX
(W)mario-1-1_103,-----------------------------------------------------------------------------------------------------------------------Q------------------------------------------------------------Q--Q--Q-----------------------------------------E-----------XXXXXXXXXXXXXXXX
(W)mario-1-1_104,----------------------------------------------------------------------------------------------------------------------Q------------------------------------------------------------Q--Q--Q-----S-----------------------------------E------------XXXXXXXXXXXXXXXX
(W)mario-1-1_105,---------------------------------------------------------------------------------------------------------------------Q------------------------------------------------------------Q--Q--Q-----S-----------------------------------E-------------XXXXXXXXXXXXXXXX
(W)mario-1-1_106,--------------------------------------------------------------------------------------------------------------------Q------------------------------------------------------------Q--Q--Q-----S-----------------------------------E--------------XXXXXXXXXXXXXXXX
(W)mario-1-1_107,-------------------------------------------------------------------------------------------------------------------Q-----------S------------------------------------------------Q--Q--Q-----S-----------------------------------E---------------XXXXXXXXXXXXXXXX
(W)mario-1-1_108,------------------------------------------------------------------------------------------------------------------Q-----------SS--------------------------------------------------Q--Q-----S----------------------------------------------------XXXXXXXXXXXXXXXX
(W)mario-1-1_109,-----------------------------------------------------------------------------------------------------------------Q-----------SSS-------------------------------------------------Q--Q-----S-----------------------------------------------------XXXXXXXXXXXXXXXX
(W)mario-1-1_110,----------------------------------------------------------------------------------------------------------------Q-----------SSS-------------------------------------------------Q--Q-----S-----------------------------------------------------EXXXXXXXXXXXXXXXX
(W)mario-1-1_111,---------------------------------------------------------------------------------------------------------------------------SSS----------------------------------------------------Q-----S-----------------------------------------------------EEXXXXXXXXXXXXXXXX
(W)mario-1-1_112,--------------------------------------------------------------------------------------------------------------------------SSS----------------------------------------------------Q-----S-----------------------------------------------------EE-XXXXXXXXXXXXXXXX
(W)mario-1-1_113,-------------------------------------------------------------------------------------------------------------------------SSS----------------------------------------------------Q-----S-----------------------------------------------------EE-EXXXXXXXXXXXXXXXX
(W)mario-1-1_114,------------------------------------------------------------------------------------------------------------------------SSS----S-----------------------------------------------------S-----------------------------------------------------EE-E-XXXXXXXXXXXXXXXX
(W)mario-1-1_115,-----------------------------------------------------------------------------------------------------------------------SSS----SQ----------------------------------------------------S----------S------------------------------------------EE-E-EXXXXXXXXXXXXXXXX
(W)mario-1-1_116,----------------------------------------------------------------------------------------------------------------------SSS----SQQ---------------------------------------------------S----------SS-----------------------------------------EE-E-E-XXXXXXXXXXXXXXXX
(W)mario-1-1_117,---------------------------------------------------------------------------------------------------------------------SSS----SQQS--------------------------------------------------S----------SS-----------------------------------------EE-E-E--XXXXXXXXXXXXXXXX
(W)mario-1-1_118,--------------------------------------------------------------------------------------------------------------------SSS----SQQS--------------------------------------------------S----------SS-----------------------------------------EE-E-E---XXXXXXXXXXXXXXXX
(W)mario-1-1_119,-------------------------------------------------------------------------------------------------------------------SSS----SQQS--------------------------------------------------S----------SS-----------------------------------------EE-E-E----XXXXXXXXXXXXXXXX
(W)mario-1-1_120,------------------------------------------------------------------------------------------------------------------SSS----SQQS-------------------------------------------------------------SS-----------------------------------------EE-E-E----XXXXXXXXXXXXXXXXX
(W)mario-1-1_121,-----------------------------------------------------------------------------------------------------------------SSS----SQQS-------------------------------------------------------------SS------------------------------------X----EE-E-E----XXXXXXXXXXXXXXXXXX
(W)mario-1-1_122,----------------------------------------------------------------------------------------------------------------SSS----SQQS-------------------------------------------------------------SS---------------------X--------------XX---EE-E-E----XXXXXXXXXXXXXXXXXXX
(W)mario-1-1_123,----------------------------------------------------------------------------------------------------------------SS----SQQS-------------------------------------------------------------SS------X--------------XX-------------XXX--EE-E-E----XXXXXXXXXXXXXXXXXXXX
(W)mario-1-1_124,----------------------------------------------------------------------------------------------------------------S----SQQS-------------------------------------------------------------SS------X--------------XX-------------XXX--EE-E-E----XXXX-XXXXXXXXXXXXXXXX
(W)mario-1-1_125,--------------------------------------------------------------------------------------------------------------------SQQS-------------------------------------------------------------SS------X--------------XX-------------XXX--EE-E-E----XXXX--XXXXXXXXXXXXXXXX
(W)mario-1-1_126,-------------------------------------------------------------------------------------------------------------------SQQS-------------------------------------------------------------SS------X--X-----------XX--X----------XXX--XE-E-E----XXXX--XXXXXXXXXXXXXXXXX
(W)mario-1-1_127,------------------------------------------------------------------------------------------------------------------SQQS-------------------------------------------------------------SS------X--X-----------XX--XX---------XXX--XX-E-E----XXXX--XXXXXXXXXXXXXXXXXX
(W)mario-1-1_128,-----------------------------------------------------------------------------------------------------------------SQQS-------------------------------------------------------------SS------X--X-----------XX--XX---------XXX--XXXE-E----XXXX--XXXXXXXXXXXXXXXXXXX
(W)mario-1-1_129,----------------------------------------------------------------------------------------------------------------SQQS-------------------------------------------------------------SS------X--X-----------XX--XX---------XXX--XXX--E----XXXX--XXXXXXXXXXXXXXXXXXXX
(W)mario-1-1_130,----------------------------------------------------------------------------------------------------------------QQS-------------------------------------------------------------SS------X--X-----------XX--XX---------XXX--XXX--E----XXXX--XXXX-XXXXXXXXXXXXXXXX
(W)mario-1-1_131,----------------------------------------------------------------------------------------------------------------QS--------------------------------------------------------------S------X--X-----------XX--XX---------XXX--XXX-------XXXX--XXXX--XXXXXXXXXXXXXXXX
(W)mario-1-1_132,----------------------------------------------------------------------------------------------------------------S---------------------------------------------------------------------X--X-----------XX--XX---------XXX--XXX-------XXXX--XXXX---XXXXXXXXXXXXXXXX
(W)mario-1-1_133,-------------------------------------------------------------------------------------------------------------------------------------------------------------------------------------X--X-----------XX--XX---------XXX--XXX-------XXXX--XXXX----XXXXXXXXXXXXXXXX
(W)mario-1-1_134,------------------------------------------------------------------------------------------------------------------------------------------------------------------------------------X--X-----------XX--XX---------XXX--XXX-------XXXX--XXXX----XXXXXXXXXXXXXXXXX
(W)mario-1-1_135,-----------------------------------------------------------------------------------------------------------------------------------------------------------------------------------X--X-----------XX--XX---------XXX--XXX------XXXXX--XXXX----XXXXXXXXXXXXXXXXXX
(W)mario-1-1_136,----------------------------------------------------------------------------------------------------------------------------------------------------------------------------------X--X-----------XX--XX--------XXXX--XXX------XXXXX--XXXX----XXXXXXXXXXXXXXXXXXX
(W)mario-1-1_137,---------------------------------------------------------------------------------------------------------------------------------------------------------------------------------X--X----------XXX--XX--------XXXX--XXX------XXXXX--XXXX----XXXXXXXXXXXXXXXXXXXX
(W)mario-1-1_138,--------------------------------------------------------------------------------------------------------------------------------------------------------------------------------X--X----------XXX--XX--------XXXX--XXX------XXXXX--XXXX----XXXXXXXXXXXXXXXXXXXXX
(W)mario-1-1_139,----------------------------------------------------------------------------------------------------------------------------------------------------------------------------------X----------XX---XX--------XXX---XXX------XXXX---XXXX----XXXXX-XXXXXXXXXXXXXXX-
(W)mario-1-1_140,---------------------------------------------------------------------------------------------------------------------------------------------------------------------------------X----------XX---XX--------XXX---XXX------XXXX---XXXX----XXXXX--XXXXXXXXXXXXXX--
(W)mario-1-1_141,--------------------------------------------------------------------------------------------------------------------------------------------------------------------------------X----------XX--XXX--------XXX--XXXX------XXXX--XXXXX----XXXXX--XXXXXXXXXXXXXX--X
(W)mario-1-1_142,------------------------------------------------------------------------------------------------------------------------------------------------------------------------------------------XX--X-X--------XXX--XXXX------XXXX--XXXXX----XXXXX--XXXXXXXXXXXXXX--XX
(W)mario-1-1_143,-----------------------------------------------------------------------------------------------------------------------------------------------------------------------------------------XX--X----------XXX--XX-X------XXXX--XXXXX----XXXXX--XXXXXXXXXXXXXX--XXX
(W)mario-1-1_144,----------------------------------------------------------------------------------------------------------------------------------------------------------------------------------------XX--X----------XXX--XX--------XXXX--XXX-X----XXXXX--XXXXXXXXXXXXXX--XXXX
(W)mario-1-1_145,---------------------------------------------------------------------------------------------------------------------------------------------------------------------------------------XX--X----------XXX--XX--------XXXX--XXX------XXXXX--XXXX-XXXXXXXXX--XXXXX
(W)mario-1-1_146,--------------------------------------------------------------------------------------------------------------------------------------------------------------------------------------XX--X----------XXX--XX--------XXXX--XXX------XXXXX--XXXX--XXXXXXXX--XXXXXX
(W)mario-1-1_147,-------------------------------------------------------------------------------------------------------------------------------------------------------------------------------------XX--X----------XXX--XX--------XXXX--XXX------XXXXX--XXXX---XXXXXXX--XXXXXXX
(W)mario-1-1_148,------------------------------------------------------------------------------------------------------------------------------------------------------------------------------------XX--X----------XXX--XX--------XXXX--XXX------XXXXX--XXXX----XXXXXX--XXXXXXXX
(W)mario-1-1_149,-----------------------------------------------------------------------------------------------------------------------------------------------------------------------------------XX--X----------XXX--XX--------XXXX--XXX-----pXXXXX--XXXX----pXXXXX--XXXXXXXXX
(W)mario-1-1_150,----------------------------------------------------------------------------------------------------------------------------------------------------------------------------------XX--X----------XXX--XX--------XXXX--XXX-----ppXXXX--XXXX----ppXXXX--XXXXXXXXXX
(W)mario-1-1_151,---------------------------------------------------------------------------------------------------------------------------------------------------------------------------------XX--X----------XXX--XX---------XXX--XXX-----pp-XXX--XXXX----pp-XXX--XXXXXXXXXXX
(W)mario-1-1_152,--------------------------------------------------------------------------------------------------------------------------------------------------------------------------------XX--X-----------XX--XX----------XX--XXX-----pp--XX--XXXX----pp--XX--XXXXXXXXXXXX
(W)mario-1-1_153,--------------------------------------------------------------------------------------------------------------------------------------------------------------------------------X--X------------X--XX-----------X--XXX-----pp---X--XXXX----pp---X--XXXXXXXXXXXXX
(W)mario-1-1_154,----------------------------------------------------------------------------------------------------------------------------------------------------------------------------------X------------S--XX--------------XXX-----pp------XXXX----pp------XXXXXXXXXXXXXX
(W)mario-1-1_155,---------------------------------------------------------------------------------------------------------------------------------------------------------------------------------X------------SS-XX--------------XXX-----pp------XXXX----pp------XXXXXXXXXXXXXXX
(W)mario-1-1_156,--------------------------------------------------------------------------------------------------------------------------------------------------------------------------------X------------SSQXX--------------XXX-----pp------XXXX----pp------XXXXXXXXXXXXXXXX
(W)mario-1-1_157,--------------------------------------------------------------------------------------------------------------------------------------------------------------------------------------------SSQSX---------------XX-----pp-------XXX----pp-------XXXXXXXXXXXXXXXX
(W)mario-1-1_158,-------------------------------------------------------------------------------------------------------------------------------------------------------------------------------------------SSQS-----------------X-----pp--------XX----pp--------XXXXXXXXXXXXXXXX
(W)mario-1-1_159,------------------------------------------------------------------------------------------------------------------------------------------------------------------------------------------SSQS-----------------------pp---------X----pp---------XXXXXXXXXXXXXXXX
(W)mario-1-1_160,-----------------------------------------------------------------------------------------------------------------------------------------------------------------------------------------SSQS-----------------------pp--------------pp---------EXXXXXXXXXXXXXXXX
(W)mario-1-1_161,----------------------------------------------------------------------------------------------------------------------------------------------------------------------------------------SSQS-----------------------pp--------------pp---------EEXXXXXXXXXXXXXXXX
(W)mario-1-1_162,---------------------------------------------------------------------------------------------------------------------------------------------------------------------------------------SSQS-----------------------pp--------------pp---------EE-XXXXXXXXXXXXXXXX
(W)mario-1-1_163,--------------------------------------------------------------------------------------------------------------------------------------------------------------------------------------SSQS-----------------------pp--------------pp---------EE--XXXXXXXXXXXXXXXX
(W)mario-1-1_164,-------------------------------------------------------------------------------------------------------------------------------------------------------------------------------------SSQS-----------------------pp--------------pp---------EE---XXXXXXXXXXXXXXXX
(W)mario-1-1_165,------------------------------------------------------------------------------------------------------------------------------------------------------------------------------------SSQS------------------------p--------------pp---------EE---pXXXXXXXXXXXXXXXX
(W)mario-1-1_166,-----------------------------------------------------------------------------------------------------------------------------------------------------------------------------------SSQS---------------------------------------pp---------EE---ppXXXXXXXXXXXXXXXX
(W)mario-1-1_167,----------------------------------------------------------------------------------------------------------------------------------------------------------------------------------SSQS---------------------------------------pp---------EE---ppXXXXXXXXXXXXXXXXX
(W)mario-1-1_168,---------------------------------------------------------------------------------------------------------------------------------------------------------------------------------SSQS---------------------------------------pp-X-------EE---ppXXXXXXXXXXXXXXXXXX
(W)mario-1-1_169,--------------------------------------------------------------------------------------------------------------------------------------------------------------------------------SSQS---------------------------X-----------pp-XX------EE---ppXXXXXXXXXXXXXXXXXXX
(W)mario-1-1_170,--------------------------------------------------------------------------------------------------------------------------------------------------------------------------------SQS------------X--------------XX----------pp-XXX-----EE---ppXXXXXXXXXXXXXXXXXXXX
(W)mario-1-1_171,-------------------------------------------------------------------------------------------------------------------------------------------------------------------------------XQS------------XX-------------XXX---------pp-XXXX----EE---ppXXXXXXXXXXXXXXXXXXXXX
(W)mario-1-1_172,---------------------------------------------------------------------------------------------------------------------------------------------------------------X--------------XXS------------XXX------------XXXX--------pp-XXXXX---EE---ppXXXXXXXXXXXXXXXXXXXXXX
(W)mario-1-1_173,-----------------------------------------------------------------------------------------------------------------------------------------------X--------------XX-------------XXX------------XXXX-----------XXXXX-------pp-XXXXXX--EE---ppXXXXXXXXXXXXXXXXXXXXXXX
(W)mario-1-1_174,-------------------------------------------------------------------------------------------------------------------------------X--------------XX-------------XXX------------XXXX-----------XXXXX----------XXXXXX------pp-XXXXXXX-EE---ppXXXXXXXXXXXXXXXXXXXXXXXX
(W)mario-1-1_175,------------------------------------------------------------------------------------------------------------------------------XX-------------XXX------------XXXX-----------XXXXX----------XXXXXX---------XXXXXXX-----pp-XXXXXXXXEE---ppXXXXXXXXXXXXXXXXXXXXXXXXX
(W)mario-1-1_176,-----------------------------------------------------------------------------------------------------------------------------XX-------------XXX------------XXXX-----------XXXXX----------XXXXXX---------XXXXXXX-----pp-XXXXXXXX-E---ppXXXXXXXXX-XXXXXXXXXXXXXXXX
(W)mario-1-1_177,----------------------------------------------------------------------------------------------------------------------------XX-------------XXX------------XXXX-----------XXXXX----------XXXXXX---------XXXXXXX-----pp-XXXXXXXX-----ppXXXXXXXXX--XXXXXXXXXXXXXXXX
(W)mario-1-1_178,---------------------------------------------------------------------------------------------------------------------------XX-------------XXX------------XXXX-----------XXXXX----------XXXXXX---------XXXXXXX-----pp-XXXXXXXX-----ppXXXXXXXXX---XXXXXXXXXXXXXXXX
(W)mario-1-1_179,--------------------------------------------------------------------------------------------------------------------------XX-------------XXX------------XXXX-----------XXXXX----------XXXXXX---------XXXXXXX-----pp-XXXXXXXX-----ppXXXXXXXXX----XXXXXXXXXXXXXXXX
(W)mario-1-1_180,-------------------------------------------------------------------------------------------------------------------------XX-------------XXX------------XXXX-----------XXXXX----------XXXXXX---------XXXXXXX-----pp-XXXXXXXX-----ppXXXXXXXXX-----XXXXXXXXXXXXXXXX
(W)mario-1-1_181,------------------------------------------------------------------------------------------------------------------------XX-------------XXX------------XXXX-----------XXXXX----------XXXXXX---------XXXXXXX------p-XXXXXXXX------pXXXXXXXXX------XXXXXXXXXXXXXXXX
(W)mario-1-1_182,-----------------------------------------------------------------------------------------------------------------------XX-------------XXX------------XXXX-----------XXXXX----------XXXXXX---------XXXXXXX--------XXXXXXXX-------XXXXXXXXX-------XXXXXXXXXXXXXXXX
(W)mario-1-1_183,----------------------------------------------------------------------------------------------------------------------XX-------------XXX------------XXXX-----------XXXXX----------XXXXXX---------XXXXXXX--------XXXXXXXX--------XXXXXXXX--------XXXXXXXXXXXXXXXX
(W)mario-1-1_184,---------------------------------------------------------------------------------------------------------------------XX-------------XXX------------XXXX-----------XXXXX----------XXXXXX---------XXXXXXX---------XXXXXXX---------XXXXXXX--------XXXXXXXXXXXXXXXXX
(W)mario-1-1_185,--------------------------------------------------------------------------------------------------------------------XX-------------XXX------------XXXX-----------XXXXX----------XXXXXX----------XXXXXX----------XXXXXX----------XXXXXX--------X-XXXXXXXXXXXXXXXX
(W)mario-1-1_186,-------------------------------------------------------------------------------------------------------------------XX-------------XXX------------XXXX-----------XXXXX-----------XXXXX-----------XXXXX-----------XXXXX-----------XXXXX--------X--XXXXXXXXXXXXXXXX
(W)mario-1-1_187,------------------------------------------------------------------------------------------------------------------XX-------------XXX------------XXXX------------XXXX------------XXXX------------XXXX------------XXXX------------XXXX--------X---XXXXXXXXXXXXXXXX
(W)mario-2-1_1,----------------------------------------------------------------------------------------------------------------------------------------------------------------------------------------SQS--------------------X--------------XX-------------XXXXXXXXXXXXXXXXXXX
(W)mario-2-1_2,---------------------------------------------------------------------------------------------------------------------------------------------------------------------------------------SQS-----E--------------XX-------------XXX------------XXXXXXXXXXXXXXXXXXXX
(W)mario-2-1_3,-------------------------------------------------------------------------------------------------------------------------------------------------------------------------------X------SQS-----EX-------------XXX------------XXXX-----------XXXXXXXXXXXXXXXXXXXXX
(W)mario-2-1_4,------------------------------------------------------------------------------------------------------------------------------------------------------------------------------X------SQS-----EX-------------XXX------------XXXX-----------XXXXX-XXXXXXXXXXXXXXXX
(W)mario-2-1_5,-----------------------------------------------------------------------------------------------------------------------------------------------------------------------------X------SQS-----EX-------------XXX------------XXXX-----------XXXXX--XXXXXXXXXXXXXXXX
(W)mario-2-1_6,----------------------------------------------------------------------------------------------------------------------------------------------------------------------------X------SQS-----EX-------------XXX------------XXXX-----------XXXXX---XXXXXXXXXXXXXXXX
(W)mario-2-1_7,-------------------------------------------------------------------------------------------------------------------------------S-------------------------------------------X------SQS-----EX---S---------XXX------------XXXX-----------XXXXX----XXXXXXXXXXXXXXXX
(W)mario-2-1_8,------------------------------------------------------------------------------------------------------------------------------SS------------------------------------------X------SQS-----EX---S---------XXX------------XXXX-----------XXXXX----EXXXXXXXXXXXXXXXX
(W)mario-2-1_9,-----------------------------------------------------------------------------------------------------------------------------SSS-----------------------------------------X------SQS-----EX---S---------XXX------------XXXX-----------XXXXX----EEXXXXXXXXXXXXXXXX
(W)mario-2-1_10,----------------------------------------------------------------------------------------------------------------------------SSSS----------------------------------------X-------QS-----EX---S---------XXX------------XXXX-----------XXXXX----EE-XXXXXXXXXXXXXXXX
(W)mario-2-1_11,---------------------------------------------------------------------------------------------------------------------------SSSS----------------------------------------X--------S-----EX---S---------XXX------------XXXX-----------XXXXX----EE--XXXXXXXXXXXXXXXX
(W)mario-2-1_12,--------------------------------------------------------------------------------------------------------------------------SSSS----------------------------------------X--------------EX---S---------XXX------------XXXX-----------XXXXX----EE---XXXXXXXXXXXXXXXX
(W)mario-2-1_13,-------------------------------------------------------------------------------------------------------------------------SSSS----------------------------------------X--------------EX---S-----X---XXX---------X--XXXX---------X-XXXXX----EE---XXXXXXXXXXXXXXXXX
(W)mario-2-1_14,------------------------------------------------------------------------------------------------------------------------SSSS----------------------------------------X--------------EX---S-----X---XXX---------X--XXXX---------XXXXXXX----EE---XXXXXXXXXXXXXXXXXX
(W)mario-2-1_15,-----------------------------------------------------------------------------------------------------------------------SSSS----------------------------------------X--------------EX---S-----X---XXX---------X--XXXX---------XX-XXXX----EE---XX-XXXXXXXXXXXXXXXX
(W)mario-2-1_16,----------------------------------------------------------------------------------------------------------------------SSSS----------------------------------------X--------------EX---S-----X---XXX---------X---XXX---------XX--XXX----EE---XX--XXXXXXXXXXXXXXXX
(W)mario-2-1_17,---------------------------------------------------------------------------------------------------------------------SSSS----------------------------------------X--------------EX---S-----X----XX---------X----XX---------XX---XX----EE---XX---XXXXXXXXXXXXXXXX
(W)mario-2-1_18,--------------------------------------------------------------------------------------------------------------------SSSS----------------------------------------X---------------X---S-----X-----X---------X-----X---------XX----X----EE---XX---EXXXXXXXXXXXXXXXX
(W)mario-2-1_19,-------------------------------------------------------------------------------------------------------------------SSSS------------------------------------------------------------S-----X---------------X---------------XX---------EE---XX---EEXXXXXXXXXXXXXXXX
(W)mario-2-1_20,------------------------------------------------------------------------------------------------------------------SSSS------------------------------------------------------------S-----X---------------X---------------XX---------EE---XX---EE-XXXXXXXXXXXXXXXX
(W)mario-2-1_21,-----------------------------------------------------------------------------------------------------------------SSSS------------------------------------------------------------S-----X---------------X---------------XX---------EE---XX---EE--XXXXXXXXXXXXXXXX
(W)mario-2-1_22,----------------------------------------------------------------------------------------------------------------SSSS------------------------------------------------------------S-----X---------------X---------------XX---------EE---XX---EE---XXXXXXXXXXXXXXXX
(W)mario-2-1_23,----------------------------------------------------------------------------------------------------------------SSS------------------------------------------------------------------X---------------X---------------XX---------EE---XX---EE----XXXXXXXXXXXXXXXX
(W)mario-2-1_24,----------------------------------------------------------------------------------------------------------------SS------------------------------------------------------------------X---------------X---------------XX----------E---XX---EE-----XXXXXXXXXXXXXXXX
(W)mario-2-1_25,----------------------------------------------------------------------------------------------------------------S------------------------------------------------------------------X-----------p---X-----------p---XX----------p---XX---EE-----pXXXXXXXXXXXXXXXX
(W)mario-2-1_26,-------------------------------------------------------------------------------------------------------------------------------------------------------------------------------E--X-----------pp--X-----------pp--XX----------pp--XX---EE-----ppXXXXXXXXXXXXXXXX
(W)mario-2-1_27,------------------------------------------------------------------------------------------------------------------------------------------------------------------------------E--X-----------pp--X-----------pp--XX----------pp--XX---EE-----pp-XXXXXXXXXXXXXXXX
(W)mario-2-1_28,-----------------------------------------------------------------------------------------------------------------------------------------------------------------------------E--X-----------pp--X-----------pp--XX----------pp--XX---EE-----pp--XXXXXXXXXXXXXXXX
(W)mario-2-1_29,----------------------------------------------------------------------------------------------------------------------------------------------------------------------------E--------------pp--------------pp---X----------pp---X---EE-----pp---XXXXXXXXXXXXXXXX
(W)mario-2-1_30,---------------------------------------------------------------------------------------------------------------------------------------------------------------------------E--------------pp--------------pp--------------pp-------EE-----pp----XXXXXXXXXXXXXXXX
(W)mario-2-1_31,--------------------------------------------------------------------------------------------------------------------------------------------------------------------------E--------------pp----E---------pp--------------pp-------EE-----pp-----XXXXXXXXXXXXXXXX
(W)mario-2-1_32,-------------------------------------------------------------------------------------------------------------------------------Q-----------------------------------------E--------------pp----EQ--------pp--------------pp-------EE-----pp------XXXXXXXXXXXXXXXX
(W)mario-2-1_33,------------------------------------------------------------------------------------------------------------------------------QQ----------------------------------------E--------------pp----EQQ-------pp--------------pp-------EE-----pp-------XXXXXXXXXXXXXXXX
(W)mario-2-1_34,-----------------------------------------------------------------------------------------------------------------------------QQQ---------------------------------------E--------------pp----EQQQ------pp--------------pp--------E-----pp--------XXXXXXXXXXXXXXXX
(W)mario-2-1_35,----------------------------------------------------------------------------------------------------------------------------QQQQ--------------------------------------E--------------pp----EQQQQ-----pp--------------pp--------------pp---------XXXXXXXXXXXXXXXX
(W)mario-2-1_36,---------------------------------------------------------------------------------------------------------------------------QQQQQ-------------------------------------E--------------pp----EQQQQQ----pp--------------pp--------------pp----------XXXXXXXXXXXXXXXX
(W)mario-2-1_37,--------------------------------------------------------------------------------------------------------------------------QQQQQ-------------------------------------E--------------pp----EQQQQQ----pp--------------pp--------------pp-----------XXXXXXXXXXXXXXXX
(W)mario-2-1_38,-------------------------------------------------------------------------------------------------------------------------QQQQQ-------------------------------------E--------------pp----EQQQQQ----pp--------------pp--------------pp-----------EXXXXXXXXXXXXXXXX
(W)mario-2-1_39,------------------------------------------------------------------------------------------------------------------------QQQQQ-------------------------------------E--------------pp----EQQQQQ----pp--------------pp--------------pp-----------E-XXXXXXXXXXXXXXXX
(W)mario-2-1_40,-----------------------------------------------------------------------------------------------------------------------QQQQQ-------------------------------------E--------------pp----EQQQQQ----pp--------------pp--------------pp-----------E-EXXXXXXXXXXXXXXXX
(W)mario-2-1_41,----------------------------------------------------------------------------------------------------------------------QQQQQ-------------------------------------E---------------p----EQQQQQ-----p---------------p---------------p-----------E-E-XXXXXXXXXXXXXXXX
(W)mario-2-1_42,---------------------------------------------------------------------------------------------------------------------QQQQQ----------------------------------------------------------EQQQQQ-------------------------------------------------E-E--XXXXXXXXXXXXXXXX
(W)mario-2-1_43,--------------------------------------------------------------------------------------------------------------------QQQQQ----------------------------------------------------------EQQQQQ-------------------------------------------------E-E--EXXXXXXXXXXXXXXXX
(W)mario-2-1_44,-------------------------------------------------------------------------------------------------------------------QQQQQ----------------------------------------------------------EQQQQQ-------------------------------------------------E-E--E-XXXXXXXXXXXXXXXX
(W)mario-2-1_45,------------------------------------------------------------------------------------------------------------------QQQQQ----------------------------------------------------------EQQQQQ-------------------------------------------------E-E--E--XXXXXXXXXXXXXXXX
(W)mario-2-1_46,-----------------------------------------------------------------------------------------------------------------QQQQQ----------------------------------------------------------EQQQQQ-------------------------------------------------E-E--E--EXXXXXXXXXXXXXXXX
(W)mario-2-1_47,----------------------------------------------------------------------------------------------------------------QQQQQ-----------------------------------------------------------QQQQQ----------S--------------------------------------E-E--E--EEXXXXXXXXXXXXXXXX
(W)mario-2-1_48,----------------------------------------------------------------------------------------------------------------QQQQ-----------S------------------------------------------------QQQQ----------S--------------------------------------E-E--E--EE-XXXXXXXXXXXXXXXX
(W)mario-2-1_49,----------------------------------------------------------------------------------------------------------------QQQ-----------SS------------------------------------------------QQQ----------S--------------------------------------E-E--E--EE-EXXXXXXXXXXXXXXXX
(W)mario-2-1_50,----------------------------------------------------------------------------------------------------------------QQ-----------SSS------------------------------------------------QQ----------S--------------------------------------E-E--E--EE-E-XXXXXXXXXXXXXXXX
(W)mario-2-1_51,----------------------------------------------------------------------------------------------------------------Q-----------SSSS------------------------------------------------Q----------S--------------------------------------E-E--E--EE-E--XXXXXXXXXXXXXXXX
(W)mario-2-1_52,---------------------------------------------------------------------------------------------------------------------------SSSS-----------------------------------------------------------S--------------------------------------E-E--E--EE-E---XXXXXXXXXXXXXXXX
(W)mario-2-1_53,--------------------------------------------------------------------------------------------------------------------------SSSS-----------------------------------------------------------S-----p---------------p---------------pE-E--E--EE-E---pXXXXXXXXXXXXXXXX
(W)mario-2-1_54,-------------------------------------------------------------------------------------------------------------------------SSSS--------------------------------------------------E--------S-----pp--------------pp--------------pp-E--E--EE-E---ppXXXXXXXXXXXXXXXX
(W)mario-2-1_55,------------------------------------------------------------------------------------------------------------------------SSSS--------------------------------------------------E--------S-----pp--------------pp--------------pp-E--E--EE-E---pp-XXXXXXXXXXXXXXXX
(W)mario-2-1_56,-----------------------------------------------------------------------------------------------------------------------SSSS--------------------------------------------------E--------S-----pp--------------pp--------------pp----E--EE-E---pp--XXXXXXXXXXXXXXXX
(W)mario-2-1_57,----------------------------------------------------------------------------------------------------------------------SSSS--------------------------------------------------E--------S-----pp--------------pp--------------pp----E--EE-E---pp---XXXXXXXXXXXXXXXX
(W)mario-2-1_58,---------------------------------------------------------------------------------------------------------------------SSSS--------------------------------------------------E--------S-----pp---Q----------pp--------------pp----E--EE-E---pp----XXXXXXXXXXXXXXXX
(W)mario-2-1_59,--------------------------------------------------------------------------------------------------------------------SSSS--------------------------------------------------E--------S-----pp---QQ---------pp--------------pp-------EE-E---pp-----XXXXXXXXXXXXXXXX
(W)mario-2-1_60,-------------------------------------------------------------------------------------------------------------------SSSS--------S-----------------------------------------E--------S-----pp---QQQ--------pp--------------pp-------EE-E---pp------XXXXXXXXXXXXXXXX
(W)mario-2-1_61,------------------------------------------------------------------------------------------------------------------SSSS--------SS----------------------------------------E--------S-----pp---QQQQ-------pp--------------pp-------EE-E---pp-------XXXXXXXXXXXXXXXX
(W)mario-2-1_62,-----------------------------------------------------------------------------------------------------------------SSSS--------SSS---------------------------------------E--------S-----pp---QQQQ-------pp--------------pp--------E-E---pp-------EXXXXXXXXXXXXXXXX
(W)mario-2-1_63,----------------------------------------------------------------------------------------------------------------SSSS--------SSSS--------------------------------------E--------------pp---QQQQ-------pp--------------pp----------E---pp-------E-XXXXXXXXXXXXXXXX
(W)mario-2-1_64,----------------------------------------------------------------------------------------------------------------SSS--------SSSSS-------------------------------------E--------------pp---QQQQ--Q----pp--------------pp----------E---pp-------E-EXXXXXXXXXXXXXXXX
(W)mario-2-1_65,----------------------------------------------------------------------------------------------------------------SS--------SSSSS-------------------------------------E--------------pp---QQQQ--QQ---pp--------------pp--------------pp-------E-EEXXXXXXXXXXXXXXXX
(W)mario-2-1_66,----------------------------------------------------------------------------------------------------------------S--------SSSSS-------------------------------------E--------------pp---QQQQ--QQQ--pp--------------pp--------------pp-------E-EE-XXXXXXXXXXXXXXXX
(W)mario-2-1_67,------------------------------------------------------------------------------------------------------------------------SSSSS-------------------------------------E--------------pp---QQQQ--QQQ--pp--------------pp--------------pp-------E-EE--XXXXXXXXXXXXXXXX
(W)mario-2-1_68,-----------------------------------------------------------------------------------------------------------------------SSSSS-------------------------------------E--------------pp---QQQQ--QQQ--pp--------------pp--------------pp-------E-EE---XXXXXXXXXXXXXXXX
(W)mario-2-1_69,----------------------------------------------------------------------------------------------------------------------SSSSS-------------------------------------E---------------p---QQQQ--QQQ---p---------------p---------------p-------E-EE----XXXXXXXXXXXXXXXX
(W)mario-2-1_70,---------------------------------------------------------------------------------------------------------------------SSSSS---------------------------------------------------------QQQQ--QQQ-------------------------------------------E-EE-----XXXXXXXXXXXXXXXX
(W)mario-2-1_71,--------------------------------------------------------------------------------------------------------------------SSSSS------S--------------------------------------------------QQQQ--QQQ-------------------------------------------E-EE------XXXXXXXXXXXXXXX-
(W)mario-2-1_72,-------------------------------------------------------------------------------------------------------------------SSSSS------SS-------------------------------------------------QQQQ--QQQ-------------------------------------------E-EE-------XXXXXXXXXXXXXX--
(W)mario-2-1_73,------------------------------------------------------------------------------------------------------------------SSSSS------SSS------------------------------------------------QQQQ--QQQ-------------------------------------------E-EE--------XXXXXXXXXXXXX---
(W)mario-2-1_74,-----------------------------------------------------------------------------------------------------------------SSSSS------SSSS------------------------------------------------QQQ--QQQ-------------------------------------------E-EE---------XXXXXXXXXXXX----
(W)mario-2-1_75,----------------------------------------------------------------------------------------------------------------SSSSS------SSSS-------------------------------------------------QQ--QQQ-------------------------------------------E-EE----------XXXXXXXXXXX----X
(W)mario-2-1_76,----------------------------------------------------------------------------------------------------------------SSSS------SSSS--------------------------------------------------Q--QQQ-------------------------------------------E-EE-----------XXXXXXXXXX----XX
(W)mario-2-1_77,----------------------------------------------------------------------------------------------------------------SSS------SSSS-----------------------------------------------------QQQ-------------------------------------------E-EE------------XXXXXXXXX----XXX
(W)mario-2-1_78,----------------------------------------------------------------------------------------------------------------SS------SSSS-----------------------------------------------------QQQ---------------------------------------------EE-------------XXXXXXXX----XXXX
(W)mario-2-1_79,----------------------------------------------------------------------------------------------------------------S------SSSS-----------------------------------------------------QQQ---------------------------------------------EE-------------EXXXXXXX----XXXXX
(W)mario-2-1_80,----------------------------------------------------------------------------------------------------------------------SSSS------------------------------------------------------QQ----------------------------------------------E-------------E-XXXXXX----XXXXXX
(W)mario-2-1_81,---------------------------------------------------------------------------------------------------------------------SSSS-------------------------------------------------------Q------------------------------------------------------------E--XXXXX----XXXXXXX
(W)mario-2-1_82,--------------------------------------------------------------------------------------------------------------------SSSS-----------------------------------------------------------------------p---------------p---------------p------------E--pXXXX----XXXXXXXX
(W)mario-2-1_83,-------------------------------------------------------------------------------------------------------------------SSSS--------------------------------------------------------E--------------pp--------------pp--------------pp-----------E--ppXXX----XXXXXXXXX
(W)mario-2-1_84,------------------------------------------------------------------------------------------------------------------SSSS--------------------------------------------------------E--------------pp--------------pp--------------pp-----------E--pp-XX----XXXXXXXXXX
(W)mario-2-1_85,-----------------------------------------------------------------------------------------------------------------SSSS--------------------------------------------------------E--------------pp--------------pp--------------pp-----------E--pp--X----XXXXXXXXXX-
(W)mario-2-1_86,----------------------------------------------------------------------------------------------------------------SSSS--------------------------------------------------------E--------------pp--------------pp--------------pp-----------E--pp-------XXXXXXXXXX--
(W)mario-2-1_87,----------------------------------------------------------------------------------------------------------------SSS--------------------------------------------------------E--------------pp--------------pp--------------pp-----------E--pp-------XXXXXXXXXX---
(W)mario-2-1_88,----------------------------------------------------------------------------------------------------------------SS--------------------------------------------------------E--------------pp--------------pp--------------pp-----------E--pp-------XXXXXXXXXX---X
(W)mario-2-1_89,----------------------------------------------------------------------------------------------------------------S--------------------------------------------------------E--------------pp--------------pp--------------pp-----------E--pp-------XXXXXXXXXX---XX
(W)mario-2-1_90,------------------------------------------------------------------------------------------------------------------------------------------------------------------------E--------------pp--------------pp--------------pp-----------E--pp-------XXXXXXXXXX---XXX
(W)mario-2-1_91,-----------------------------------------------------------------------------------------------------------------------------------------------------------------------E--------------pp--------------pp--------------pp-----------E--pp--------XXXXXXXXX---XXXX
(W)mario-2-1_92,----------------------------------------------------------------------------------------------------------------------------------------------------------------------E--------------pp--------------pp--------------pp-----------E--pp--------EXXXXXXXX---XXXXX
(W)mario-2-1_93,---------------------------------------------------------------------------------------------------------------------------------------------------------------------E--------------pp--------------pp--------------pp-----------E--pp--------E-XXXXXXX---XXXXXX
(W)mario-2-1_94,--------------------------------------------------------------------------------------------------------------------------------------------------------------------E--------------pp--------------pp--------------pp----------pE--pp--------E-pXXXXXX---XXXXXXX
(W)mario-2-1_95,-------------------------------------------------------------------------------------------------------------------------------------------------------------------E--------------pp--------------pp-----------E--pp----------pp--pp--------E-ppXXXXX---XXXXXXXX
(W)mario-2-1_96,------------------------------------------------------------------------------------------------------------------------------------------------------------------E--------------pp--------------pp-----------E--pp----------pp--pp--------E-pp-XXXX---XXXXXXXXX
(W)mario-2-1_97,-----------------------------------------------------------------------------------------------------------------------------------------------------------------E--------------pp--------------pp-----------E--pp----------pp--pp--------E-pp--XXX---XXXXXXXXXX
(W)mario-2-1_98,----------------------------------------------------------------------------------------------------------------------------------------------------------------E---------------p---------------p-----------E---p----------pp---p--------E-pp--EXX---XXXXXXXXXXX
(W)mario-2-1_99,-----------------------------------------------------------------------------------------------------------------------------------------------------------------------------------------------------------E--------------pp------------E-pp--E-X---XXXXXXXXXXXX
(W)mario-2-1_100,----------------------------------------------------------------------------------------------------------------------------------------------------------------------------------------------------------E--------------pp------------E-pp--E-----XXXXXXXXXXXXX
(W)mario-2-1_101,-----------------------------------------------------------------------------------------------------------------------------------------------------------------------------------------------p---------E-----p--------pp-----p------E-pp--E--p--XXXXXXXXXXXXXX
(W)mario-2-1_102,-------------------------------------------------------------------------------------------------------------------------------------------------------------------------------E--------------pp--------E-----pp-------pp-----pp-----E-pp--E--pp-XXXXXXXXXXXXXXX
(W)mario-2-1_103,------------------------------------------------------------------------------------------------------------------------------------------------------------------------------E--------------pp--------E-----pp-------pp-----pp-----E-pp--E--pp-XXXXXXXXXXXXXXXX
(W)mario-2-1_104,-------------------------------------------------------------------------------------------------------------------------------Q---------------------------------------------E--------------pp--------E-----pp-------pp-----pp-----E-pp--E--pp--XXXXXXXXXXXXXXXX
(W)mario-2-1_105,------------------------------------------------------------------------------------------------------------------------------QS--------------------------------------------E--------------pp--------E-----pp--p----pp-----pp--p--E-pp--E--pp--pXXXXXXXXXXXXXXXX
(W)mario-2-1_106,-----------------------------------------------------------------------------------------------------------------------------QSS-------------------------------------------E--------------pp---E----E-----pp--pp---pp-----pp--pp-E-pp--E--pp--ppXXXXXXXXXXXXXXXX
(W)mario-2-1_107,----------------------------------------------------------------------------------------------------------------------------QSSS------------------------------------------E--------------pp---E----E-----pp--pp---pp-----pp--pp-E-pp--E--pp--pp-XXXXXXXXXXXXXXXX
(W)mario-2-1_108,---------------------------------------------------------------------------------------------------------------------------QSSS------------------------------------------E--------------pp---E----E-----pp--pp---pp-----pp--pp---pp--E--pp--pp--XXXXXXXXXXXXXXXX
(W)mario-2-1_109,--------------------------------------------------------------------------------------------------------------------------QSSS------------------------------------------E------p-------pp---E--p-E-----pp--pp--ppp-----pp--pp--ppp--E--pp--pp--pXXXXXXXXXXXXXXXX
(W)mario-2-1_110,-------------------------------------------------------------------------------------------------------------------------QSSS----------------------------------E-------E------pp------pp---E--ppE-----pp--pp--ppp-----pp--pp--ppp--E--pp--pp--ppXXXXXXXXXXXXXXXX
(W)mario-2-1_111,------------------------------------------------------------------------------------------------------------------------QSSS----------------------------------E-------E------pp------pp---E--pp------pp--pp--pp------pp--pp--pp---E--pp--pp--pp-XXXXXXXXXXXXXXXX
(W)mario-2-1_112,-----------------------------------------------------------------------------------------------------------------------QSSS----------------------------------E-------E------pp------pp---E--pp------pp--pp--pp------pp--pp--pp---E--pp--pp--pp--XXXXXXXXXXXXXXXX
(W)mario-2-1_113,----------------------------------------------------------------------------------------------------------------------QSSS----------------------------------E-------E------pp------pp---E--pp------pp--pp--pp------pp--pp--pp---E--pp--pp--pp---XXXXXXXXXXXXXXXX
(W)mario-2-1_114,---------------------------------------------------------------------------------------------------------------------QSSS----------------------------------E-------E------pp------pp---E--pp------pp--pp--pp------pp--pp--pp------pp--pp--pp----XXXXXXXXXXXXXXXX
(W)mario-2-1_115,--------------------------------------------------------------------------------------------------------------------QSSS----------------------------------E-------E------pp------pp---E--pp------pp--pp--pp------pp--pp--pp------pp--pp--pp-----XXXXXXXXXXXXXXXX
(W)mario-2-1_116,-------------------------------------------------------------------------------------------------------------------QSSS----------------------------------E-------E------pp------pp---E--pp------pp--pp--pp------pp--pp--pp------pp--pp--pp------XXXXXXXXXXXXXXXX
(W)mario-2-1_117,------------------------------------------------------------------------------------------------------------------QSSS----------------------------------E-------E------pp-------p---E--pp-------p--pp--pp-------p--pp--pp-------p--pp--pp-------XXXXXXXXXXXXXXXX
(W)mario-2-1_118,-----------------------------------------------------------------------------------------------------------------QSSS----------------------------------E--------------pp-----------E--pp----------pp--pp----------pp--pp----------pp--pp--------XXXXXXXXXXXXXXX-
(W)mario-2-1_119,----------------------------------------------------------------------------------------------------------------QSSS----------------------------------E--------------pp-----------E--pp----------pp--pp----------pp--pp----------pp--pp---------XXXXXXXXXXXXXX--
(W)mario-2-1_120,----------------------------------------------------------------------------------------------------------------SSS----------------------------------E--------------pp-----------E--pp----------pp--pp----------pp--pp----------pp--pp----------XXXXXXXXXXXXX---
(W)mario-2-1_121,----------------------------------------------------------------------------------------------------------------SS----------------------------------E--------------pp-----------E--pp-----------p--pp-----------p--pp-----------p--pp-----------XXXXXXXXXXXX---X
(W)mario-2-1_122,----------------------------------------------------------------------------------------------------------------S----------------------------------E--------------pp--------------pp--------------pp--------------pp--------------pp------------XXXXXXXXXXX---XX
(W)mario-2-1_123,--------------------------------------------------------------------------------------------------------------------------------------------------E--------------pp--------------pp--------------pp--------------pp--------------pp-------------XXXXXXXXXX---XXX
(W)mario-2-1_124,-------------------------------------------------------------------------------------------------------------------------------------------------E--------------pp--------------pp--------------pp--------------pp--------------pp--------------XXXXXXXXX---XXXX
(W)mario-2-1_125,------------------------------------------------------------------------------------------------------------------------------------------------E---------------p---------------p---------------p---------------p---------------p---------------XXXXXXXX---XXXXX
(W)mario-2-1_126,------------------------------------------------------------------------------------------------------------------------------------------------------------------------------------------------------------------------------------------------XXXXXXX---XXXXXX
(W)mario-2-1_127,------------------------------------------------------------------------------------------------------------------------------------------------------------------------------------------------------------------------------------------------XXXXXX---XXXXXXX
(W)mario-2-1_128,------------------------------------------------------------------------------------------------------------------------------------------------------------------------------------------------------------------------------------------------XXXXX---XXXXXXXX
(W)mario-2-1_129,-------------------------------------------------------------------------------------------------------------------------------------------------------------------------------------------------------------------------------E----------------XXXX---XXXXXXXXX
(W)mario-2-1_130,------------------------------------------------------------------------------------------------------------------------------------------------------------------------------------------------------------------------------E-----------------XXX---XXXXXXXXXX
(W)mario-2-1_131,-----------------------------------------------------------------------------------------------------------------------------------------------------------------------------------------------------------------------------E------------------XX---XXXXXXXXXX-
(W)mario-2-1_132,----------------------------------------------------------------------------------------------------------------------------------------------------------------------------------------------------------------------------E-------------------X---XXXXXXXXXX--
(W)mario-2-1_133,---------------------------------------------------------------------------------------------------------------------------------------------------------------------------------------------------------------X-----------E---X---------------X---XXXXXXXXXX--X
(W)mario-2-1_134,--------------------------------------------------------------------------------------------------------------------------------------------------------------------------------------------------------------X-----------E---X---------------X---XXXXXXXXXX--XX
(W)mario-2-1_135,-------------------------------------------------------------------------------------------------------------------------------------------------------------------------------------------------------------X-----------E---X---------------X---XXXXXXXXXX--XXX
(W)mario-2-1_136,------------------------------------------------------------------------------------------------------------------------------------------------------------------------------------------------------------X-----------E---X---------------X---XXXXXXXXXX--XXXX
(W)mario-2-1_137,-----------------------------------------------------------------------------------------------------------------------------------------------------------------------------------------------------------X-----------E---X---------------X----XXXXXXXXX--XXXXX
(W)mario-2-1_138,----------------------------------------------------------------------------------------------------------------------------------------------------------------------------------------------------------X-----------E---X---------------X-----XXXXXXXX--XXXXXX
(W)mario-2-1_139,---------------------------------------------------------------------------------------------------------------------------------------------------------------------------------------------------------X-----------E---X---------------X-----EXXXXXXX--XXXXXXX
(W)mario-2-1_140,-----------------------------------------------------------------------------------------------------------------------------------------------------------------------------------------------S--------X-----------E---X---------------X-----EEXXXXXX--XXXXXXXX
(W)mario-2-1_141,----------------------------------------------------------------------------------------------------------------------------------------------------------------------------------------------S--------X-----------E---X---------------X-----EE-XXXXX--XXXXXXXXX
(W)mario-2-1_142,---------------------------------------------------------------------------------------------------------------------------------------------------------------------------------------------S--------X-----------E---X---------------X-----EE--XXXX--XXXXXXXXXX
(W)mario-2-1_143,-------------------------------------------------------------------------------------------------------------------------------S------------------------------------------------------------S--------X-----------E---X---------------X-----EE---XXX--XXXXXXXXXXX
(W)mario-2-1_144,------------------------------------------------------------------------------------------------------------------------------SS-----------------------------------------------------------S---E----X-----------E---X---------------X-----EE----XX--XXXXXXXXXXXX
(W)mario-2-1_145,-----------------------------------------------------------------------------------------------------------------------------SSS----------------------------------------------------------S---E----X---------------X---------------X-----EE-----X--XXXXXXXXXXXXX
(W)mario-2-1_146,----------------------------------------------------------------------------------------------------------------------------SSSS---------------------------------------------------------S---E----X---------------X---------------X-----EE--------XXXXXXXXXXXXXX
(W)mario-2-1_147,---------------------------------------------------------------------------------------------------------------------------SSSSS--------------------------------------------------------S---E----X---------------X---------------X-----EE--------XXXXXXXXXXXXXXX
(W)mario-2-1_148,--------------------------------------------------------------------------------------------------------------------------SSSSS--------------------------------------------------------S---E----X---------------X---------------X-----EE--------XXXXXXXXXXXXXXXX
(W)mario-2-1_149,-------------------------------------------------------------------------------------------------------------------------SSSSS--------------------------------------------------------S---E--------------------E---------------------EE---------XXXXXXXXXXXXXXXX
(W)mario-2-1_150,------------------------------------------------------------------------------------------------------------------------SSSSS--------------------------------------------------------S---E--------------------E---------------------EE----------XXXXXXXXXXXXXXXX
(W)mario-2-1_151,-----------------------------------------------------------------------------------------------------------------------SSSSS---Q----------------------------------------------------S---E--------------------E---------------------EE-----------XXXXXXXXXXXXXXXX
(W)mario-2-1_152,----------------------------------------------------------------------------------------------------------------------SSSSS---Q----------------------------------------------------S---E--------------------E---------------------EE------------XXXXXXXXXXXXXXXX
(W)mario-2-1_153,---------------------------------------------------------------------------------------------------------------------SSSSS---Q----------------------------------------------------S---E--------------------E---------------------EE-------------XXXXXXXXXXXXXXXX
(W)mario-2-1_154,--------------------------------------------------------------------------------------------------------------------SSSSS---Q----------------------------------------------------S---E--------------------E---------------------EE--------------XXXXXXXXXXXXXXXX
(W)mario-2-1_155,-------------------------------------------------------------------------------------------------------------------SSSSS---Q----------------------------------------------------S---E--------------------E-----p---------------pE--------------pXXXXXXXXXXXXXXXX
(W)mario-2-1_156,------------------------------------------------------------------------------------------------------------------SSSSS---Q--------------------------------------------------------E-----------E--------E-----pp--------------pp--------------ppXXXXXXXXXXXXXXXX
(W)mario-2-1_157,-----------------------------------------------------------------------------------------------------------------SSSSS---Q--------------------------------------------------------E-----------E--------E-----pp--------------pp--------------ppEXXXXXXXXXXXXXXXX
(W)mario-2-1_158,----------------------------------------------------------------------------------------------------------------SSSSS---Q--------------------------------------------------------E-----------E--------E-----pp--------------pp--------------ppE-XXXXXXXXXXXXXXXX
(W)mario-2-1_159,----------------------------------------------------------------------------------------------------------------SSSS---Q--------------------------------------------------------E-----------E--------E-----pp--------------pp--------------ppE--XXXXXXXXXXXXXXXX
(W)mario-2-1_160,----------------------------------------------------------------------------------------------------------------SSS---Q--------------------------------------------------------------------E--------E-----pp--------------pp--------------ppE---XXXXXXXXXXXXXXXX
(W)mario-2-1_161,----------------------------------------------------------------------------------------------------------------SS---Q--------------------------------------------------------------------E--------E-----pp--------------pp--------------ppE----XXXXXXXXXXXXXXXX
(W)mario-2-1_162,----------------------------------------------------------------------------------------------------------------S---Q--------------------------------------------------------------------E--------E-----pp--------------pp--------------ppE-----XXXXXXXXXXXXXXXX
(W)mario-2-1_163,-------------------------------------------------------------------------------------------------------------------Q--------------------------------------------------------------------E--------E-----pp--------------pp--------------ppE------XXXXXXXXXXXXXXXX
(W)mario-2-1_164,------------------------------------------------------------------------------------------------------------------Q--------------------------------------------------------------------E-------SE-----pp--------------pp--------------ppE-------XXXXXXXXXXXXXXXX
(W)mario-2-1_165,-----------------------------------------------------------------------------------------------------------------Q-------------S------------------------------------------------------E-------SS-----pp--------------pp--------------ppE--------XXXXXXXXXXXXXXXX
(W)mario-2-1_166,----------------------------------------------------------------------------------------------------------------Q-------------S------------------------------------------------------E-------SS-----pp--------------pp--------------ppE---------XXXXXXXXXXXXXXXX
(W)mario-2-1_167,-----------------------------------------------------------------------------------------------------------------------------S------------------------------------------------------E-------SS-----pp--------------pp--------------ppE----------XXXXXXXXXXXXXXXX
(W)mario-2-1_168,----------------------------------------------------------------------------------------------------------------------------S------------------------------------------------------E-------SS-----pp--------------pp--------------ppE-----------XXXXXXXXXXXXXXXX
(W)mario-2-1_169,-----------------------------------------------------------------------------------------------X---------------X-----------S---X---------------X---------------X---------------X--E-------SS---X-pp------------X-pp------------X-ppE-----------XXXXXXXXXXXXXXXXX
(W)mario-2-1_170,----------------------------------------------------------------------------------------------XX--------------XX----------S---XX--------------XX--------------XX--------------XX-E-------SS---XXpp------------XXpp------------XXppE-----------XXXXXXXXXXXXXXXXXX
(W)mario-2-1_171,---------------------------------------------------------------------------------------------XX--------------XX----------S---XX--------------XX--------------XX--------------XX-E-------SS---XX-p------------XX-p------------XX-pE-----------XX-XXXXXXXXXXXXXXXX
(W)mario-2-1_172,--------------------------------------------------------------------------------------------XX--------------XX----------S---XX--------------XX--------------XX--------------XX---------SS---XX--------------XX--------------XX--E-----------XX--XXXXXXXXXXXXXXXX
(W)mario-2-1_173,-------------------------------------------------------------------------------------------XX--------------XX----------S---XX--------------XX--------------XX--------------XX---------SS---XX--------------XX--------------XX--------------XX---XXXXXXXXXXXXXXXX
(W)mario-2-1_174,------------------------------------------------------------------------------------------XX--------------XX----------S---XX--------------XX--------------XX--------------XX---------SS---XX--------------XX--------------XX--------------XX----XXXXXXXXXXXXXXXX
(W)mario-2-1_175,-----------------------------------------------------------------------------------------XX--------------XX----------S---XX--------------XX--------------XX--------------XX---------SS---XX--------------XX--------------XX--------------XX-----XXXXXXXXXXXXXXXX
(W)mario-2-1_176,----------------------------------------------------------------------------------------XX--------------XX----------S---XX--------------XX--------------XX--------------XX---------SS---XX--------------XX--------------XX--------------XX------XXXXXXXXXXXXXXXX
(W)mario-2-1_177,---------------------------------------------------------------------------------------XX--------------XX----------S---XX--------------XX--------------XX--------------XX---------SS---XX--------------XX--------------XX--------------XX-------XXXXXXXXXXXXXXXX
(W)mario-2-1_178,--------------------------------------------------------------------------------------XX--------------XX----------S---XX--------------XX--------------XX--------------XX---------SS---XX--------------XX--------------XX--------------XX--------XXXXXXXXXXXXXXXX
(W)mario-2-1_179,-------------------------------------------------------------------------------------XX--------------XX----------S---XX--------------XX--------------XX--------------XX---------SS---XX--------------XX--------------XX--------------XX--------XXXXXXXXXXXXXXXXX
(W)mario-2-1_180,------------------------------------------------------------------------------------XX--------------XX----------S---XX--------------XX--------------XX--------------XX----------S---XX--------------XX--------------XX--------------XX--------X-XXXXXXXXXXXXXXXX
(W)mario-2-1_181,-----------------------------------------------------------------------------------XX--------------XX--------------XX--------------XX--------------XX--------------XX--------------XX--------------XX--------------XX--------------XX--------X--XXXXXXXXXXXXXXXX
(W)mario-2-1_182,----------------------------------------------------------------------------------XX--------------XX--------------XX--------------XX--------------XX--------------XX--------------XX--------------XX--------------XX--------------XX--------X---XXXXXXXXXXXXXXXX
(W)mario-3-1_1,----------------------------------------------------------------------------------------------------------------------------------------------------------------------------Q--Q---------Q-E---------------E------------------------------------XXXXXXXXXXXXXXXX
(W)mario-3-1_2,---------------------------------------------------------------------------------------------------------------------------------------------------------------------------Q--Q---------Q-E---------------E-------------------------------------XXXXXXXXXXXXXXXX
(W)mario-3-1_3,--------------------------------------------------------------------------------------------------------------------------------------------------------------------------Q--Q---------Q-E---------------E--------------------------------------XXXXXXXXXXXXXXXX
(W)mario-3-1_4,-------------------------------------------------------------------------------------------------------------------------------------------------------------------------Q--Q---------Q-E------E--------E---------------------------------------XXXXXXXXXXXXXXXX
(W)mario-3-1_5,------------------------------------------------------------------------------------------------------------------------------------------------------------------------Q--Q---------Q-E------ES-------E----------------------------------------XXXXXXXXXXXXXXXX
(W)mario-3-1_6,-----------------------------------------------------------------------------------------------------------------------------------------------------------------------Q--Q---------Q-E------ESS------E-----------------------------------------XXXXXXXXXXXXXXXX
(W)mario-3-1_7,----------------------------------------------------------------------------------------------------------------------------------------------------------------------Q--Q---------Q-E------ESSS-----E------------------------------------------XXXXXXXXXXXXXXXX
(W)mario-3-1_8,---------------------------------------------------------------------------------------------------------------------------------------------------------------------Q--Q---------Q-E------ESSS-----E-------------------------------------------XXXXXXXXXXXXXXXX
(W)mario-3-1_9,--------------------------------------------------------------------------------------------------------------------------------------------------------------------Q--Q---------Q-E------ESSS-----E--------------------------------------------XXXXXXXXXXXXXXXX
(W)mario-3-1_10,-------------------------------------------------------------------------------------------------------------------------------------------------------------------Q--Q---------Q-E------ESSS-----E---------------------------------------------XXXXXXXXXXXXXXXX
(W)mario-3-1_11,------------------------------------------------------------------------------------------------------------------------------------------------------------------Q--Q-----------E------ESSS-----E-------------p---------------p---------------pXXXXXXXXXXXXXXXX
(W)mario-3-1_12,-----------------------------------------------------------------------------------------------------------------------------------------------------------------Q--Q-----------E------ESSS----EE-------------pp--------------pp--------------ppXXXXXXXXXXXXXXXX
(W)mario-3-1_13,----------------------------------------------------------------------------------------------------------------------------------------------------------------Q--Q------------------ESSS----E--------------pp--------------pp--------------pp-XXXXXXXXXXXXXXXX
(W)mario-3-1_14,------------------------------------------------------------------------------------------------------------------------------------------------------------------Q------------------ESSS----E--------------pp--------------pp--------------pp--XXXXXXXXXXXXXXXX
(W)mario-3-1_15,-----------------------------------------------------------------------------------------------------------------------------------------------------------------Q------------------ESSS----E--------------pp--------------pp--------------pp---XXXXXXXXXXXXXXXX
(W)mario-3-1_16,----------------------------------------------------------------------------------------------------------------------------------------------------------------Q------------------ESSS----E--------------pp--------------pp--------------pp---EXXXXXXXXXXXXXXXX
(W)mario-3-1_17,----------------------------------------------------------------------------------------------------------------------------------------------------------------------------------ESSS----E----p---------pp----p---------pp----p---------pp---EpXXXXXXXXXXXXXXXX
(W)mario-3-1_18,-------------------------------------------------------------------------------------------------------------------------------------------------------------------------------E-ESSS----E----pp--------pp----pp--------pp----pp--------pp---EppXXXXXXXXXXXXXXXX
(W)mario-3-1_19,------------------------------------------------------------------------------------------------------------------------------------------------------------------------------E-ESSS----E----pp--------pp----pp--------pp----pp--------pp---Epp-XXXXXXXXXXXXXXXX
(W)mario-3-1_20,-----------------------------------------------------------------------------------------------------------------------------------------------------------------------------E--SSS----E----pp--------pp----pp--------pp----pp--------pp---Epp--XXXXXXXXXXXXXXXX
(W)mario-3-1_21,----------------------------------------------------------------------------------------------------------------------------------------------------------------------------E---SS----E----pp--------pp----pp--------pp----pp--------pp---Epp---XXXXXXXXXXXXXXXX
(W)mario-3-1_22,---------------------------------------------------------------------------------------------------------------------------------------------------------------------------E----S----E----pp--------pp----pp--------pp----pp--------pp---Epp----XXXXXXXXXXXXXXXX
(W)mario-3-1_23,--------------------------------------------------------------------------------------------------------------------------------------------------------------------------E---------E----pp--------pp----pp--------pp----pp--------pp---Epp-----XXXXXXXXXXXXXXXX
(W)mario-3-1_24,-------------------------------------------------------------------------------------------------------------------------------------------------------------------------E---------E----pp--------pp----pp--------pp----pp--------pp---Epp------XXXXXXXXXXXXXXX-
(W)mario-3-1_25,------------------------------------------------------------------------------------------------------------------------------------------------------------------------E---------E----pp--------pp----pp--------pp----pp--------pp---Epp-------XXXXXXXXXXXXXX--
(W)mario-3-1_26,-----------------------------------------------------------------------------------------------------------------------------------------------------------------------E---------E----pp--------pp----pp--------pp----pp--------pp---Epp--------XXXXXXXXXXXXX---
(W)mario-3-1_27,----------------------------------------------------------------------------------------------------------------------------------------------------------------------E---------E----pp---------p----pp---------p----pp---------p---Epp---------XXXXXXXXXXXX---X
(W)mario-3-1_28,---------------------------------------------------------------------------------------------------------------------------------------------------------------------E--------------pp--------------pp--------------pp-------------Epp----------XXXXXXXXXXX---XX
(W)mario-3-1_29,--------------------------------------------------------------------------------------------------------------------------------------------------------------------E--------------pp--------------pp--------------pp-------------Epp-----------XXXXXXXXXX---XXX
(W)mario-3-1_30,-------------------------------------------------------------------------------------------------------------------------------------------------------------------E--------------pp--------------pp--------------pp-------------Epp-----------EXXXXXXXXX---XXXX
(W)mario-3-1_31,------------------------------------------------------------------------------------------------------------------------------------------------------------------E--------------pp--------------pp--------------pp-------------Epp-----------EEXXXXXXXX---XXXXX
(W)mario-3-1_32,-----------------------------------------------------------------------------------------------------------------------------------------------------------------E--------------pp--------------pp--------------pp--------------pp-----------EE-XXXXXXX---XXXXXX
(W)mario-3-1_33,----------------------------------------------------------------------------------------------------------------------------------------------------------------E---------------p---------------p---------------p---------------p-----------EE-EXXXXXX---XXXXXXX
(W)mario-3-1_34,-------------------------------------------------------------------------------------------------------------------------------------------------------------------------------------------------------------------------------------------EE-E-XXXXX---XXXXXXXX
(W)mario-3-1_35,------------------------------------------------------------------------------------------------------------------------------------------------------------------------------------------------------------------------------------------EE-E--XXXX---XXXXXXXXX
(W)mario-3-1_36,---------------------------------------------------------------------------------------------------------------------------------------------------------------------------------------------------------------p---------------p---------EE-E--pXXX---XXXXXXXXXX
(W)mario-3-1_37,-----------------------------------------------------------------------------------------------------------------------------------------------------------------------------------------------E--------------pp--------------pp--------EE-E--ppXX---XXXXXXXXXXX
(W)mario-3-1_38,----------------------------------------------------------------------------------------------------------------------------------------------------------------------------------------------E--------------pp--------------pp--------EE-E--pp-X---XXXXXXXXXXXX
(W)mario-3-1_39,---------------------------------------------------------------------------------------------------------------------------------------------------------------------------------------------E--------------pp--------------pp--------EE-E--pp-E---XXXXXXXXXXXXX
(W)mario-3-1_40,--------------------------------------------------------------------------------------------------------------------------------------------------------------------------------------------E--S-----------pp--------------pp--------EE-E--pp-E---XXXXXXXXXXXXXX
(W)mario-3-1_41,-------------------------------------------------------------------------------------------------------------------------------------------------------------------------------------------E--S-----------pp--------------pp--------EE-E--pp-E---XXXXXXXXXXXXXXX
(W)mario-3-1_42,------------------------------------------------------------------------------------------------------------------------------------------------------------------------------------------E--S-----------pp--------------pp--------EE-E--pp-E---XXXXXXXXXXXXXXXX
(W)mario-3-1_43,-----------------------------------------------------------------------------------------------------------------------------------------------------------------------------------------E--S-----------pp--------------pp--------EE-E--pp-E----XXXXXXXXXXXXXXXX
(W)mario-3-1_44,----------------------------------------------------------------------------------------------------------------------------------------------------------------------------------------E--S-----------pp--------------pp--------EE-E--pp-E-----XXXXXXXXXXXXXXXX
(W)mario-3-1_45,---------------------------------------------------------------------------------------------------------------------------------------------------------------------------------------E--S-----------pp--------------pp--------EE-E--pp-E------XXXXXXXXXXXXXXXX
(W)mario-3-1_46,--------------------------------------------------------------------------------------------------------------------------------------------------------------------------------------E--S-----------pp--------------pp--------pE-E--pp-E------pXXXXXXXXXXXXXXXX
(W)mario-3-1_47,-------------------------------------------------------------------------------------------------------------------------------------------------------------------------------------E--S-----------pp---------E----pp--------pp-E--pp-E------ppXXXXXXXXXXXXXXXX
(W)mario-3-1_48,------------------------------------------------------------------------------------------------------------------------------------------------------------------------------------E--S-----------pp---------E----pp--------pp-E--pp-E------pp-XXXXXXXXXXXXXXXX
(W)mario-3-1_49,-----------------------------------------------------------------------------------------------------------------------------------------------------------------------------------E--S-----------pp---------E----pp--------pp----pp-E------pp--XXXXXXXXXXXXXXXX
(W)mario-3-1_50,----------------------------------------------------------------------------------------------------------------------------------------------------------------------------------E--S-----------pp---------E----pp--------pp----pp-E------pp---XXXXXXXXXXXXXXXX
(W)mario-3-1_51,---------------------------------------------------------------------------------------------------------------------------------------------------------------------------------E--S-----------pp---------E----pp--------pp----pp-E------pp----XXXXXXXXXXXXXXXX
(W)mario-3-1_52,--------------------------------------------------------------------------------------------------------------------------------------------------------------------------------E--S------------p---------E-----p--------pp-----p-E------pp----XXXXXXXXXXXXXXXXX
(W)mario-3-1_53,----------------------------------------------------------------------------------------------------------------------------------------------------------------------------------S----------------------E--------------pp-----X-E------pp----XXXXXXXXXXXXXXXXXX
(W)mario-3-1_54,---------------------------------------------------------------------------------------------------------------------------------------------------------------------------------S----------------------E------X-------pp-----XXE------pp----XXXXXXXXXXXXXXXXXXX
(W)mario-3-1_55,--------------------------------------------------------------------------------------------------------------------------------------------------------------------------------S--------------X-------E------XX------pp-----XXX------pp----XXXXXXXXXXXXXXXXXXXX
(W)mario-3-1_56,----------------------------------------------------------------------------------------------------------------------------------------------------------------------------------------------X-------E------XXX-----pp-----XXXX-----pp----XXXX-XXXXXXXXXXXXXXX-
(W)mario-3-1_57,---------------------------------------------------------------------------------------------------------------------------------------------------------------------------------------------X-------E------XXX-----pp-----XXXX-----pp----XXXX--XXXXXXXXXXXXXX--
(W)mario-3-1_58,--------------------------------------------------------------------------------------------------------------------------------------------------------------------------------------------X-------E------XXX-----pp-----XXXX-----pp----XXXX---XXXXXXXXXXXXX---
(W)mario-3-1_59,-------------------------------------------------------------------------------------------------------------------------------------------------------------------------------------------X-------E------XXX-----pp-----XXXX-----pp----XXXX----XXXXXXXXXXXX----
(W)mario-3-1_60,-------------------------------------------------------------------------------------------------------------------------------------------------------------------------------E----------X-------E------XXX-----pp-----XXXX-----pp----XXXX-----XXXXXXXXXXX-----
(W)mario-3-1_61,-------------------------------------------------------------------------------------------------------------------------------S----------------------------------------------E----------X-------E------XXX-----pp-----XXXX-----pp----XXXX------XXXXXXXXXX------
(W)mario-3-1_62,------------------------------------------------------------------------------------------------------------------------------S----------------------------------------------E-E--------X-------E------XXX------p-----XXXX------p----XXXX-------XXXXXXXXX-------
(W)mario-3-1_63,-----------------------------------------------------------------------------------------------------------------------------S----------------------------------------------E-EE-------X--------------XXX------------XXXX-----------XXXX--------XXXXXXXX--------
(W)mario-3-1_64,----------------------------------------------------------------------------------------------------------------------------S----------------------------------------------E-EE-------X--------X-----XXX-------X----XXXX-------X---XXXX--------XXXXXXXX--------X
(W)mario-3-1_65,---------------------------------------------------------------------------------------------------------------------------S----------------------------------------------E-EE-------X--------XX----XXX-------XX---XXXX-------XX--XXXX--------X-XXXXXX--------X-
(W)mario-3-1_66,--------------------------------------------------------------------------------------------------------------------------S----------------------------------------------E-EE-------X--------XX----XXX-------XX---XXXX-------XX--XXXX--------X--XXXXX--------X--
(W)mario-3-1_67,-------------------------------------------------------------------------------------------------------------------------S----------------------------------------------E-EE-------X--------XX-X--XXX-------XX-X-XXXX-------XX-XXXXX--------X--XXXXX--------X--X
(W)mario-3-1_68,------------------------------------------------------------------------------------------------------------------------S----------------------------------------------E-EE-------X--------XX-XX-XXX-------XX-XXXXXX-------XX-XXXXX--------X--XXXXX--------X--XX
(W)mario-3-1_69,-----------------------------------------------------------------------------------------------------------------------S-------S--------------------------------------E-EE-------X--------XX-XX-XXX-------XX-XX-XXX-------XX-XXXXX--------X--XXXXX--------X--XXX
(W)mario-3-1_70,----------------------------------------------------------------------------------------------------------------------S-------SS-------------------------------------E-EE-------X--------XX-XX--XX-------XX-XX--XX-------XX-XXX-X--------X--XXX-X--------X--XXXX
(W)mario-3-1_71,---------------------------------------------------------------------------------------------------------------------S-------SSS------------------------------------E-EE----------------XX-XX---X-------XX-XX---X-------XX-XXX----------X--XXX----------X--XXXXX
(W)mario-3-1_72,--------------------------------------------------------------------------------------------------------------------S-------SSS------------------------------------E-EE----------------XX-XX-----------XX-XX-----------XX-XXX----------X--XXX--E-------X--XXXXXX
(W)mario-3-1_73,-------------------------------------------------------------------------------------------------------------------S-------SSS------------------------------------E-EE----------------XX-XX-----------XX-XX-----------XX-XXX----------X--XXX--E-------X--XXXXXXX
(W)mario-3-1_74,------------------------------------------------------------------------------------------------------------------S-------SSS------------------------------------E-EE----------------XX-XX-----------XX-XX-----------XX-XXX----------X--XXX--E-E-----X--XXXXXXXX
(W)mario-3-1_75,-----------------------------------------------------------------------------------------------------------------S-------SSS------------------------------------E-EE----------------XX-XX-----------XX-XX-----------XX-XXX----------X--XXX--E-E-----X--XXXXXXXXX
(W)mario-3-1_76,----------------------------------------------------------------------------------------------------------------S-------SSS--------------------------------------EE----------------XX-XX-----------XX-XX-----------XX-XXX----------X--XXX--E-E-----X--XXXXXXXXXX
(W)mario-3-1_77,-----------------------------------------------------------------------------------------------------------------------SSS--------------------------------------EE----------------XX-XX-----------XX-XX-----------XX-XXX----------X--XXX--E-E-----X--XXXXXXXXXXX
(W)mario-3-1_78,----------------------------------------------------------------------------------------------------------------------SSS---------------------------------------E----------------XX-XX-----------XX-XX-----------XX-XXX----------X--XXX--E-E---E-X--XXXXXXXXXXXX
(W)mario-3-1_79,---------------------------------------------------------------------------------------------------------------------SSS--------------------------------------------------------XX-XX-----------XX-XX-----------XX-XXX----------X--XXX--E-E---E-X--XXXXXXXXXXXXX
(W)mario-3-1_80,--------------------------------------------------------------------------------------------------------------------SSS---------------------------------------------------------X-XX------------X-XX------------X-XXX-------------XXX--E-E---E----XXXXXXXXXXXXXX
(W)mario-3-1_81,-------------------------------------------------------------------------------------------------------------------SSS-----------------------------------------------------------XX--------------XX--------------XXX-------------XXX--E-E---E----XXXXXXXXXXXXXXX
(W)mario-3-1_82,------------------------------------------------------------------------------------------------------------------SSS-----------------------------------------------------------XX-------------pXX-------------pXXX------------pXXX--E-E---E---pXXXXXXXXXXXXXXXX
(W)mario-3-1_83,-----------------------------------------------------------------------------------------------------------------SSS-----------------------------------------------------------EX-------------ppX-------------ppXX------------ppXX--E-E---E---ppXXXXXXXXXXXXXXXX
(W)mario-3-1_84,----------------------------------------------------------------------------------------------------------------SSS-----------------------------------------------------------E--------------pp--------------pp-X------------pp-X--E-E---E---pp-XXXXXXXXXXXXXXXX
(W)mario-3-1_85,----------------------------------------------------------------------------------------------------------------SS-----------------------------------------------------------E--------------pp--------------pp--------------pp----E-E---E---pp--XXXXXXXXXXXXXXXX
(W)mario-3-1_86,----------------------------------------------------------------------------------------------------------------S-----------------------------------------------------------E--------------pp--------------pp--------------pp----E-E---E---pp---XXXXXXXXXXXXXXXX
(W)mario-3-1_87,---------------------------------------------------------------------------------------------------------------------------------------------------------------------------E--------------pp--------------pp--------------pp----E-E---E---pp----XXXXXXXXXXXXXXXX
(W)mario-3-1_88,--------------------------------------------------------------------------------------------------------------------------------------------------------------------------E--------------pp--------------pp--------------pp------E---E---pp-----XXXXXXXXXXXXXXXX
(W)mario-3-1_89,-------------------------------------------------------------------------------------------------------------------------------------------------------------------------E--------------pp--------------pp--------------pp------E---E---pp------XXXXXXXXXXXXXXXX
(W)mario-3-1_90,-------------------------------------------------------------------------------------------------------------------------------S----------------------------------------E--------------pp------S-------pp--------------pp----------E---pp-------XXXXXXXXXXXXXXXX
(W)mario-3-1_91,------------------------------------------------------------------------------------------------------------------------------SS---------------------------------------E--------------pp------SS------pp--------------pp----------E---pp--------XXXXXXXXXXXXXXXX
(W)mario-3-1_92,-----------------------------------------------------------------------------------------------------------------------------SSQ--------------------------------------E--------------pp------SSS-----pp--------------pp----------E---pp---------XXXXXXXXXXXXXXXX
(W)mario-3-1_93,----------------------------------------------------------------------------------------------------------------------------SSQS-------------------------------------E--------------pp------SSSS----pp--------------pp----------E---pp----------XXXXXXXXXXXXXXXX
(W)mario-3-1_94,---------------------------------------------------------------------------------------------------------------------------SSQSS------------------------------------E--------------pp------SSSSS---pp--------------pp--------------pp-----------XXXXXXXXXXXXXXXX
(W)mario-3-1_95,--------------------------------------------------------------------------------------------------------------------------SSQSSS-----------------------------------E--------------pp------SSSSSS--pp--------------pp--------------pp------------XXXXXXXXXXXXXXXX
(W)mario-3-1_96,-------------------------------------------------------------------------------------------------------------------------SSQSSSQ----------------------------------E--------------pp------SSSSSSS-pp--------------pp--------------pp-------------XXXXXXXXXXXXXXXX
(W)mario-3-1_97,------------------------------------------------------------------------------------------------------------------------SSQSSSQS---------------------------------E--------------pp------SSSSSSSSpp--------------pp--------------pp--------------XXXXXXXXXXXXXXXX
(W)mario-3-1_98,-----------------------------------------------------------------------------------------------------------------------SSQSSSQSS--------------------------------E---------------p------SSSSSSSSSp---------------p---------------p---------------XXXXXXXXXXXXXXXX
(W)mario-3-1_99,----------------------------------------------------------------------------------------------------------------------SSQSSSQSSS------------------------------------------------------SSSSSSSSSS------------------------------------------------XXXXXXXXXXXXXXXX
(W)mario-3-1_100,---------------------------------------------------------------------------------------------------------------------SSQSSSQSSS------------------------------------------------------SSSSSSSSSSS------------------------------------------------XXXXXXXXXXXXXXXX
(W)mario-3-1_101,--------------------------------------------------------------------------------------------------------------------SSQSSSQSSS------------------------------------------------------SSSSSSSSSSS-------------------------------------------------XXXXXXXXXXXXXXXX
(W)mario-3-1_102,-------------------------------------------------------------------------------------------------------------------SSQSSSQSSS------------------------------------------------------SSSSSSSSSSS--------------------------------------------------XXXXXXXXXXXXXXXX
(W)mario-3-1_103,------------------------------------------------------------------------------------------------------------------SSQSSSQSSS------------------------------------------------------SSSSSSSSSSS---------------------------------------------------XXXXXXXXXXXXXXXX
(W)mario-3-1_104,-----------------------------------------------------------------------------------------------------------------SSQSSSQSSS------------------------------------------------------SSSSSSSSSSS----------------------------------------------------XXXXXXXXXXXXXXXX
(W)mario-3-1_105,----------------------------------------------------------------------------------------------------------------SSQSSSQSSS------------------------------------------------------SSSSSSSSSSS-----------------------------------------------------XXXXXXXXXXXXXXXX
(W)mario-3-1_106,----------------------------------------------------------------------------------------------------------------SQSSSQSSS-------------------------------------------------------SSSSSSSSSS------------------------------------------------------XXXXXXXXXXXXXXXX
(W)mario-3-1_107,----------------------------------------------------------------------------------------------------------------QSSSQSSS--------------------------------------------------------SSSSSSSSS-------------------------------------------------------XXXXXXXXXXXXXXX-
(W)mario-3-1_108,----------------------------------------------------------------------------------------------------------------SSSQSSS--------S-----------------------------------------------SSSSSSSSS--------------------------------------------------------XXXXXXXXXXXXXX--
(W)mario-3-1_109,----------------------------------------------------------------------------------------------------------------SSQSSS--------SS----------------------------------------------SSSSSSSSS---------------------------------------------------------XXXXXXXXXXXXX---
(W)mario-3-1_110,----------------------------------------------------------------------------------------------------------------SQSSS--------SSS---------------------------------------------SSSSSSSSS----------------------------------------------------------XXXXXXXXXXXX----
(W)mario-3-1_111,----------------------------------------------------------------------------------------------------------------QSSS--------SSS---------------------------------------------SSS-SSSSS-----------------------------------------------------------XXXXXXXXXXX----X
(W)mario-3-1_112,----------------------------------------------------------------------------------------------------------------SSS--------SSS---------------------------------------------SSS--SSSS------------------------------------------------------------XXXXXXXXXX----XX
(W)mario-3-1_113,----------------------------------------------------------------------------------------------------------------SS--------SSS---------------------------------------------SSS---SSS-------------------------------------------------------------XXXXXXXXX----XXX
(W)mario-3-1_114,----------------------------------------------------------------------------------------------------------------S--------SSS---------------------------------------------SSS----SS--------------------------------------------------------------XXXXXXXX----XXXX
(W)mario-3-1_115,------------------------------------------------------------------------------------------------------------------------SSS---------------------------------------------SSS-----S--------------------------------------------------------------XXXXXXXX----XXXXX
(W)mario-3-1_116,-----------------------------------------------------------------------------------------------------------------------SSS---------------------------------------------SSS-----------------------------------------------------X--------------XXXXXXXX----XXXXXX
(W)mario-3-1_117,----------------------------------------------------------------------------------------------------------------------SSS---------------------------------------------SSS--------------------------------------X--------------XX-------------XXXXXXXX----XXXXXXX
(W)mario-3-1_118,---------------------------------------------------------------------------------------------------------------------SSS---------------------------------------------SSS-----------------------X--------------XX-------------XXX------------XXXXXXXX----XXXXXXXX
(W)mario-3-1_119,--------------------------------------------------------------------------------------------------------------------SSS---------------------------------------------SSS--------X--------------XX-------------XXX------------XXXX-----------XXXXXXXX----XXXXXXXXX
(W)mario-3-1_120,-------------------------------------------------------------------------------------------------------------------SSS-----------------------------------------X---SSS--------XX-------------XXX------------XXXX-----------XXXXX----------XXXXXXXX----XXXXXXXXXX
(W)mario-3-1_121,------------------------------------------------------------------------------------------------------------------SSS-----------------------------------------XX--SSS--------XXX------------XXXX-----------XXXXX----------XXXXXX---------XXXXXXXX----XXXXXXXXXX-
(W)mario-3-1_122,-----------------------------------------------------------------------------------------------------------------SSS-----------------------------------------XX--SSS--------XXX------------XXXX-----------XXXXX----------XXXXXX---------XXXXXXX-----XXXXXXXXXX--
(W)mario-3-1_123,----------------------------------------------------------------------------------------------------------------SSS-----------------------------------------XX--SSS--------XXX------------XXXX-----------XXXXX----------XXXXXX---------XXXXXXX-----XXXXXXXXXX--X
(W)mario-3-1_124,----------------------------------------------------------------------------------------------------------------SS-----------------------------------------XX---SS--------XXX------------XXXX-----------XXXXX----------XXXXXX---------XXXXXXX-----XXXXXXXXXX--XX
(W)mario-3-1_125,----------------------------------------------------------------------------------------------------------------S-----------------------------------------XX----S--------XXX------------XXXX-----------XXXXX----------XXXXXX---------XXXXXXX-----XXXXXXXXXX--XXX
(W)mario-3-1_126,---------------------------------------------------------------------------------------------------------------------------------------------------------XX-------------XXX------------XXXX-----------XXXXX----------XXXXXX---------XXXXXXX-----XXXXXXXXXX--XXXX
(W)mario-3-1_127,--------------------------------------------------------------------------------------------------------------------------------------------------------XX-------------XXX------------XXXX-----------XXXXX----------XXXXXX---------XXXXXXX-----EXXXXXXXXX--XXXXX
(W)mario-3-1_128,-------------------------------------------------------------------------------------------------------------------------------------------------------XX-------------XXX------------XXXX-----------XXXXX----------XXXXXX---------XXXXXXX-----E-XXXXXXXX--XXXXXX
(W)mario-3-1_129,-------------------------------------------------------------------------------------------------------------------------------S----------------------XX-------------XXX------------XXXX-------S---XXXXX----------XXXXXX---------XXXXXXX-----E--XXXXXXX--XXXXXXX
(W)mario-3-1_130,---------------------------------------------------------------------------------------------------------------E--------------SQ---------------------XX-------------XXX------------XXXX-------SQ--XXXXX----------XXXXXX---------XXXXXXX-----E---XXXXXX--XXXXXXXX
(W)mario-3-1_131,--------------------------------------------------------------------------------------------------------------E--------------SQS--------------------XX-------------XXX------------XXXX-------SQS-XXXXX----------XXXXXX----------XXXXXX-----E----XXXXX--XXXXXXXXX
(W)mario-3-1_132,-------------------------------------------------------------------------------------------------------------E--------------SQS--------------------XX-------------XXX------------XXXX-------SQS-XXXXX-----------XXXXX-----------XXXXX-----E-----XXXX--XXXXXXXXXX
(W)mario-3-1_133,------------------------------------------------------------------------------------------------------------E--------------SQS--------------------XX-------------XXX------------XXXX-------SQS--XXXX------------XXXX------------XXXX-----E-----EXXX--XXXXXXXXXXX
(W)mario-3-1_134,-----------------------------------------------------------------------------------------------------------E--------------SQS--S-----------------XX-------------XXX-------------XXX-------SQS--SXXX-------------XXX-------------XXX-----E-----E-XX--XXXXXXXXXXXX
(W)mario-3-1_135,----------------------------------------------------------------------------------------------------------E--------------SQS--SQ----------------XX--------------XX--------------XX-------SQS--SQXX--------------XX--------------XX-----E-----E--X--XXXXXXXXXXXXX
(W)mario-3-1_136,---------------------------------------------------------------------------------------------------------E--------------SQS--SQS----------------X---------------X---------------X-------SQS--SQSX---------------X---------------X-----E-----E-----XXXXXXXXXXXXXX
(W)mario-3-1_137,--------------------------------------------------------------------------------------------------------E--------------SQS--SQS--------------------------------------------------------SQS--SQS--------------------------------------E-----E-----XXXXXXXXXXXXXXX
(W)mario-3-1_138,-------------------------------------------------------------------------------------------------------E--------------SQS--SQS--------------------------------------------------------SQS--SQS--------------------------------------E-----E-----XXXXXXXXXXXXXXXX
(W)mario-3-1_139,------------------------------------------------------------------------------------------------------E--------------SQS--SQS--------------------------------------------------------SQS--SQS--------------------------------------E-----E------XXXXXXXXXXXXXXXX
(W)mario-3-1_140,-----------------------------------------------------------------------------------------------------E--------------SQS--SQS--------------------------------------------------------SQS--SQS--------------------------------------E-----E-------XXXXXXXXXXXXXXXX
(W)mario-3-1_141,----------------------------------------------------------------------------------------------------E--------------SQS--SQS--------------------------------------------------------SQS--SQS--------------------------------------E-----E--------XXXXXXXXXXXXXXXX
(W)mario-3-1_142,---------------------------------------------------------------------------------------------------E--------------SQS--SQS--------------------------------------------------------SQS--SQS---------------------E----------------E-----E---------XXXXXXXXXXXXXXXX
(W)mario-3-1_143,--------------------------------------------------------------------------------------------------E--------------SQS--SQS--------------------------------------------------------SQS--SQS---------------------E----------------------E----------XXXXXXXXXXXXXXXX
(W)mario-3-1_144,-------------------------------------------------------------------------------------------------E--------------SQS--SQS--------------------------------------------------------SQS--SQS---------------------E----------------------E-----------XXXXXXXXXXXXXXXX
(W)mario-3-1_145,------------------------------------------------------------------------------------------------E---------------QS--SQS---------------------------------------------------------QS--SQS--------S------------E--E-------------------E------------XXXXXXXXXXXXXXXX
(W)mario-3-1_146,----------------------------------------------------------------------------------------------------------------S--SQS----------------------------------------------------------S--SQS--------SS-----------E--E-------------------E-------------XXXXXXXXXXXXXXXX
(W)mario-3-1_147,------------------------------------------------------------------------------------------------------------------SQS------------------------------------------o------------------SQS--------SSS----------E--E-------------------E--------------XXXXXXXXXXXXXXXX
(W)mario-3-1_148,-----------------------------------------------------------------------------------------------------------------SQS------------------------------------------o----------------E-SQS--------SSSS---------E--E-------------------E---------------XXXXXXXXXXXXXXXX
(W)mario-3-1_149,----------------------------------------------------------------------------------------------------------------SQS------------------------------------------o----------------E-SQS--------SSSSS--------E--E-------------------E----------------XXXXXXXXXXXXXXXX
(W)mario-3-1_150,----------------------------------------------------------------------------------------------------------------QS------------------------------------------o----------------E--QS--------SSSSS--------E--E-------------------E-----------------XXXXXXXXXXXXXXXX
(W)mario-3-1_151,----------------------------------------------------------------------------------------------------------------S------------------------------------------o----------------E---S--------SSSSS--------E--E-------------------E------------------XXXXXXXXXXXXXXXX
(W)mario-3-1_152,----------------------------------------------------------------------------------------------------------------------------------------------------------o----------------E------------SSSSS--------E--E-------------------E-------------------XXXXXXXXXXXXXXXX
(W)mario-3-1_153,---------------------------------------------------------------------------------------------------------------------------------------------------------o----------------E------------SSSSS--------E--E-------X-----------E---X---------------XXXXXXXXXXXXXXXXX
(W)mario-3-1_154,--------------------------------------------------------------------------------------------------------------------------------------------------------o------X---------E-----X------SSSSS----X---E--E-------XX----------E---XX--------------XXXXXXXXXXXXXXXXXX
(W)mario-3-1_155,-------------------------------------------------------------------------------------------------------------------------------------------------------o------XX--------E-----XX-----SSSSS----XX--E--E-------XXX---------E---XXX-------------XXXXXXXXXXXXXXXXXXX
(W)mario-3-1_156,------------------------------------------------------------------------------------------------------------------------------------------------------o------XX--------E-----XX-----SSSSS----XX--E--E-------XXX---------E---XXX-------------XXX-XXXXXXXXXXXXXXX-
(W)mario-3-1_157,-----------------------------------------------------------------------------------------------------------------------------------------------------o------XX--------E-----XX-----SSSSS----XX--E--E-------XXX---------E---XXX-------------XXX--XXXXXXXXXXXXXX--
(W)mario-3-1_158,----------------------------------------------------------------------------------------------------------------------------------------------------o------XX--------E-----XX-----SSSSS----XX-----E-------XXX---------E---XXX-------------XXX---XXXXXXXXXXXXX---
(W)mario-3-1_159,---------------------------------------------------------------------------------------------------------------------------------------------------o------XX--------E-----XX-----SSSSS----XX-----E-------XXX---------E---XXX-------------XXX----XXXXXXXXXXXX---X
(W)mario-3-1_160,--------------------------------------------------------------------------------------------------------------------------------------------------o------XX--------E-----XX-----SSSSS----XX-----E-------XXX---------E---XXX-------------XXX-----XXXXXXXXXXX---XX
(W)mario-3-1_161,-------------------------------------------------------------------------------------------------------------------------------------------------o------XX--------E-----XX------SSSS----XX-------------XXX---------E---XXX-------------XXX------XXXXXXXXXX---XXX
(W)mario-3-1_162,------------------------------------------------------------------------------------------------------------------------------------------------o------XX--------E-----XX-------SSS----XX-------------XXX---------E---XXX-------------XXX------XXXXXXXXXX---XXXX
(W)mario-3-1_163,------------------------------------------------------------------------------------------------------------------------------------------------------XX--------E-----XX--------SS----XX-------------XXX-------E-E---XXX-------X-----XXX------XXXXXXXXXX---XXXXX
(W)mario-3-1_164,-----------------------------------------------------------------------------------------------------------------------------------------------------XX--------------XX---------S----XX-------------XXX-------EXE---XXX-------XX----XXX------XXXXXXXXXX---XXXXXX
(W)mario-3-1_165,----------------------------------------------------------------------------------------------------------------------------------------------------XX--------------XX--------------XX---------X---XXX-------EXX---XXX-------XXX---XXX------XXXXXXXXXX---XXXXXXX
(W)mario-3-1_166,---------------------------------------------------------------------------------------------------------------------------------------------------XX--------------XX----------X---XX---------XX--XXX-------EXXX--XXX-------XXXX--XXX------XXXXXXXXXX---XXXXXXXX
(W)mario-3-1_167,--------------------------------------------------------------------------------------------------------------------------------------------------XX-----------E--XX----------XX--XX---------XXX-XXX-------EXXXX-XXX-------XXXXX-XXX------XXXXXXXXXX---XXXXXXXXX
(W)mario-3-1_168,-----------------------------------------------------------------------------------------------------------------------------------------------X-XX-----------EX-XX----------XXX-XX---------XXXXXXX-------EXXXXXXXX-------XXXXXXXXX------XXXXXXXXXX---XXXXXXXXXX
(W)mario-3-1_169,-------------------------------------------------------------------------------------------------------------------------------X--------------XXXX-----------EXXXX----------XXXXXX---------XXXXXXX-------EXXXXXXXX-------XXXXXXXXX------XXXXXXXXXX---XXXXXXXXXXX
(W)mario-3-1_170,------------------------------------------------------------------------------------------------------------------------------XX-------------XXXX-----------EXXXX----------XXXXXX---------XXXXXXX-------EXXXXXXXX-------XXXXXXXXX------XXXXXXXXXX---XXXXXXXXXXXX
(W)mario-3-1_171,-----------------------------------------------------------------------------------------------------------------------------XXX------------XXXX-----------EXXXX----------XXXXXX---------XXXXXXX-------EXXXXXXXX-------XXXXXXXXX------XXXXXXXXXX---XXXXXXXXXXXXX
(W)mario-3-1_172,----------------------------------------------------------------------------------------------------------------------------XXX------------XXXX-----------EXXXX----------XXXXXX---------XXXXXXX-------EXXXXXXXX-------XXXXXXXXX------XXXXXXXXXX---XXXXXXXXXXXXXX
(W)mario-3-1_173,---------------------------------------------------------------------------------------------------------------------------XXX------------XXXX-----------EXXXX----------XXXXXX---------XXXXXXX-------EXXXXXXXX-------XXXXXXXXX------XXXXXXXXXX---XXXXXXXXXXXXXXX
(W)mario-3-1_174,--------------------------------------------------------------------------------------------------------------------------XXX------------XXXX-----------EXXXX----------XXXXXX---------XXXXXXX-------EXXXXXXXX-------XXXXXXXXX------XXXXXXXXXX---XXXXXXXXXXXXXXXX
(W)mario-3-1_175,-------------------------------------------------------------------------------------------------------------------------XXX------------XXXX-----------EXXXX----------XXXXXX---------XXXXXXX-------EXXXXXXXX-------XXXXXXXXX------XXXXXXXXXX----XXXXXXXXXXXXXXXX
(W)mario-3-1_176,------------------------------------------------------------------------------------------------------------------------XXX------------XXXX-----------EXXXX----------XXXXXX---------XXXXXXX-------EXXXXXXXX-------XXXXXXXXX------XXXXXXXXXX-----XXXXXXXXXXXXXXXX
(W)mario-3-1_177,-----------------------------------------------------------------------------------------------------------------------XXX------------XXXX-----------EXXXX----------XXXXXX---------XXXXXXX-------EXXXXXXXX-------XXXXXXXXX------XXXXXXXXXX------XXXXXXXXXXXXXXXX
(W)mario-3-1_178,----------------------------------------------------------------------------------------------------------------------XXX------------XXXX-----------EXXXX----------XXXXXX---------XXXXXXX-------EXXXXXXXX-------XXXXXXXXX-------XXXXXXXXX-------XXXXXXXXXXXXXXXX
(W)mario-3-1_179,-------------------------------------------------------------------------------E-------------------------------------XXX------------XXXX-----------EXXXX----------XXXXXX---------XXXXXXX--------XXXXXXXX--------XXXXXXXX--------XXXXXXXX-------XXXXXXXXXXXXXXXXX
(W)mario-3-1_180,------------------------------------------------------------------------------E-------------------------------------XXX------------XXXX-----------EXXXX----------XXXXXX---------XXXXXXX---------XXXXXXX---------XXXXXXX---------XXXXXXX-------XXXXXXXXXXXXXXXXXX
(W)mario-3-1_181,-----------------------------------------------------------------------------E-------------------------------------XXX------------XXXX-----------EXXXX----------XXXXXX----------XXXXXX----------XXXXXX----------XXXXXX----------XXXXXX-------XX-XXXXXXXXXXXXXXXX
(W)mario-3-1_182,----------------------------------------------------------------------------E-------------------------------------XXX------------XXXX-----------EXXXX-----------XXXXX-----------XXXXX-----------XXXXX-----------XXXXX-----------XXXXX-------XX--XXXXXXXXXXXXXXXX
(W)mario-4-1_1,-----------------------------------------------------------------------------------------------------------------------------------------------------------------------------------------------E--------------pp--------------pp--------------ppXXXXXXXXXXXXXXXX
(W)mario-4-1_2,----------------------------------------------------------------------------------------------------------------------------------------------------------------------------------------------E--------------pp--------------pp--------------pp-XXXXXXXXXXXXXXXX
(W)mario-4-1_3,---------------------------------------------------------------------------------------------------------------------------------------------------------------------------------------------E--------------pp--------------pp--------------pp--XXXXXXXXXXXXXXXX
(W)mario-4-1_4,-------------------------------------------------------------------------------------------------------------------------------Q------------------------------------------------------------E--Q-----------pp--------------pp--------------pp---XXXXXXXXXXXXXXXX
(W)mario-4-1_5,------------------------------------------------------------------------------------------------------------------------------Q------------------------------------------------------------E--Q-----------pp--------------pp--------------pp----XXXXXXXXXXXXXXXX
(W)mario-4-1_6,-----------------------------------------------------------------------------------------------------------------------------Q------------------------------------------------------------E--Q-----------pp--------------pp--------------pp-----XXXXXXXXXXXXXXXX
(W)mario-4-1_7,----------------------------------------------------------------------------------------------------------------------------Q------------------------------------------------------------E--Q-----------pp--------------pp--------------pp------XXXXXXXXXXXXXXXX
(W)mario-4-1_8,---------------------------------------------------------------------------------------------------------------------------Q------------------------------------------------------------E--Q-----------pp--------------pp--------------pp-------XXXXXXXXXXXXXXXX
(W)mario-4-1_9,--------------------------------------------------------------------------------------------------------------------------Q------------------------------------------------------------E--Q-----------pp--------------pp--------------pp--------XXXXXXXXXXXXXXXX
(W)mario-4-1_10,-------------------------------------------------------------------------------------------------------------------------Q------------------------------------------------------------E--Q-----------pp--------------pp--------------pp---------XXXXXXXXXXXXXXXX
(W)mario-4-1_11,------------------------------------------------------------------------------------------------------------------------Q------------------------------------------------------------E--Q-----------pp--------------pp--------------pp----------XXXXXXXXXXXXXXX-
(W)mario-4-1_12,-----------------------------------------------------------------------------------------------------------------------Q------------------------------------------------------------E--Q-----------pp--------------pp--------------pp-----------XXXXXXXXXXXXXX--
(W)mario-4-1_13,----------------------------------------------------------------------------------------------------------------------Q------------------------------------------------------------E--Q-----------pp--------------pp--------------pp------------XXXXXXXXXXXXX--X
(W)mario-4-1_14,---------------------------------------------------------------------------------------------------------------------Q------------------------------------------------------------E--Q-----------pp--------------pp--------------pp-------------XXXXXXXXXXXX--XX
(W)mario-4-1_15,--------------------------------------------------------------------------------------------------------------------Q------------------------------------------------------------E--Q-----------pp--------------pp--------------pp--------------XXXXXXXXXXX--XXX
(W)mario-4-1_16,-------------------------------------------------------------------------------------------------------------------Q------------------------------------------------------------E--Q------------p---------------p---------------p---------------XXXXXXXXXX--XXXX
(W)mario-4-1_17,------------------------------------------------------------------------------------------------------------------Q---------------------------------------------------------------Q-------------------------------------------------------------XXXXXXXXX--XXXXX
(W)mario-4-1_18,-----------------------------------------------------------------------------------------------------------------Q---------------------------------------------------------------Q--------------------------------------------------------------XXXXXXXX--XXXXXX
(W)mario-4-1_19,----------------------------------------------------------------------------------------------------------------Q---------------------------------------------------------------Q---------------------------------------------------------------XXXXXXX--XXXXXXX
(W)mario-4-1_20,-----------------------------------------------------------------------------------------------------------------------------------------------------------------------------------------------o------------------------------------------------XXXXXX--XXXXXXXX
(W)mario-4-1_21,-------------------------------------------------------------------------------------------------------------------------------------------------------------------------------o--------------o-------------------------------------------------XXXXX--XXXXXXXXX
(W)mario-4-1_22,------------------------------------------------------------------------------------------------------------------------------------------------------------------------------oo-------------o--------------------------------------------------XXXX--XXXXXXXXXX
(W)mario-4-1_23,-----------------------------------------------------------------------------------------------------------------------------------------------------------------------------oo-------------o--o------------------------------------------------XXX--XXXXXXXXXXX
(W)mario-4-1_24,----------------------------------------------------------------------------------------------------------------------------------------------------------------------------oo-------------o--o-------------------------------------------------XX--XXXXXXXXXXXX
(W)mario-4-1_25,---------------------------------------------------------------------------------------------------------------------------------------------------------------------------oo-------------o--o--------------------------------------------------X--XXXXXXXXXXXXX
(W)mario-4-1_26,--------------------------------------------------------------------------------------------------------------------------------------------------------------------------oo-------------o--o-----------------------------------------------------XXXXXXXXXXXXXX
(W)mario-4-1_27,-------------------------------------------------------------------------------------------------------------------------------------------------------------------------oo-------------o--o-----------------------------------------------------XXXXXXXXXXXXXXX
(W)mario-4-1_28,------------------------------------------------------------------------------------------------------------------------------------------------------------------------oo-------------o--o-----------------------------------------------------XXXXXXXXXXXXXXXX
(W)mario-4-1_29,-----------------------------------------------------------------------------------------------------------------------------------------------------------------------oo-------------o--o------------------------------------------------------XXXXXXXXXXXXXXXX
(W)mario-4-1_30,----------------------------------------------------------------------------------------------------------------------------------------------------------------------oo-------------o--o-------------------------------------------------------XXXXXXXXXXXXXXXX
(W)mario-4-1_31,---------------------------------------------------------------------------------------------------------------------------------------------------------------------oo-------------o--o--------------------------------------------------------XXXXXXXXXXXXXXXX
(W)mario-4-1_32,--------------------------------------------------------------------------------------------------------------------------------------------------------------------oo-------------o--o---------------------------------------------------------XXXXXXXXXXXXXXXX
(W)mario-4-1_33,-------------------------------------------------------------------------------------------------------------------------------------------------------------------oo-------------o--o----------------------------------------------------------XXXXXXXXXXXXXXXX
(W)mario-4-1_34,------------------------------------------------------------------------------------------------------------------------------------------------------------------oo-------------o--o-----------------------------------------------------------XXXXXXXXXXXXXXXX
(W)mario-4-1_35,-----------------------------------------------------------------------------------------------------------------------------------------------------------------oo-------------o--o------------------------------------------------------------XXXXXXXXXXXXXXXX
(W)mario-4-1_36,----------------------------------------------------------------------------------------------------------------------------------------------------------------oo----------------o-------------------------------------------------------------XXXXXXXXXXXXXXXX
(W)mario-4-1_37,----------------------------------------------------------------------------------------------------------------------------------------------------------------o----------------o--------------------------------------------------------------XXXXXXXXXXXXXXXX
(W)mario-4-1_38,--------------------------------------------------------------------------------------------------------------------------------------------------------------------------------o---------------------------------------------------------------XXXXXXXXXXXXXXXX
(W)mario-4-1_39,------------------------------------------------------------------------------------------------------------------------------------------------------------------------------------------------------------------------------------------------XXXXXXXXXXXXXXXX
(W)mario-4-1_40,------------------------------------------------------------------------------------------------------------------------------------------------------------------------------------------------------------------------------------------------XXXXXXXXXXXXXXXX
(W)mario-4-1_41,------------------------------------------------------------------------------------------------------------------------------------------------------------------------------------------------------------------------------------------------XXXXXXXXXXXXXXXX
(W)mario-4-1_42,------------------------------------------------------------------------------------------------------------------------------------------------------------------------------------------------------------------------------------------------XXXXXXXXXXXXXXXX
(W)mario-4-1_43,-------------------------------------------------------------------------------------------------------------------------------Q---------------------------------------------------------------Q------------------------------------------------XXXXXXXXXXXXXXXX
(W)mario-4-1_44,------------------------------------------------------------------------------------------------------------------------------Q---------------------------------------------------------------Q-------------------------------------------------XXXXXXXXXXXXXXXX
(W)mario-4-1_45,-----------------------------------------------------------------------------------------------------------------------------Q-Q-------------------------------------------------------------Q-Q------------------------------------------------XXXXXXXXXXXXXXXX
(W)mario-4-1_46,----------------------------------------------------------------------------------------------------------------------------Q-Q-------------------------------------------------------------Q-Q-------------------------------------------------XXXXXXXXXXXXXXXX
(W)mario-4-1_47,---------------------------------------------------------------------------------------------------------------------------Q-Q-------------------------------------------------------------Q-Q--------------------------------------------------XXXXXXXXXXXXXXXX
(W)mario-4-1_48,--------------------------------------------------------------------------------------------------------------------------Q-Q-------------------------------------------------------------Q-Q---------------------------------------------------XXXXXXXXXXXXXXXX
(W)mario-4-1_49,-------------------------------------------------------------------------------------------------------------------------Q-Q-------------------------------------------------------------Q-Q----------------------------------------------------XXXXXXXXXXXXXXXX
(W)mario-4-1_50,------------------------------------------------------------------------------------------------------------------------Q-Q-------------------------------------------------------------Q-Q-----------------------------------------------------XXXXXXXXXXXXXXXX
(W)mario-4-1_51,-----------------------------------------------------------------------------------------------------------------------Q-Q-------------------------------------------------------------Q-Q------------------------------------------------------XXXXXXXXXXXXXXXX
(W)mario-4-1_52,----------------------------------------------------------------------------------------------------------------------Q-Q-------------------------------------------------------------Q-Q-------------------------------------------------------XXXXXXXXXXXXXXXX
(W)mario-4-1_53,---------------------------------------------------------------------------------------------------------------------Q-Q-------------------------------------------------------------Q-Q--------------------------------------------------------XXXXXXXXXXXXXXXX
(W)mario-4-1_54,--------------------------------------------------------------------------------------------------------------------Q-Q-------------------------------------------------------------Q-Q---------------------------------------------------------XXXXXXXXXXXXXXXX
(W)mario-4-1_55,-------------------------------------------------------------------------------------------------------------------Q-Q-------------------------------------------------------------Q-Q----------------------------------------------------------XXXXXXXXXXXXXXXX
(W)mario-4-1_56,------------------------------------------------------------------------------------------------------------------Q-Q-------------------------------------------------------------Q-Q-----------------------------------------------------------XXXXXXXXXXXXXXXX
(W)mario-4-1_57,-----------------------------------------------------------------------------------------------------------------Q-Q-------------------------------------------------------------Q-Q------------------------------------------------------------XXXXXXXXXXXXXXX-
(W)mario-4-1_58,----------------------------------------------------------------------------------------------------------------Q-Q-------------------------------------------------------------Q-Q-------------------------------------------------------------XXXXXXXXXXXXXX--
(W)mario-4-1_59,-----------------------------------------------------------------------------------------------------------------Q---------------------------------------------------------------Q--------------------------------------------------------------XXXXXXXXXXXXX---
(W)mario-4-1_60,----------------------------------------------------------------------------------------------------------------Q---------------------------------------------------------------Q---------------------------------------------------------------XXXXXXXXXXXX----
(W)mario-4-1_61,------------------------------------------------------------------------------------------------------------------------------------------------------------------------------------------------------------------------------------------------XXXXXXXXXXX----X
(W)mario-4-1_62,------------------------------------------------------------------------------------------------------------------------------------------------------------------------------------------------------------------------------------------------XXXXXXXXXX----XX
(W)mario-4-1_63,------------------------------------------------------------------------------------------------------------------------------------------------------------------------------------------------------------------------------------------------XXXXXXXXX----XXX
(W)mario-4-1_64,------------------------------------------------------------------------------------------------------------------------------------------------------------------------------------------------------------------------------------------------XXXXXXXX----XXXX
(W)mario-4-1_65,------------------------------------------------------------------------------------------------------------------------------------------------------------------------------------------------------------------------------------------------XXXXXXX----XXXXX
(W)mario-4-1_66,------------------------------------------------------------------------------------------------------------------------------------------------------------------------------------------------------------------------------------------------XXXXXX----XXXXXX
(W)mario-4-1_67,------------------------------------------------------------------------------------------------------------------------------------------------------------------------------------------------------------------------------------------------XXXXX----XXXXXXX
(W)mario-4-1_68,------------------------------------------------------------------------------------------------------------------------------------------------------------------------------------------------------------------------------------------------XXXX----XXXXXXXX
(W)mario-4-1_69,-----------------------------------------------------------------------------------------------------------------------------------------------------------------------------------------------Q------------------------------------------------XXX----XXXXXXXXX
(W)mario-4-1_70,----------------------------------------------------------------------------------------------------------------------------------------------------------------------------------------------QQ------------------------------------------------XX----XXXXXXXXXX
(W)mario-4-1_71,-------------------------------------------------------------------------------------------------------------------------------S-------------------------------------------------------------QQQ------------------------------------------------X----XXXXXXXXXXX
(W)mario-4-1_72,------------------------------------------------------------------------------------------------------------------------------S-------------------------------------------------------------QQQQ----------------------------------------------------XXXXXXXXXXXX
(W)mario-4-1_73,-----------------------------------------------------------------------------------------------------------------------------S-------------------------------------------------------------QQQQ----------------------------------------------------XXXXXXXXXXXXX
(W)mario-4-1_74,----------------------------------------------------------------------------------------------------------------------------S-------------------------------------------------------------QQQQ----------------------------------------------------XXXXXXXXXXXXXX
(W)mario-4-1_75,---------------------------------------------------------------------------------------------------------------------------S-------------------------------------------------------------QQQQ----------------------------------------------------XXXXXXXXXXXXXXX
(W)mario-4-1_76,--------------------------------------------------------------------------------------------------------------------------S-------------------------------------------------------------QQQQ----------------------------------------------------XXXXXXXXXXXXXXXX
(W)mario-4-1_77,-------------------------------------------------------------------------------------------------------------------------S-------------------------------------------------------------QQQQ-----------------------------------------------------XXXXXXXXXXXXXXXX
(W)mario-4-1_78,------------------------------------------------------------------------------------------------------------------------S-------------------------------------------------------------QQQQ------------------------------------------------------XXXXXXXXXXXXXXXX
(W)mario-4-1_79,-----------------------------------------------------------------------------------------------------------------------S-------------------------------------------------------------QQQQ-------------------------------------------------------XXXXXXXXXXXXXXXX
(W)mario-4-1_80,----------------------------------------------------------------------------------------------------------------------S-------------------------------------------------------------QQQQ--------------------------------------------------------XXXXXXXXXXXXXXXX
(W)mario-4-1_81,---------------------------------------------------------------------------------------------------------------------S-------------------------------------------------------------QQQQ---------------------------------------------------------XXXXXXXXXXXXXXXX
(W)mario-4-1_82,--------------------------------------------------------------------------------------------------------------------S-------------------------------------------------------------QQQQ-------------------------X---------------X---------------XXXXXXXXXXXXXXXXX
(W)mario-4-1_83,-------------------------------------------------------------------------------------------------------------------S-------------------------------------------------------------QQQQ-------------------------X---------------X---------------X-XXXXXXXXXXXXXXXX
(W)mario-4-1_84,------------------------------------------------------------------------------------------------------------------S----------------------------o--------------------------------QQQQ-------------------------X---------------X---------------X--XXXXXXXXXXXXXXXX
(W)mario-4-1_85,-----------------------------------------------------------------------------------------------------------------S----------------------------oo--------------------------------QQQ-------------------------X---------------X---------------X---XXXXXXXXXXXXXXXX
(W)mario-4-1_86,----------------------------------------------------------------------------------------------------------------S----------------------------ooo--------------------------------QQ-------------------------X---------------X---------------X----XXXXXXXXXXXXXXXX
(W)mario-4-1_87,--------------------------------------------------------------------------------------------------------------------------------------------oooo--------------------------------Q-------------------------X---------------X---------------X-----XXXXXXXXXXXXXXXX
(W)mario-4-1_88,-------------------------------------------------------------------------------------------------------------------------------------------oooo----------------------------------------------------------X---------------X---------------X------XXXXXXXXXXXXXXXX
(W)mario-4-1_89,------------------------------------------------------------------------------------------------------------------------------------------oooo----------------------------------------------------------X---------------X---------------X-------XXXXXXXXXXXXXXXX
(W)mario-4-1_90,-----------------------------------------------------------------------------------------------------------------------------------------oooo----------------------------------------------------------X---------------X---------------X--------XXXXXXXXXXXXXXXX
(W)mario-4-1_91,----------------------------------------------------------------------------------------------------------------------------------------oooo----------------------------------------------------------X---------------X---------------X---------XXXXXXXXXXXXXXXX
(W)mario-4-1_92,---------------------------------------------------------------------------------------------------------------------------------------oooo----------------------------------------------------------X---------------X---------------X----------XXXXXXXXXXXXXXXX
(W)mario-4-1_93,--------------------------------------------------------------------------------------------------------------------------------------oooo----------------------------------------------------------X---------------X---------------X-----------XXXXXXXXXXXXXXXX
(W)mario-4-1_94,-------------------------------------------------------------------------------------------------------------------------------------oooo----------------------------------------------------------X---------------X---------------X------------XXXXXXXXXXXXXXXX
(W)mario-4-1_95,------------------------------------------------------------------------------------------------------------------------------------oooo-------------------------------------------------------p--X------------p--X------------p--X------------pXXXXXXXXXXXXXXXX
(W)mario-4-1_96,-----------------------------------------------------------------------------------------------------------------------------------oooo----------------------------------------E--------------pp-X------------pp-X------------pp-X------------ppXXXXXXXXXXXXXXXX
(W)mario-4-1_97,----------------------------------------------------------------------------------------------------------------------------------oooo----------------------------------------E--------------pp-X------------pp-X------------pp-X------------pp-XXXXXXXXXXXXXXXX
(W)mario-4-1_98,---------------------------------------------------------------------------------------------------------------------------------oooo----------o-----------------------------E--------------pp--------------pp--------------pp--------------pp--XXXXXXXXXXXXXXXX
(W)mario-4-1_99,--------------------------------------------------------------------------------------------------------------------------------oooo----------oo----------------------------E--------------pp--------------pp--------------pp--------------pp---XXXXXXXXXXXXXXXX
(W)mario-4-1_100,--------------------------------------------------------------------------------------------------------------------------------ooo----------ooo---------------------------E--------------pp--------------pp--------------pp--------------pp----XXXXXXXXXXXXXXXX
(W)mario-4-1_101,--------------------------------------------------------------------------------------------------------------------------------oo----------oooo--------------------------E--------------pp--------------pp--------------pp--------------pp-----XXXXXXXXXXXXXXXX
(W)mario-4-1_102,--------------------------------------------------------------------------------------------------------------------------------o----------oooo--------------------------E--------------pp--------------pp--------------pp--------------pp------XXXXXXXXXXXXXXXX
(W)mario-4-1_103,------------------------------------------------------------------------------------------------------------------------------------------oooo--------------------------E--------------pp--------------pp--------------pp--------------pp-------XXXXXXXXXXXXXXXX
(W)mario-4-1_104,-----------------------------------------------------------------------------------------------------------------------------------------oooo--------------------------E--------------pp--------------pp--------------pp--------------pp--------XXXXXXXXXXXXXXXX
(W)mario-4-1_105,----------------------------------------------------------------------------------------------------------------------------------------oooo--------------------------E--------------pp--------------pp--------------pp--------------pp---------XXXXXXXXXXXXXXXX
(W)mario-4-1_106,---------------------------------------------------------------------------------------------------------------------------------------oooo--------------------------E--------------pp--------------pp--------------pp--------------pp----------XXXXXXXXXXXXXXXX
(W)mario-4-1_107,--------------------------------------------------------------------------------------------------------------------------------------oooo--------------------------E--------------pp--------------pp--------------pp--------------pp-----------XXXXXXXXXXXXXXXX
(W)mario-4-1_108,-------------------------------------------------------------------------------------------------------------------------------------oooo--------------------------E--------------pp--------------pp--------------pp--------------pp------------XXXXXXXXXXXXXXXX
(W)mario-4-1_109,------------------------------------------------------------------------------------------------------------------------------------oooo--------------------------E--------------pp--------------pp--------------pp--------------pp-------------XXXXXXXXXXXXXXXX
(W)mario-4-1_110,-----------------------------------------------------------------------------------------------------------------------------------oooo--------------------------E--------------pp--------------pp--------------pp--------------pp--------------XXXXXXXXXXXXXXXX
(W)mario-4-1_111,----------------------------------------------------------------------------------------------------------------------------------oooo--------------------------E---------------p--------------pp--------------pp--------------pp--------------pXXXXXXXXXXXXXXXX
(W)mario-4-1_112,---------------------------------------------------------------------------------------------------------------------------------oooo------------------------------------------E--------------pp--------------pp--------------pp--------------ppXXXXXXXXXXXXXXXX
(W)mario-4-1_113,--------------------------------------------------------------------------------------------------------------------------------oooo------------------------------------------E--------------pp--------------pp--------------pp--------------pp-XXXXXXXXXXXXXXXX
(W)mario-4-1_114,--------------------------------------------------------------------------------------------------------------------------------ooo------------o-----------------------------E--------------pp--------------pp--------------pp--------------pp--XXXXXXXXXXXXXXXX
(W)mario-4-1_115,--------------------------------------------------------------------------------------------------------------------------------oo------------oo----------------------------E--------------pp--------------pp--------------pp--------------pp---XXXXXXXXXXXXXXXX
(W)mario-4-1_116,--------------------------------------------------------------------------------------------------------------------------------o------------ooo---------------------------E--------------pp--------------pp--------------pp--------------pp----XXXXXXXXXXXXXXXX
(W)mario-4-1_117,--------------------------------------------------------------------------------------------------------------------------------------------oooo--------------------------E--------------pp--------------pp--------------pp--------------pp-----XXXXXXXXXXXXXXXX
(W)mario-4-1_118,-------------------------------------------------------------------------------------------------------------------------------------------oooo--------------------------E--------------pp--------------pp--------------pp--------------pp------XXXXXXXXXXXXXXXX
(W)mario-4-1_119,------------------------------------------------------------------------------------------------------------------------------------------oooo--------------------------E--------------pp--------------pp--------------pp--------------pp-------XXXXXXXXXXXXXXXX
(W)mario-4-1_120,-----------------------------------------------------------------------------------------------------------------------------------------oooo--------------------------E--------------pp--------------pp--------------pp--------------pp--------XXXXXXXXXXXXXXXX
(W)mario-4-1_121,----------------------------------------------------------------------------------------------------------------------------------------oooo--------------------------E--------------pp--------------pp--------------pp--------------pp---------XXXXXXXXXXXXXXXX
(W)mario-4-1_122,---------------------------------------------------------------------------------------------------------------------------------------oooo--------------------------E--------------pp--------------pp--------------pp--------------pp----------XXXXXXXXXXXXXXXX
(W)mario-4-1_123,--------------------------------------------------------------------------------------------------------------------------------------oooo--------------------------E--------------pp--------------pp--------------pp--------------pp-----------XXXXXXXXXXXXXXXX
(W)mario-4-1_124,-------------------------------------------------------------------------------------------------------------------------------------oooo--------------------------E--------------pp--------------pp--------------pp--------------pp------------XXXXXXXXXXXXXXXX
(W)mario-4-1_125,------------------------------------------------------------------------------------------------------------------------------------oooo--------------------------E--------------pp------------Q-pp--------------pp--------------pp-------------XXXXXXXXXXXXXXXX
(W)mario-4-1_126,-----------------------------------------------------------------------------------------------------------------------------------oooo--------------------------E--------------pp------------QQpp--------------pp--------------pp--------------XXXXXXXXXXXXXXXX
(W)mario-4-1_127,-------------------------------------------------------------------------------------------------------------------------------Q--oooo--------------------------E---------------p------------QQQp---------------p---------------p---------------XXXXXXXXXXXXXXXX
(W)mario-4-1_128,------------------------------------------------------------------------------------------------------------------------------QQ-oooo-------------------------------------------------------QQQS------------------------------------------------XXXXXXXXXXXXXXX-
(W)mario-4-1_129,-----------------------------------------------------------------------------------------------------------------------------QQQoooo-------------------------------------------------------QQQSS------------------------------------------------XXXXXXXXXXXXXX--
(W)mario-4-1_130,----------------------------------------------------------------------------------------------------------------------------QQQQooo-------------------------------------------------------QQQSSQ------------------------------------------------XXXXXXXXXXXXX--X
(W)mario-4-1_131,---------------------------------------------------------------------------------------------------------------------------QQQQ-oo-------------------------------------------------------QQQSSQQ------------------------------------------------XXXXXXXXXXXX--XX
(W)mario-4-1_132,--------------------------------------------------------------------------------------------------------------------------QQQQ--o-------------------------------------------------------QQQSSQQQ------------------------------------------------XXXXXXXXXXX--XXX
(W)mario-4-1_133,-------------------------------------------------------------------------------------------------------------------------QQQQ----------------------------------------------------------QQQSSQQQ-------------------------------------------------XXXXXXXXXX--XXXX
(W)mario-4-1_134,------------------------------------------------------------------------------------------------------------------------QQQQ----------------------------------------------------------QQQSSQQQ--------------------------------------------------XXXXXXXXX--XXXXX
(W)mario-4-1_135,-----------------------------------------------------------------------------------------------------------------------QQQQ----------------------------------------------------------QQQSSQQQ---------------------------------------------------XXXXXXXX--XXXXXX
(W)mario-4-1_136,----------------------------------------------------------------------------------------------------------------------QQQQ----------------------------------------------------------QQQSSQQQ----------------------------------------------------XXXXXXX--XXXXXXX
(W)mario-4-1_137,---------------------------------------------------------------------------------------------------------------------QQQQ----------------------------------------------------------QQQSSQQQ-----------------------------------------------------XXXXXX--XXXXXXXX
(W)mario-4-1_138,--------------------------------------------------------------------------------------------------------------------QQQQ----------------------------------------------------------QQQSSQQQ------------------------------------------------------XXXXX--XXXXXXXXX
(W)mario-4-1_139,-------------------------------------------------------------------------------------------------------------------QQQQ----------------------------------------------------------QQQSSQQQ-------------------------------------------------------XXXX--XXXXXXXXXX
(W)mario-4-1_140,------------------------------------------------------------------------------------------------------------------QQQQ----------------------------------------------------------QQQSSQQQ--------------------------------------------------------XXX--XXXXXXXXXXX
(W)mario-4-1_141,-----------------------------------------------------------------------------------------------------------------QQQQ-----------------------------------------------------------QQSSQQQ---------------------------------------------------------XX--XXXXXXXXXXXX
(W)mario-4-1_142,----------------------------------------------------------------------------------------------------------------QQQQ------------------------------------------------------------QSSQQQ-----------------------------------------p---------------pX--XXXXXXXXXXXXX
(W)mario-4-1_143,----------------------------------------------------------------------------------------------------------------QQQ-------------------------------------------------------------SSQQQ--------------------------E--------------pp--------------pp--XXXXXXXXXXXXXX
(W)mario-4-1_144,----------------------------------------------------------------------------------------------------------------QQ--------------------------------------------------------------SQQQ--------------------------E--------------pp--------------pp--XXXXXXXXXXXXXXX
(W)mario-4-1_145,----------------------------------------------------------------------------------------------------------------Q---------------------------------------------------------------QQQ--------------------------E--------------pp--------------pp--XXXXXXXXXXXXXXXX
(W)mario-4-1_146,--------------------------------------------------------------------------------------------------------------------------------------------------------------------------------QQ--------------------------E--------------pp--------------pp---XXXXXXXXXXXXXXXX
(W)mario-4-1_147,--------------------------------------------------------------------------------------------------------------------------------------------------------------------------------Q--------------------------E--------------pp--------------pp----XXXXXXXXXXXXXXXX
(W)mario-4-1_148,----------------------------------------------------------------------------------------------------------------------------------------------------------------------------------------------------------E--------------pp--------------pp-----XXXXXXXXXXXXXXXX
(W)mario-4-1_149,---------------------------------------------------------------------------------------------------------------------------------------------------------------------------------------------------------E--------------pp--------------pp------XXXXXXXXXXXXXXXX
(W)mario-4-1_150,--------------------------------------------------------------------------------------------------------------------------------------------------------------------------------------------------------E--------------pp--------------pp-------XXXXXXXXXXXXXXXX
(W)mario-4-1_151,-------------------------------------------------------------------------------------------------------------------------------------------------------------------------------------------------------E--------------pp--------------pp--------XXXXXXXXXXXXXXXX
(W)mario-4-1_152,------------------------------------------------------------------------------------------------------------------------------------------------------------------------------------------------------E--------------pp--------------pp---------XXXXXXXXXXXXXXXX
(W)mario-4-1_153,-----------------------------------------------------------------------------------------------------------------------------------------------------------------------------------------------------E--------------pp--------------pp----------XXXXXXXXXXXXXXX-
(W)mario-4-1_154,----------------------------------------------------------------------------------------------------------------------------------------------------------------------------------------------------E--------------pp--------------pp-----------XXXXXXXXXXXXXX--
(W)mario-4-1_155,---------------------------------------------------------------------------------------------------------------------------------------------------------------------------------------------------E--------------pp--------------pp------------XXXXXXXXXXXXX---
(W)mario-4-1_156,--------------------------------------------------------------------------------------------------------------------------------------------------------------------------------------------------E--------------pp--------------pp-------------XXXXXXXXXXXX---X
(W)mario-4-1_157,-------------------------------------------------------------------------------------------------------------------------------------------------------------------------------------------------E--------------pp--------------pp--------------XXXXXXXXXXX---XX
(W)mario-4-1_158,------------------------------------------------------------------------------------------------------------------------------------------------------------------------------------------------E---------------p---------------p---------------XXXXXXXXXX---XXX
(W)mario-4-1_159,------------------------------------------------------------------------------------------------------------------------------------------------------------------------------------------------------------------------------------------------XXXXXXXXX---XXX-
(W)mario-4-1_160,------------------------------------------------------------------------------------------------------------------------------------------------------------------------------------------------------------------------------------------------XXXXXXXX---XXX--
(W)mario-4-1_161,------------------------------------------------------------------------------------------------------------------------------------------------------------------------------------------------------------------------------------------------XXXXXXX---XXX--X
(W)mario-4-1_162,------------------------------------------------------------------------------------------------------------------------------------------------------------------------------------------------------------------------------------------------XXXXXX---XXX--XX
(W)mario-4-1_163,------------------------------------------------------------------------------------------------------------------------------------------------------------------------------------------------------------------------------------------------XXXXX---XXX--XXX
(W)mario-4-1_164,------------------------------------------------------------------------------------------------------------------------------------------------------------------------------------------------------------------------------------------------XXXX---XXX--XXXX
(W)mario-4-1_165,------------------------------------------------------------------------------------------------------------------------------------------------------------------------------------------------------------------------------------------------XXX---XXX--XXXXX
(W)mario-4-1_166,------------------------------------------------------------------------------------------------------------------------------------------------------------------------------------------------------------------------------------------------XX---XXX--XXXXXX
(W)mario-4-1_167,------------------------------------------------------------------------------------------------------------------------------------------------------------------------------------------------------------------------------------------------X---XXX--XXXXXXX
(W)mario-4-1_168,---------------------------------------------------------------------------------------------------------------------------------------------------------------------------------------------------------------X---------------X---------------X---XXX--XXXXXXXX
(W)mario-4-1_169,--------------------------------------------------------------------------------------------------------------------------------------------------------------------------------------------------------------X---------------X---------------X---XXX--XXXXXXXX-
(W)mario-4-1_170,-------------------------------------------------------------------------------------------------------------------------------------------------------------------------------------------------------------X---------------X---------------X---XXX--XXXXXXXX--
(W)mario-4-1_171,------------------------------------------------------------------------------------------------------------------------------------------------------------------------------------------------------------X---------------X---------------X---XXX--XXXXXXXX--X
(W)mario-4-1_172,-----------------------------------------------------------------------------------------------------------------------------------------------------------------------------------------------------------X---------------X---------------X----XX--XXXXXXXX--XX
(W)mario-4-1_173,----------------------------------------------------------------------------------------------------------------------------------------------------------------------------------------------------------X---------------X---------------X-----X--XXXXXXXX--XXX
(W)mario-4-1_174,---------------------------------------------------------------------------------------------------------------------------------------------------------------------------------------------------------X---------------X---------------X--------XXXXXXXX--XXXX
(W)mario-4-1_175,--------------------------------------------------------------------------------------------------------------------------------------------------------------------------------------------------------X---------------X---------------X--------XXXXXXXX--XXXXX
(W)mario-4-1_176,-------------------------------------------------------------------------------------------------------------------------------------------------------------------------------------------------------X---------------X---------------X--------XXXXXXXX--XXXXXX
(W)mario-4-1_177,------------------------------------------------------------------------------------------------------------------------------------------------------------------------------------------------------X---------------X---------------X---------XXXXXXX--XXXXXXX
(W)mario-4-1_178,-----------------------------------------------------------------------------------------------------------------------------------------------------------------------------------------------------X---------------X---------------X----------XXXXXX--XXXXXXXX
(W)mario-4-1_179,----------------------------------------------------------------------------------------------------------------------------------------------------------------------------------------------------X---------------X---------------X-----------XXXXX--XXXXXXXXX
(W)mario-4-1_180,---------------------------------------------------------------------------------------------------------------------------------------------------------------------------------------------------X---------------X---------------X------------XXXX--XXXXXXXXXX
(W)mario-4-1_181,--------------------------------------------------------------------------------------------------------------------------------------------------------------------------------------------------X---------------X---------------X-------------XXX--XXXXXXXXXXX
(W)mario-4-1_182,-------------------------------------------------------------------------------------------------------------------------------------------------------------------------------------------------X---------------X---------------X--------------XX--XXXXXXXXXXXX
(W)mario-4-1_183,------------------------------------------------------------------------------------------------------------------------------------------------------------------------------------------------X---------------X---------------X---------------X--XXXXXXXXXXXXX
(W)mario-4-1_184,--------------------------------------------------------------------------------------------------------------------------------------------------------------------------------------------------------------------------------------------------XXXXXXXXXXXXXX
(W)mario-4-1_185,-------------------------------------------------------------------------------------------------------------------------------------------------------------------------------------------------------------------------------------------------XXXXXXXXXXXXXXX
(W)mario-4-1_186,------------------------------------------------------------------------------------------------------------------------------------------------------------------------------------------------------------------------------------------------XXXXXXXXXXXXXXXX
(W)mario-4-1_187,-----------------------------------------------------------------------------------------------------------------------------------------------------------------------------------------------------------------------------------------------XXXXXXXXXXXXXXXXX
(W)mario-4-1_188,-------------------------------------------------------------------------------------------------------------------------------------------------------------------------------------------------------------------------------X--------------XXXXXXXXXXXXXXXXXX
(W)mario-4-1_189,---------------------------------------------------------------------------------------------------------------------------------------------------------------------------------------------------------------X--------------XX-------------XXXXXXXXXXXXXXXXXXX
(W)mario-4-1_190,-----------------------------------------------------------------------------------------------------------------------------------------------------------------------------------------------X--------------XX-------------XXX------------XXXXXXXXXXXXXXXXXXXX
(W)mario-4-1_191,-------------------------------------------------------------------------------------------------------------------------------------------------------------------------------X--------------XX-------------XXX------------XXXX-----------XXXXXXXXXXXXXXXXXXXXX
(W)mario-4-1_192,---------------------------------------------------------------------------------------------------------------------------------------------------------------X--------------XX-------------XXX------------XXXX-----------XXXXX----------XXXXXXXXXXXXXXXXXXXXXX
(W)mario-4-1_193,-----------------------------------------------------------------------------------------------------------------------------------------------X--------------XX-------------XXX------------XXXX-----------XXXXX----------XXXXXX---------XXXXXXXXXXXXXXXXXXXXXXX
(W)mario-4-1_194,-------------------------------------------------------------------------------------------------------------------------------X--------------XX-------------XXX------------XXXX-----------XXXXX----------XXXXXX---------XXXXXXX--------XXXXXXXXXXXXXXXXXXXXXXXX
(W)mario-4-1_195,------------------------------------------------------------------------------------------------------------------------------XX-------------XXX------------XXXX-----------XXXXX----------XXXXXX---------XXXXXXX--------XXXXXXXX-------XXXXXXXXXXXXXXXXXXXXXXXXX
(W)mario-4-1_196,-----------------------------------------------------------------------------------------------------------------------------XX-------------XXX------------XXXX-----------XXXXX----------XXXXXX---------XXXXXXX--------XXXXXXXX-------XXXXXXXXX-XXXXXXXXXXXXXXXX
(W)mario-4-1_197,----------------------------------------------------------------------------------------------------------------------------XX-------------XXX------------XXXX-----------XXXXX----------XXXXXX---------XXXXXXX--------XXXXXXXX-------XXXXXXXXX--XXXXXXXXXXXXXXXX
(W)mario-4-1_198,---------------------------------------------------------------------------------------------------------------------------XX-------------XXX------------XXXX-----------XXXXX----------XXXXXX---------XXXXXXX--------XXXXXXXX-------XXXXXXXXX---XXXXXXXXXXXXXXXX
(W)mario-4-1_199,--------------------------------------------------------------------------------------------------------------------------XX-------------XXX------------XXXX-----------XXXXX----------XXXXXX---S-----XXXXXXX--------XXXXXXXX-------XXXXXXXXX----XXXXXXXXXXXXXXXX
(W)mario-4-1_200,-------------------------------------------------------------------------------------------------------------------------XX-------------XXX------------XXXX-----------XXXXX----------XXXXXX---S-----XXXXXXX--------XXXXXXXX-------XXXXXXXXX-----XXXXXXXXXXXXXXXX
(W)mario-4-1_201,------------------------------------------------------------------------------------------------------------------------XX-------------XXX------------XXXX-----------XXXXX----------XXXXXX---S-----XXXXXXX--------XXXXXXXX-------XXXXXXXXX------XXXXXXXXXXXXXXXX
(W)mario-4-1_202,-----------------------------------------------------------------------------------------------------------------------XX-------------XXX------------XXXX-----------XXXXX----------XXXXXX---S-----XXXXXXX--------XXXXXXXX-------XXXXXXXXX-------XXXXXXXXXXXXXXXX
(W)mario-4-1_203,----------------------------------------------------------------------------------------------------------------------XX-------------XXX------------XXXX-----------XXXXX----------XXXXXX---S-----XXXXXXX--------XXXXXXXX--------XXXXXXXX--------XXXXXXXXXXXXXXXX
(W)mario-4-1_204,---------------------------------------------------------------------------------------------------------------------XX-------------XXX------------XXXX-----------XXXXX----------XXXXXX---S-----XXXXXXX---------XXXXXXX---------XXXXXXX--------XXXXXXXXXXXXXXXXX
(W)mario-4-1_205,--------------------------------------------------------------------------------------------------------------------XX-------------XXX------------XXXX-----------XXXXX----------XXXXXX---S------XXXXXX----------XXXXXX----------XXXXXX--------X-XXXXXXXXXXXXXXXX
(W)mario-4-1_206,-------------------------------------------------------------------------------------------------------------------XX-------------XXX------------XXXX-----------XXXXX-----------XXXXX---S-------XXXXX-----------XXXXX-----------XXXXX--------X--XXXXXXXXXXXXXXXX
(W)mario-4-1_207,------------------------------------------------------------------------------------------------------------------XX-------------XXX------------XXXX------------XXXX------------XXXX---S--------XXXX------------XXXX------------XXXX--------X---XXXXXXXXXXXXXXXX
(W)mario-5-1_1,------------------------------------------------------------------------------------------------------------------------------------------------------------------------------------------------------------------------------------------E--E-EXXXXXXXXXXXXXXXX
(W)mario-5-1_2,-----------------------------------------------------------------------------------------------------------------------------------------------------------------------------------------------------------------------------------------E--E-EEXXXXXXXXXXXXXXXX
(W)mario-5-1_3,----------------------------------------------------------------------------------------------------------------------------------------------------------------------------------------------------------------------------------------E--E-EE-XXXXXXXXXXXXXXXX
(W)mario-5-1_4,---------------------------------------------------------------------------------------------------------------------------------------------------------------------------------------------------------------------------------------E--E-EE--XXXXXXXXXXXXXXXX
(W)mario-5-1_5,--------------------------------------------------------------------------------------------------------------------------------------------------------------------------------------------------------------------------------------E--E-EE---XXXXXXXXXXXXXXXX
(W)mario-5-1_6,-------------------------------------------------------------------------------------------------------------------------------------------------------------------------------------------------------------------------------------E--E-EE----XXXXXXXXXXXXXXXX
(W)mario-5-1_7,------------------------------------------------------------------------------------------------------------------------------------------------------------------------------------------------------------------------------------E--E-EE-----XXXXXXXXXXXXXXXX
(W)mario-5-1_8,-----------------------------------------------------------------------------------------------------------------------------------------------------------------------------------------------------------------------------------E--E-EE------XXXXXXXXXXXXXXXX
(W)mario-5-1_9,----------------------------------------------------------------------------------------------------------------------------------------------------------------------------------------------------------------------------------E--E-EE-------XXXXXXXXXXXXXXXX
(W)mario-5-1_10,---------------------------------------------------------------------------------------------------------------------------------------------------------------------------------------------------------------------------------E--E-EE-------EXXXXXXXXXXXXXXXX
(W)mario-5-1_11,--------------------------------------------------------------------------------------------------------------------------------------------------------------------------------------------------------------------------------E--E-EE-------EEXXXXXXXXXXXXXXXX
(W)mario-5-1_12,----------------------------------------------------------------------------------------------------------------------------------------------------------------------------------------------------------------------------------E-EE-------EE-XXXXXXXXXXXXXXXX
(W)mario-5-1_13,---------------------------------------------------------------------------------------------------------------------------------------------------------------------------------------------------------------------------------E-EE-------EE-EXXXXXXXXXXXXXXXX
(W)mario-5-1_14,--------------------------------------------------------------------------------------------------------------------------------------------------------------------------------------------------------------------------------E-EE-------EE-E-XXXXXXXXXXXXXXXX
(W)mario-5-1_15,---------------------------------------------------------------------------------------------------------------------------------------------------------------------------------------------------------------------------------EE-------EE-E--XXXXXXXXXXXXXXXX
(W)mario-5-1_16,--------------------------------------------------------------------------------------------------------------------------------------------------------------------------------------------------------------------------------EE-------EE-E---XXXXXXXXXXXXXXXX
(W)mario-5-1_17,--------------------------------------------------------------------------------------------------------------------------------------------------------------------------------------------------------------------------------E-------EE-E----XXXXXXXXXXXXXXXX
(W)mario-5-1_18,---------------------------------------------------------------------------------------------------------------------------------------------------------------------------------------------------------------------------------------EE-E-----XXXXXXXXXXXXXXXX
(W)mario-5-1_19,--------------------------------------------------------------------------------------------------------------------------------------------------------------------------------------------------------------------------------------EE-E-----EXXXXXXXXXXXXXXXX
(W)mario-5-1_20,-------------------------------------------------------------------------------------------------------------------------------------------------------------------------------------------------------------------------------------EE-E-----E-XXXXXXXXXXXXXXXX
(W)mario-5-1_21,------------------------------------------------------------------------------------------------------------------------------------------------------------------------------------------------------------------------------------EE-E-----E--XXXXXXXXXXXXXXXX
(W)mario-5-1_22,-----------------------------------------------------------------------------------------------------------------------------------------------------------------------------------------------------------------------------------EE-E-----E---XXXXXXXXXXXXXXXX
(W)mario-5-1_23,----------------------------------------------------------------------------------------------------------------------------------------------------------------------------------------------------------------------------------EE-E-----E----XXXXXXXXXXXXXXXX
(W)mario-5-1_24,---------------------------------------------------------------------------------------------------------------------------------------------------------------------------------------------------------------------------------EE-E-----E-----XXXXXXXXXXXXXXXX
(W)mario-5-1_25,---------------------------------------------------------------------------------------------------------------------------------------------------------------------------------------------------------------p---------------pEE-E-----E-----pXXXXXXXXXXXXXXXX
(W)mario-5-1_26,-----------------------------------------------------------------------------------------------------------------------------------------------------------------------------------------------E--------------pp--------------ppE-E-----E-----ppXXXXXXXXXXXXXXXX
(W)mario-5-1_27,----------------------------------------------------------------------------------------------------------------------------------------------------------------------------------------------E--------------pp--------------pp--E-----E-----pp-XXXXXXXXXXXXXXXX
(W)mario-5-1_28,---------------------------------------------------------------------------------------------------------------------------------------------------------------------------------------------E--------------pp--------------pp--E-----E-----pp--XXXXXXXXXXXXXXXX
(W)mario-5-1_29,--------------------------------------------------------------------------------------------------------------------------------------------------------------------------------------------E--------------pp--------------pp--------E-----pp---XXXXXXXXXXXXXXXX
(W)mario-5-1_30,-------------------------------------------------------------------------------------------------------------------------------------------------------------------------------------------E--------------pp--------------pp--------E-----pp----XXXXXXXXXXXXXXX-
(W)mario-5-1_31,------------------------------------------------------------------------------------------------------------------------------------------------------------------------------------------E--------------pp--------------pp--------E-----pp-----XXXXXXXXXXXXXX--
(W)mario-5-1_32,-----------------------------------------------------------------------------------------------------------------------------------------------------------------------------------------E--------------pp-----p--------pp-----p--E-----pp-----pXXXXXXXXXXXXX--X
(W)mario-5-1_33,----------------------------------------------------------------------------------------------------------------------------------------------------------------------------------------E------E-------pp-----pp-------pp-----pp-E-----pp-----ppXXXXXXXXXXXX--XX
(W)mario-5-1_34,---------------------------------------------------------------------------------------------------------------------------------------------------------------------------------------E------E-------pp-----pp-------pp-----pp-E-----pp-----pp-XXXXXXXXXXX--XXX
(W)mario-5-1_35,--------------------------------------------------------------------------------------------------------------------------------------------------------------------------------------E------E-------pp-----pp-------pp-----pp-------pp-----pp--XXXXXXXXXX--XXXX
(W)mario-5-1_36,-------------------------------------------------------------------------------------------------------------------------------------------------------------------------------------E------E-------pp-----pp-------pp-----pp-------pp-----pp---XXXXXXXXX--XXXXX
(W)mario-5-1_37,------------------------------------------------------------------------------------------------------------------------------------------------------------------------------------E------E-------pp-----pp-------pp-----pp-------pp-----pp----XXXXXXXX--XXXXXX
(W)mario-5-1_38,-----------------------------------------------------------------------------------------------------------------------------------------------------------------------------------E------E-------pp-----pp----E--pp-----pp-------pp-----pp-----XXXXXXX--XXXXXXX
(W)mario-5-1_39,----------------------------------------------------------------------------------------------------------------------------------------------------------------------------------E------E-------pp-----pp----E--pp-----pp-------pp-----pp------XXXXXX--XXXXXXXX
(W)mario-5-1_40,---------------------------------------------------------------------------------------------------------------------------------------------------------------------------------E------E-------pp-----pp----E--pp-----pp-------pp-----pp-------XXXXX--XXXXXXXXX
(W)mario-5-1_41,--------------------------------------------------------------------------------------------------------------------------------------------------------------------------------E------E--------p-----pp----E---p-----pp--------p-----pp--------XXXX--XXXXXXXXXX
(W)mario-5-1_42,--------------------------------------------------------------------------------------------------------------------------------------------------------------------------------------E--------------pp----E---------pp--------------pp---------XXX--XXXXXXXXXXX
(W)mario-5-1_43,-------------------------------------------------------------------------------------------------------------------------------------------------------------------------------------E--------------pp----E---------pp--------------pp----------XX--XXXXXXXXXXXX
(W)mario-5-1_44,------------------------------------------------------------------------------------------------------------------------------------------------------------------------------------E--------------pp----E---------pp--------------pp-----------X--XXXXXXXXXXXXX
(W)mario-5-1_45,-----------------------------------------------------------------------------------------------------------------------------------------------------------------------------------E--------------pp----E---------pp--------------pp-----------E--XXXXXXXXXXXXXX
(W)mario-5-1_46,----------------------------------------------------------------------------------------------------------------------------------------------------------------------------------E--------------pp----E---------pp--------------pp-----------EE-XXXXXXXXXXXXXXX
(W)mario-5-1_47,---------------------------------------------------------------------------------------------------------------------------------------------------------------------------------E--------------pp----E---------pp--------------pp-----------EEEXXXXXXXXXXXXXXXX
(W)mario-5-1_48,--------------------------------------------------------------------------------------------------------------------------------------------------------------------------------E---------------p----E----------p---------------p-----------EEE-XXXXXXXXXXXXXXXX
(W)mario-5-1_49,----------------------------------------------------------------------------------------------------------------------------------------------------------------------------------------------------E--------------------------------------EEE--XXXXXXXXXXXXXXXX
(W)mario-5-1_50,---------------------------------------------------------------------------------------------------------------------------------------------------------------------------------------------------E--------------------------------------EEE---XXXXXXXXXXXXXXXX
(W)mario-5-1_51,--------------------------------------------------------------------------------------------------------------------------------------------------------------------------------------------------E--------------------------------------EEE----XXXXXXXXXXXXXXXX
(W)mario-5-1_52,-------------------------------------------------------------------------------------------------------------------------------------------------------------------------------------------------E--------------------------------------EEE-----XXXXXXXXXXXXXXXX
(W)mario-5-1_53,------------------------------------------------------------------------------------------------------------------------------------------------------------------------------------------------E--------------------------------------EEE------XXXXXXXXXXXXXXXX
(W)mario-5-1_54,--------------------------------------------------------------------------------------------------------------------------------------------------------------------------------------------------------------------------------------EEE------EXXXXXXXXXXXXXXXX
(W)mario-5-1_55,-------------------------------------------------------------------------------------------------------------------------------------------------------------------------------------------------------------------------------------EEE------EEXXXXXXXXXXXXXXXX
(W)mario-5-1_56,------------------------------------------------------------------------------------------------------------------------------------------------------------------------------------------------------------------------------------EEE------EE-XXXXXXXXXXXXXXXX
(W)mario-5-1_57,-----------------------------------------------------------------------------------------------------------------------------------------------------------------------------------------------------------------------------------EEE------EE-EXXXXXXXXXXXXXXXX
(W)mario-5-1_58,----------------------------------------------------------------------------------------------------------------------------------------------------------------------------------------------------------------------------------EEE------EE-E-XXXXXXXXXXXXXXXX
(W)mario-5-1_59,---------------------------------------------------------------------------------------------------------------------------------------------------------------------------------------------------------------------------------EEE------EE-E--XXXXXXXXXXXXXXXX
(W)mario-5-1_60,--------------------------------------------------------------------------------------------------------------------------------------------------------------------------------------------------------------------------------EEE------EE-E---XXXXXXXXXXXXXXXX
(W)mario-5-1_61,--------------------------------------------------------------------------------------------------------------------------------------------------------------------------------------------------------------------------------EE------EE-E----XXXXXXXXXXXXXXXX
(W)mario-5-1_62,--------------------------------------------------------------------------------------------------------------------------------------------------------------------------------------------------------------------------------E------EE-E-----XXXXXXXXXXXXXXXX
(W)mario-5-1_63,--------------------------------------------------------------------------------------------------------------------------------------------------------------------------------------------------------------------------------------EE-E------XXXXXXXXXXXXXXXX
(W)mario-5-1_64,-------------------------------------------------------------------------------------------------------------------------------------------------------------------------------------------------------------------------------------EE-E-------XXXXXXXXXXXXXXXX
(W)mario-5-1_65,-----------------------------------------------------------------------------------------------------------------------------------------------------------------------------------------------E---------------E--------------------EE-E--------XXXXXXXXXXXXXXXX
(W)mario-5-1_66,----------------------------------------------------------------------------------------------------------------------------------------------------------------------------------------------E---------------E--------------------EE-E---------XXXXXXXXXXXXXXXX
(W)mario-5-1_67,---------------------------------------------------------------------------------------------------------------------------------------------------------------------------------------------E---------------E--------------------EE-E----------XXXXXXXXXXXXXXXX
(W)mario-5-1_68,--------------------------------------------------------------------------------------------------------------------------------------------------------------------------------------------E---------------E--------------------EE-E-----------XXXXXXXXXXXXXXXX
(W)mario-5-1_69,-------------------------------------------------------------------------------------------------------------------------------------------------------------------------------------------E---------------E--------------------EE-E------------XXXXXXXXXXXXXXXX
(W)mario-5-1_70,------------------------------------------------------------------------------------------------------------------------------------------------------------------------------------------E----X----------E----X---------------XE-E------------XXXXXXXXXXXXXXXXX
(W)mario-5-1_71,-------------------------------------------------------------------------------------------------------------------------------S---------------------------------------------------------E----XX---------E----X---------------X--E------------X-XXXXXXXXXXXXXXXX
(W)mario-5-1_72,------------------------------------------------------------------------------------------------------------------------------SS--------------------------------------------------------E----XXX--------E----X---------------X--E------------X--XXXXXXXXXXXXXXXX
(W)mario-5-1_73,-----------------------------------------------------------------------------------------------------------------------------SSS-------------------------------------------------------E----XXXX-------E----X---------------X---------------X---XXXXXXXXXXXXXXX-
(W)mario-5-1_74,----------------------------------------------------------------------------------------------------------------------------SSS-------------------------------------------------------E----XXXXX------E----X---------------X---------------X----XXXXXXXXXXXXXX--
(W)mario-5-1_75,---------------------------------------------------------------------------------------------------------------------------SSS-------------------------------------------------------E----XXXXX------E----X---------------X---------------X-----XXXXXXXXXXXXX---
(W)mario-5-1_76,--------------------------------------------------------------------------------------------------------------------------SSS-------------------------------------------------------E----XXXXX------E----X---------------X---------------X------XXXXXXXXXXXX----
(W)mario-5-1_77,-------------------------------------------------------------------------------------------------------------------------SSS-------------------------------------------------------E----XXXXX------E----X---------------X---------------X-------XXXXXXXXXXX----X
(W)mario-5-1_78,------------------------------------------------------------------------------------------------------------------------SSS-------------------------------------------------------E----XXXXX------E----X---------------X---------------X--------XXXXXXXXXX----XX
(W)mario-5-1_79,-----------------------------------------------------------------------------------------------------------------------SSS-------------------------------------------------------E----XXXXX------E----X---------------X---------------X---------XXXXXXXXX----XXX
(W)mario-5-1_80,----------------------------------------------------------------------------------------------------------------------SSS-------------------------------------------------------E----XXXXX------E----X---------------X---------------X----------XXXXXXXX----XXXX
(W)mario-5-1_81,---------------------------------------------------------------------------------------------------------------------SSS------------------------------------------------------------XXXXX-----------X---------------X---------------X-----------XXXXXXX----XXXXX
(W)mario-5-1_82,--------------------------------------------------------------------------------------------------------------------SSS------------------------------------------------------------XXXXX-----------X---------------X---------------X------------XXXXXX----XXXXXX
(W)mario-5-1_83,-------------------------------------------------------------------------------------------------------------------SSS------------------------------------------------------------XXXXX-----------X---------------X---------------X-------------XXXXX----XXXXXXX
(W)mario-5-1_84,------------------------------------------------------------------------------------------------------------------SSS------------------------------------------------------------XXXXX-----------X---------------X---------------X-------------EXXXX----XXXXXXXX
(W)mario-5-1_85,-----------------------------------------------------------------------------------------------------------------SSS------------------------------------------------------------XXXXX-----------X---------------X---------------X-------------EEXXX----XXXXXXXXX
(W)mario-5-1_86,----------------------------------------------------------------------------------------------------------------SSS-------------------------------------------------------------XXXX---------------------------------------------------------EE-XX----XXXXXXXXXX
(W)mario-5-1_87,----------------------------------------------------------------------------------------------------------------SS--------------------------------------------------------------XXX---------------------------------------------------------EE-EX----XXXXXXXXXXX
(W)mario-5-1_88,----------------------------------------------------------------------------------------------------------------S---------------------------------------------------------------XX---------------------------------------------------------EE-E-----XXXXXXXXXXXX
(W)mario-5-1_89,--------------------------------------------------------------------------------------------------------------------------------------------------------------------------------X---------------------------------------------------------EE-E-----XXXXXXXXXXXXX
(W)mario-5-1_90,-----------------------------------------------------------------------------------------------------------------------------------------------------------------------------------------------------------------------------------------EE-E-----XXXXXXXXXXXXXX
(W)mario-5-1_91,----------------------------------------------------------------------------------------------------------------------------------------------------------------------------------------------------------------------------------------EE-E-----XXXXXXXXXXXXXXX
(W)mario-5-1_92,---------------------------------------------------------------------------------------------------------------------------------------------------------------------------------------------------------------------------------------EE-E-----XXXXXXXXXXXXXXXX
(W)mario-5-1_93,--------------------------------------------------------------------------------------------------------------------------------------------------------------------------------------------------------------------------------------EE-E------XXXXXXXXXXXXXXXX
(W)mario-5-1_94,-------------------------------------------------------------------------------------------------------------------------------------------------------------------------------------------------------------------------------------EE-E-------XXXXXXXXXXXXXXXX
(W)mario-5-1_95,------------------------------------------------------------------------------------------------------------------------------------------------------------------------------------------------------------------------------------EE-E--------XXXXXXXXXXXXXXX-
(W)mario-5-1_96,-----------------------------------------------------------------------------------------------------------------------------------------------------------------------------------------------------------------------------------EE-E---------XXXXXXXXXXXXXX--
(W)mario-5-1_97,---------------------------------------------------------------------------------------------------------------------------------------------------------------------------------------------------------------X---------------X--EE-E---------XXXXXXXXXXXXXX--X
(W)mario-5-1_98,--------------------------------------------------------------------------------------------------------------------------------------------------------------------------------------------------------------X---------------X--EE-E---------X-XXXXXXXXXXXX--XX
(W)mario-5-1_99,-------------------------------------------------------------------------------------------------------------------------------------------------------------------------------------------------------------X---------------X--EE-E---------X--XXXXXXXXXXX--XXX
(W)mario-5-1_100,------------------------------------------------------------------------------------------------------------------------------------------------------------------------------------------------------------X---------------X---E-E---------X---XXXXXXXXXX--XXXX
(W)mario-5-1_101,-----------------------------------------------------------------------------------------------------------------------------------------------------------------------------------------------------------X---------------X-----E---------X---EXXXXXXXXX--XXXXX
(W)mario-5-1_102,----------------------------------------------------------------------------------------------------------------------------------------------------------------------------------------------------------X---------------X-----E---------X---EEXXXXXXXX--XXXXXX
(W)mario-5-1_103,---------------------------------------------------------------------------------------------------------------------------------------------------------------------------------------------------------X---------------X---------------X---EE-XXXXXXX--XXXXXXX
(W)mario-5-1_104,--------------------------------------------------------------------------------------------------------------------------------------------------------------------------------------------------------X---------------X---------------X---EE-EXXXXXX--XXXXXXXX
(W)mario-5-1_105,-------------------------------------------------------------------------------------------------------------------------------------------------------------------------------------------------------X---------------X---------------X---EE-E-XXXXX--XXXXXXXXX
(W)mario-5-1_106,------------------------------------------------------------------------------------------------------------------------------------------------------------------------------------------------------X---------------X---------------X---EE-E--XXXX--XXXXXXXXXX
(W)mario-5-1_107,-----------------------------------------------------------------------------------------------------------------------------------------------------------------------------------------------------X---------------X---------------X---EE-E--EXXX--XXXXXXXXXXX
(W)mario-5-1_108,----------------------------------------------------------------------------------------------------------------------------------------------------------------------------------------------------X---------------X---------------X---EE-E--E-XX--XXXXXXXXXXXX
(W)mario-5-1_109,---------------------------------------------------------------------------------------------------------------------------------------------------------------------------------------------------X---------------X---------------X---EE-E--E--X--XXXXXXXXXXXXX
(W)mario-5-1_110,--------------------------------------------------------------------------------------------------------------------------------------------------------------------------------------------------X---------------X---------------X---EE-E--E-----XXXXXXXXXXXXXX
(W)mario-5-1_111,-------------------------------------------------------------------------------------------------------------------------------------------------------------------------------------------------X---------------X---------------X---EE-E--E-----XXXXXXXXXXXXXXX
(W)mario-5-1_112,------------------------------------------------------------------------------------------------------------------------------------------------------------------------------------------------X---------------X---------------X---EE-E--E-----XXXXXXXXXXXXXXXX
(W)mario-5-1_113,-----------------------------------------------------------------------------------------------------------------------------------------------------------------------------------------------------------------------------------EE-E--E------XXXXXXXXXXXXXXXX
(W)mario-5-1_114,----------------------------------------------------------------------------------------------------------------------------------------------------------------------------------------------------------------------------------EE-E--E------EXXXXXXXXXXXXXXXX
(W)mario-5-1_115,---------------------------------------------------------------------------------------------------------------------------------------------------------------------------------------------------------------------------------EE-E--E------E-XXXXXXXXXXXXXXXX
(W)mario-5-1_116,--------------------------------------------------------------------------------------------------------------------------------------------------------------------------------------------------------------------------------EE-E--E------E--XXXXXXXXXXXXXXXX
(W)mario-5-1_117,--------------------------------------------------------------------------------------------------------------------------------------------------------------------------------------------------------------------------------E-E--E------E---XXXXXXXXXXXXXXXX
(W)mario-5-1_118,---------------------------------------------------------------------------------------------------------------------------------------------------------------------------------------------------------------------------------E--E------E----XXXXXXXXXXXXXXXX
(W)mario-5-1_119,--------------------------------------------------------------------------------------------------------------------------------------------------------------------------------------------------------------------------------E--E------E-----XXXXXXXXXXXXXXXX
(W)mario-5-1_120,----------------------------------------------------------------------------------------------------------------------------------------------------------------------------------------------------------------------------------E------E------XXXXXXXXXXXXXXXX
(W)mario-5-1_121,---------------------------------------------------------------------------------------------------------------------------------------------------------------------------------------------------------------------------------E------E-------XXXXXXXXXXXXXXXX
(W)mario-5-1_122,--------------------------------------------------------------------------------------------------------------------------------------------------------------------------------------------------------------------------------E------E--------XXXXXXXXXXXXXXXX
(W)mario-5-1_123,--------------------------------------------------------------------------------------------------------------------------------------------------------------------------------------------------------------------------------------E---------XXXXXXXXXXXXXXXX
(W)mario-5-1_124,-------------------------------------------------------------------------------------------------------------------------------------------------------------------------------------------------------------------------------------E----------XXXXXXXXXXXXXXXX
(W)mario-5-1_125,------------------------------------------------------------------------------------------------------------------------------------------------------------------------------------------------------------------------------------E----------EXXXXXXXXXXXXXXXX
(W)mario-5-1_126,-----------------------------------------------------------------------------------------------------------------------------------------------------------------------------------------------------------------------------------E----------E-XXXXXXXXXXXXXXXX
(W)mario-5-1_127,----------------------------------------------------------------------------------------------------------------------------------------------------------------------------------------------------------------------------------E----------E-EXXXXXXXXXXXXXXXX
(W)mario-5-1_128,-----------------------------------------------------------------------------------------------------------------------------------------------------------------------------------------------X---------------X---------------X-E----------E-EXXXXXXXXXXXXXXXXX
(W)mario-5-1_129,----------------------------------------------------------------------------------------------------------------------------------------------------------------------------------------------XS--------------X---------------X-E----------E-EX-XXXXXXXXXXXXXXXX
(W)mario-5-1_130,---------------------------------------------------------------------------------------------------------------------------------------------------------------------------------------------XSS-------------X---------------X------------E-EX--XXXXXXXXXXXXXXXX
(W)mario-5-1_131,--------------------------------------------------------------------------------------------------------------------------------------------------------------------------------------------XSSS------------X---------------X------------E-EX---XXXXXXXXXXXXXXXX
(W)mario-5-1_132,-------------------------------------------------------------------------------------------------------------------------------------------------------------------------------------------XSSS------------X---------------X------------E-EX----XXXXXXXXXXXXXXXX
(W)mario-5-1_133,------------------------------------------------------------------------------------------------------------------------------------------------------------------------------------------XSSS------------X---------------X------------E-EX-----XXXXXXXXXXXXXXX-
(W)mario-5-1_134,-----------------------------------------------------------------------------------------------------------------------------------------------------------------------------------------XSSS------------X---------------X------------E-EX------XXXXXXXXXXXXXX--
(W)mario-5-1_135,----------------------------------------------------------------------------------------------------------------------------------------------------------------------------------------XSSS------------X---------------X------------E-EX-------XXXXXXXXXXXXX---
(W)mario-5-1_136,---------------------------------------------------------------------------------------------------------------------------------------------------------------------------------------XSSS------------X---------------X------------E-EX--------XXXXXXXXXXXX---X
(W)mario-5-1_137,---------------------------------------------------------------------------------------------------------------------------------------------------------------p---------------p------XSSS-----X------X---------------X------------E-EX---------XXXXXXXXXXX---XX
(W)mario-5-1_138,-----------------------------------------------------------------------------------------------------------------------------------------------E--------------pp--------------pp-----XSSS-----XX-----X---------------X------------E-EX----------XXXXXXXXXX---XXX
(W)mario-5-1_139,----------------------------------------------------------------------------------------------------------------------------------------------E--------------pp--------------pp-----XSSS-----XX-----X---------------X------------E-EX-----------XXXXXXXXX---XXXX
(W)mario-5-1_140,---------------------------------------------------------------------------------------------------------------------------------------------E--------------pp--------------pp-----XSSS-----XX-----X---------------X------------E-EX------------XXXXXXXX---XXXXX
(W)mario-5-1_141,--------------------------------------------------------------------------------------------------------------------------------------------E--------------pp--------------pp-----XSSS-----XX-----X---------------X--------------EX-------------XXXXXXX---XXXXXX
(W)mario-5-1_142,-------------------------------------------------------------------------------------------------------------------------------------------E--------------pp--------------pp-----XSSS-----XX-----X---------------X--------------EX--------------XXXXXX---XXXXXXX
(W)mario-5-1_143,------------------------------------------------------------------------------------------------------------------------------------------E--------------pp--------------pp-----XSSS-----XX-----X---------------X---------------X---------------XXXXX---XXXXXXXX
(W)mario-5-1_144,-----------------------------------------------------------------------------------------------------------------------------------------E--------------pp--------------pp------SSS-----XX-------------------------------------p---------------pXXXX---XXXXXXXXX
(W)mario-5-1_145,----------------------------------------------------------------------------------------------------------------------------------------E--------------pp--------------pp-------SS-----XX----------------------E--------------pp--------------ppXXX---XXXXXXXXXX
(W)mario-5-1_146,---------------------------------------------------------------------------------------------------------------------------------------E--------------pp--------------pp--------S-----XX----------------------E--------------pp--------------pp-XX---XXXXXXXXXXX
(W)mario-5-1_147,--------------------------------------------------------------------------------------------------------------------------------------E--------------pp--------------pp--------------XX----------------------E--------------pp--------------pp--X---XXXXXXXXXXXX
(W)mario-5-1_148,-------------------------------------------------------------------------------------------------------------------------------------E--------------pp--------------pp--------------XX----------------------E--------------pp--------------pp------XXXXXXXXXXXXX
(W)mario-5-1_149,------------------------------------------------------------------------------------------------------------------------------------E--------------pp--------------pp--------------XX----------------------E--------------pp--------------pp------XXXXXXXXXXXXXX
(W)mario-5-1_150,-----------------------------------------------------------------------------------------------------------------------------------E--------------pp--------------pp--------------XX----------------------E--------------pp--------------pp------XXXXXXXXXXXXXXX
(W)mario-5-1_151,----------------------------------------------------------------------------------------------------------------------------------E--------------pp--------------pp--------------XX----------------------E--------------pp--------------pp------XXXXXXXXXXXXXXXX
(W)mario-5-1_152,---------------------------------------------------------------------------------------------------------------------------------E--------------pp--------------pp--------------XX----------------------E--------------pp--------------pp-------XXXXXXXXXXXXXXXX
(W)mario-5-1_153,--------------------------------------------------------------------------------------------------------------------------------E---------------p---------------p---------------X----------------------E--------------pp--------------pp--------XXXXXXXXXXXXXXXX
(W)mario-5-1_154,------------------------------------------------------------------------------------------------------------------------------------------------------------------------------------------------------E--------------pp--------------pp---------XXXXXXXXXXXXXXXX
(W)mario-5-1_155,-----------------------------------------------------------------------------------------------------------------------------------------------------------------------------------------------------E--------------pp--------------pp----------XXXXXXXXXXXXXXXX
(W)mario-5-1_156,----------------------------------------------------------------------------------------------------------------------------------------------------------------------------------------------------E--------------pp--------------pp-----------XXXXXXXXXXXXXXXX
(W)mario-5-1_157,---------------------------------------------------------------------------------------------------------------------------------------------------------------------------------------------------E-----------E--pp--------------pp------------XXXXXXXXXXXXXXXX
(W)mario-5-1_158,--------------------------------------------------------------------------------------------------------------------------------------------------------------------------------------------------E-----------E--pp--------------pp-------------XXXXXXXXXXXXXXXX
(W)mario-5-1_159,-------------------------------------------------------------------------------------------------------------------------------------------------------------------------------------------------E-----------E--pp--------------pp--------------XXXXXXXXXXXXXXXX
(W)mario-5-1_160,------------------------------------------------------------------------------------------------------------------------------------------------------------------------------------------------E-----------E---p---------------p---------------XXXXXXXXXXXXXXXX
(W)mario-5-1_161,-----------------------------------------------------------------------------------------------------------------------------------------------------------------------------------------------------------E------------------------------------XXXXXXXXXXXXXXXX
(W)mario-5-1_162,----------------------------------------------------------------------------------------------------------------------------------------------------------------------------------------------------------E----E--------------------------------XXXXXXXXXXXXXXXX
(W)mario-5-1_163,---------------------------------------------------------------------------------------------------------------------------------------------------------------------------------------------------------E----E--------------------------------XXXXXXXXXXXXXXXXX
(W)mario-5-1_164,--------------------------------------------------------------------------------------------------------------------------------------------------------------------------------------------------------E----E-----------------X--------------XXXXXXXXXXXXXXXXXX
(W)mario-5-1_165,-------------------------------------------------------------------------------------------------------------------------------------------------------------------------------------------------------E----E--X--------------XX-------------XXXXXXXXXXXXXXXXXXX
(W)mario-5-1_166,-----------------------------------------------------------------------------------------------------------------------------------------------------------------------------------------------X------E----E--XX-------------XXX------------XXXXXXXXXXXXXXXXXXXX
(W)mario-5-1_167,-------------------------------------------------------------------------------------------------------------------------------------------------------------------------------X--------------XX-----E----E--XXX------------XXXX-----------XXXXXXXXXXXXXXXXXXXXX
(W)mario-5-1_168,------------------------------------------------------------------------------------------------------------------------------------------------------------------------------X--------------XX-----E----E--XXX------------XXXX-----------XXXXX-XXXXXXXXXXXXXXXX
(W)mario-5-1_169,-----------------------------------------------------------------------------------------------------------------------------------------------------------------------------X--------------XX-----E----E--XXX------------XXXX-----------XXXXX--XXXXXXXXXXXXXXXX
(W)mario-5-1_170,-------------------------------------------------------------------------------------------------------------------------------X---------------X---------------X------------X--X-----------XX--X--E----E--XXX--X---------XXXX-----------XXXXX---XXXXXXXXXXXXXXXX
(W)mario-5-1_171,------------------------------------------------------------------------------------------------------------------------------XX--------------XX--------------XX-----------X--XX----------XX--XX-E----E--XXX--XX--------XXXX-----------XXXXX----XXXXXXXXXXXXXXXX
(W)mario-5-1_172,-----------------------------------------------------------------------------------------------------------------------------XX--------------XX--------------XX-----------X--XX----------XX--XX-E----E--XXX--XX--------XXXX-----------XXXXX-----XXXXXXXXXXXXXXXX
(W)mario-5-1_173,----------------------------------------------------------------------------------------------------------------------------XX--------------XX--------------XX-----------X--XX----------XX--XX------E--XXX--XX--------XXXX-----------XXXXX------XXXXXXXXXXXXXXXX
(W)mario-5-1_174,---------------------------------------------------------------------------------------------------------------------------XX--------------XX--------------XX-----------X--XX----------XX--XX------E--XXX--XX--------XXXX-----------XXXXX-------XXXXXXXXXXXXXXXX
(W)mario-5-1_175,--------------------------------------------------------------------------------------------------------------------------XX--------------XX--------------XX-----------X--XX----------XX--XX------E--XXX--XX--------XXXX-----------XXXXX--------XXXXXXXXXXXXXXXX
(W)mario-5-1_176,-------------------------------------------------------------------------------------------------------------------------XX--------------XX--------------XX-----------X--XX----------XX--XX------E--XXX--XX--------XXXX-----------XXXXX---------XXXXXXXXXXXXXXXX
(W)mario-5-1_177,------------------------------------------------------------------------------------------------------------------------XX--------------XX--------------XX-----------X--XX----------XX--XX------E--XXX--XX--------XXXX-----------XXXXX----------XXXXXXXXXXXXXXXX
(W)mario-5-1_178,-----------------------------------------------------------------------------------------------------------------------XX--------------XX--------------XX-----------X--XX----------XX--XX---------XXX--XX--------XXXX-----------XXXXX-----------XXXXXXXXXXXXXXXX
(W)mario-5-1_179,----------------------------------------------------------------------------------------------------------------------XX--------------XX--------------XX-----------X--XX----------XX--XX---------XXX--XX--------XXXX------------XXXX------------XXXXXXXXXXXXXXXX
(W)mario-5-1_180,---------------------------------------------------------------------------------------------------------------------XX--------------XX--------------XX-----------X--XX----------XX--XX---------XXX--XX---------XXX-------------XXX------------XXXXXXXXXXXXXXXXX
(W)mario-5-1_181,--------------------------------------------------------------------------------------------------------------------XX--------------XX--------------XX-----------X--XX----------XX--XX----------XX--XX----------XX--------------XX------------X-XXXXXXXXXXXXXXXX
(W)mario-5-1_182,-------------------------------------------------------------------------------------------------------------------XX--------------XX--------------XX-----------X--XX-----------X--XX-----------X--XX-----------X---------------X------------X--XXXXXXXXXXXXXXXX
(W)mario-5-1_183,------------------------------------------------------------------------------------------------------------------XX--------------XX--------------XX--------------XX--------------XX--------------XX----------------------------------------X---XXXXXXXXXXXXXXXX
(W)mario-6-1_1,-----------------------------------------------------------------------------------------------------------------------------------------------------------------------------------------QQ-----------------------------------------------------XXXXXXXXXXXXX--X
(W)mario-6-1_2,----------------------------------------------------------------------------------------------------------------------------------------------------------------------------------------QQ------------------------------------------------------XXXXXXXXXXXX--XX
(W)mario-6-1_3,---------------------------------------------------------------------------------------------------------------------------------------------------------------------------------------QQ-------------------------------------------------------XXXXXXXXXXX--XXX
(W)mario-6-1_4,--------------------------------------------------------------------------------------------------------------------------------------------------------------------------------------QQ--------------------------------------------------------XXXXXXXXXX--XXXX
(W)mario-6-1_5,-------------------------------------------------------------------------------------------------------------------------------------------------------------------------------------QQ--------------------------------------------------------XXXXXXXXXX--XXXXX
(W)mario-6-1_6,------------------------------------------------------------------------------------------------------------------------------------------------------------------------------------QQ--------------------------------------------------------XXXXXXXXXX--XXXXXX
(W)mario-6-1_7,-----------------------------------------------------------------------------------------------------------------------------------------------------------------------------------QQ--------------------------------------------------------XXXXXXXXXX--XXXXXXX
(W)mario-6-1_8,----------------------------------------------------------------------------------------------------------------------------------------------------------------------------------QQ-------------------------------------------X------------XXXXXXXXXX--XXXXXXXX
(W)mario-6-1_9,---------------------------------------------------------------------------------------------------------------------------------------------------------------------------------QQ-------------------------------------------XX-----------XXXXXXXXXX--XXXXXXXXX
(W)mario-6-1_10,--------------------------------------------------------------------------------------------------------------------------------------------------------------------------------QQ-------------------------------------------XXX----------XXXXXXXXXX--XXXXXXXXX-
(W)mario-6-1_11,--------------------------------------------------------------------------------------------------------------------------------------------------------------------------------Q------------------------------X------------XXXX---------XXXXXXXXXX--XXXXXXXXX--
(W)mario-6-1_12,--------------------------------------------------------------------------------------------------------------------------------------------------------------------------------------------------------------XX-----------XXXXX--------XXXXXXX-XX--XXXXXXXXX---
(W)mario-6-1_13,-------------------------------------------------------------------------------------------------------------------------------------------------------------------------------------------------------------XXX----------XXXXXX-------XXXXXXX--X--XXXXXXXXX----
(W)mario-6-1_14,-----------------------------------------------------------------------------------------------------------------------------------------------------------------------------------------------X------------XXXX---------XXXXXX-------XXXXXXX-----XXXXXXXXX-----
(W)mario-6-1_15,-------------------------------------------------------------------------------------------------------------------------------S--------------------------------------------------------------XX-----------XXXXX--------XXXXXX-------XXXXXXX-----XXXXXXXXX------
(W)mario-6-1_16,------------------------------------------------------------------------------------------------------------------------------SS-------------------------------------------------------------XXX----------XXXXX--------XXXXXX-------XXXXXXX-----XXXXXXXXX------X
(W)mario-6-1_17,-----------------------------------------------------------------------------------------------------------------------------SS-------------------------------------------------------------XXXX---------XXXXX--------XXXXXX-------XXXXXXX------XXXXXXXX------XX
(W)mario-6-1_18,----------------------------------------------------------------------------------------------------------------------------SS-------------------------------------------------------------XXXX---------XXXXX--------XXXXXX-------XXXXXXX-------XXXXXXX------XX-
(W)mario-6-1_19,---------------------------------------------------------------------------------------------------------------------------SS-------------------------------------------------------------XXXX---------XXXXX--------XXXXXX-------XXXXXXX--------XXXXXX------XX--
(W)mario-6-1_20,--------------------------------------------------------------------------------------------------------------------------SS-------------------------------------------------------------XXXX--S------XXXXX--------XXXXXX-------XXXXXXX---------XXXXX------XX--X
(W)mario-6-1_21,-------------------------------------------------------------------------------------------------------------------------SS-------------------------------------------------------------XXXX--SS-----XXXXX--------XXXXXX--------XXXXXX----------XXXX------XX--XX
(W)mario-6-1_22,------------------------------------------------------------------------------------------------------------------------SS-------------------------------------------------------------XXXX--SSS----XXXXX--------XXXXXX---------XXXXX-----------XXX------XX--XXX
(W)mario-6-1_23,-----------------------------------------------------------------------------------------------------------------------SS--------------------------------------o----------------------XXXX--SSS----XXXXX--------XXXXXX----------XXXX------------XX------XX--XXXX
(W)mario-6-1_24,----------------------------------------------------------------------------------------------------------------------SS--------------------------------------o----------------------XXXX--SSS----XXXXX---------XXXXX-----------XXX-------------X------XX--XXXXX
(W)mario-6-1_25,---------------------------------------------------------------------------------------------------------------------SS--------------------------------------o----------------------XXXX--SSS----XXXXX----------XXXX------------XX--------------------XX--XXXXXX
(W)mario-6-1_26,--------------------------------------------------------------------------------------------------------------------SS--------------------------------------o----------------------XXXX--SSS----XXXXX-----------XXX-------------X--------------------XX--XXXXXXX
(W)mario-6-1_27,-------------------------------------------------------------------------------------------------------------------SS--------------------------------------o----------------------XXXX--SSS-----XXXX------------XX----------------------------------XX--XXXXXXXX
(W)mario-6-1_28,------------------------------------------------------------------------------------------------------------------SS--------------------------------------o----------------------XXXX--SSS------XXX-------------X----------------------------------XX--XXXXXXXXX
(W)mario-6-1_29,-----------------------------------------------------------------------------------------------------------------SS--------------------------------------o----------------------XXXX--SSS-------XX------------------------------------------------XX--XXXXXXXXXX
(W)mario-6-1_30,----------------------------------------------------------------------------------------------------------------SS--------------------------------------o-----------------------XXX--SSS--------X------------------------------------------------XX--XXXXXXXXXXX
(W)mario-6-1_31,----------------------------------------------------------------------------------------------------------------S--------------------------------------o------------------------XX--SSS---------------------------------------------------------XX--XXXXXXXXXXXX
(W)mario-6-1_32,------------------------------------------------------------------------------------------------------------------------------------------------------o-------------------------X--SSS----------------------------------------------------------X--XXXXXXXXXXXXX
(W)mario-6-1_33,-----------------------------------------------------------------------------------------------------------------------------------------------------o----------------------------SSS-------------------------------------------------------------XXXXXXXXXXXXXX
(W)mario-6-1_34,----------------------------------------------------------------------------------------------------------------------------------------------------o----------------------------SSS-------------------------------------------------------------XXXXXXXXXXXXXXX
(W)mario-6-1_35,---------------------------------------------------------------------------------------------------------------------------------------------------o----------------------------SSS-------------------------------------------------------------XXXXXXXXXXXXXXXX
(W)mario-6-1_36,--------------------------------------------------------------------------------------------------------------------------------------------------o-----------------------------SS--------------------------------------------------------------XXXXXXXXXXXXXXX-
(W)mario-6-1_37,-------------------------------------------------------------------------------------------------------------------------------------------------o------------------------------S---------------------------------------------------------------XXXXXXXXXXXXXX--
(W)mario-6-1_38,------------------------------------------------------------------------------------------------------------------------------------------------o-----------------------------------------------------------------------------------------------XXXXXXXXXXXXX--X
(W)mario-6-1_39,------------------------------------------------------------------------------------------------------------------------------------------------------------------------------------------------------------------------------------------------XXXXXXXXXXXX--XX
(W)mario-6-1_40,------------------------------------------------------------------------------------------------------------------------------------------------------------------------------------------------------------------------------------------------XXXXXXXXXXX--XXX
(W)mario-6-1_41,-----------------------------------------------------------------------------------------------------------------------------------------------------------------------------------------------o------------------------------------------------XXXXXXXXXX--XXXX
(W)mario-6-1_42,----------------------------------------------------------------------------------------------------------------------------------------------------------------------------------------------oo------------------------------------------------XXXXXXXXX--XXXXX
(W)mario-6-1_43,---------------------------------------------------------------------------------------------------------------------------------------------------------------------------------------------ooo------------------------------------------------XXXXXXXX--XXXXXX
(W)mario-6-1_44,--------------------------------------------------------------------------------------------------------------------------------------------------------------------------------------------ooo-------------------------------------------------XXXXXXX--XXXXXXX
(W)mario-6-1_45,-------------------------------------------------------------------------------------------------------------------------------------------------------------------------------------------ooo--------------------------------------------------XXXXXX--XXXXXXXX
(W)mario-6-1_46,------------------------------------------------------------------------------------------------------------------------------------------------------------------------------------------ooo---------------------------------------------------XXXXX--XXXXXXXXX
(W)mario-6-1_47,-----------------------------------------------------------------------------------------------------------------------------------------------------------------------------------------ooo----------------------------------------------------XXXX--XXXXXXXXXX
(W)mario-6-1_48,----------------------------------------------------------------------------------------------------------------------------------------------------------------------------------------ooo----------------------------------------------------XXXX--XXXXXXXXXXX
(W)mario-6-1_49,---------------------------------------------------------------------------------------------------------------------------------------------------------------------------------------ooo-------------------------------------X--------------XXXX--XXXXXXXXXXXX
(W)mario-6-1_50,--------------------------------------------------------------------------------------------------------------------------------------------------------------------------------------ooo----------------------X--------------XX-------------XXXX--XXXXXXXXXXXXX
(W)mario-6-1_51,-------------------------------------------------------------------------------------------------------------------------------------------------------------------------------------ooo-------X--------------XX-------------XXX------------XXXX--XXXXXXXXXXXXXX
(W)mario-6-1_52,------------------------------------------------------------------------------------------------------------------------------------------------------------------------------------ooo-------XX-------------XXX------------XXXX-----------XXXXX-XXXXXXXXXXXXXXX
(W)mario-6-1_53,-----------------------------------------------------------------------------------------------------------------------------------------------------------------------------------ooo-------XXX------------XXXX-----------XXXXX----------XXXXXXXXXXXXXXXXXXXXX-
(W)mario-6-1_54,----------------------------------------------------------------------------------------------------------------------------------------------------------------------------------ooo-------XXX------------XXXX-----------XXXXX----------XXXXXX-XXXXXXXXXXXXXX--
(W)mario-6-1_55,---------------------------------------------------------------------------------------------------------------------------------------------------------------o-----------------ooo-------XXX------------XXXX-----------XXXXX----------XXXXXX--XXXXXXXXXXXXX---
(W)mario-6-1_56,--------------------------------------------------------------------------------------------------------------------------------------------------------------oo----------------ooo-------XXX------------XXXX-----------XXXXX----------XXXXXX---XXXXXXXXXXXX---X
(W)mario-6-1_57,-------------------------------------------------------------------------------------------------------------------------------------------------------------oo-----------------oo-------XXX------------XXXX-----------XXXXX----------XXXXXX----XXXXXXXXXXX---XX
(W)mario-6-1_58,------------------------------------------------------------------------------------------------------------------------------------------------------------oo------------------o-------XXX------------XXXX-----------XXXXX----------XXXXXX-----XXXXXXXXXX---XXX
(W)mario-6-1_59,-----------------------------------------------------------------------------------------------------------------------------------------------------------oo--------------------------XXX------------XXXX-----------XXXXX----------XXXXXX------XXXXXXXXX---XXXX
(W)mario-6-1_60,----------------------------------------------------------------------------------------------------------------------------------------------------------oo--------------------------XXX------------XXXX-----------XXXXX----------XXXXXX-------XXXXXXXX---XXXXX
(W)mario-6-1_61,---------------------------------------------------------------------------------------------------------------------------------------------------------oo--------------------------XXX------------XXXX-----------XXXXX----------XXXXXX--------XXXXXXX---XXXXXX
(W)mario-6-1_62,--------------------------------------------------------------------------------------------------------------------------------------------------------oo--------------------------XXX------------XXXX-----------XXXXX----------XXXXXX---------XXXXXX---XXXXXXX
(W)mario-6-1_63,-------------------------------------------------------------------------------------------------------------------------------------------------------oo--------------------------XXX------------XXXX-----------XXXXX---------XXXXXXX----------XXXXX---XXXXXXXX
(W)mario-6-1_64,------------------------------------------------------------------------------------------------------------------------------------------------------oo--------------------------XXX------------XXXX----------XXXXXX---------XXXXXXX-----------XXXX---XXXXXXXXX
(W)mario-6-1_65,-----------------------------------------------------------------------------------------------------------------------------------------------------oo--------------------------XXX------------XXXX----------XXXXXX---------XXXXXXX------------XXX---XXXXXXXXXX
(W)mario-6-1_66,----------------------------------------------------------------------------------------------------------------------------------------------------oo-------------------------XXXX------------XXXX----------XXXXXX---------XXXXXXX------------XXX---XXXXXXXXXXX
(W)mario-6-1_67,---------------------------------------------------------------------------------------------------------------------------------------------------oo----------X--------------XXXX------------XXXX----------XXXXXX---------XXXXXXX------------XXX---XXXXXXXXXXXX
(W)mario-6-1_68,-----------------------------------------------------------------------------------------------------------------------------------------------X--oo----------XX-------------XXXX------------XXXX----------XXXXXX---------XXXXXXX------------XXX---XXXXXXXXXXXXX
(W)mario-6-1_69,----------------------------------------------------------------------------------------------------------------------------------------------XS-oo----------XXX------------XXXS------------XXXX----------XXXXXX---------XXXXXXX------------XXXX--XXXXXXXXXXXXXX
(W)mario-6-1_70,---------------------------------------------------------------------------------------------------------------------------------------------XSSoo----------XXX------------XXXS------------XXXX----------XXXXXX---------XXXXXXX------------XXXX--XXXXXXXXXXXXXXX
(W)mario-6-1_71,--------------------------------------------------------------------------------------------------------------------------------------------XSSSo----------XXX------------XXXS------------XXXX----------XXXXXX-S-------XXXXXXX------------XXXX--XXXXXXXXXXXXXXXX
(W)mario-6-1_72,-------------------------------------------------------------------------------------------------------------------------------------------XSSS-----------XXX------------XXXS------------XXXX----------XXXXXX-SS------XXXXXXX------------XXXX---XXXXXXXXXXXXXXX-
(W)mario-6-1_73,------------------------------------------------------------------------------------------------------------------------------------------XSSS-----------XXX------------XXXS------------XXXX----------XXXXXX-SSS-----XXXXXXX------------XXXX----XXXXXXXXXXXXXX--
(W)mario-6-1_74,-----------------------------------------------------------------------------------------------------------------------------------------XSSS-----------XXX------------XXXS------------XXXX----------XXXXXX-SSS-----XXXXXXX------------XXXX-----XXXXXXXXXXXXX---
(W)mario-6-1_75,----------------------------------------------------------------------------------------------------------------------------------------XSSS-----------XXX------------XXXS------------XXXX----------XXXXXX-SSS-----XXXXXXX------------XXXX------XXXXXXXXXXXX---X
(W)mario-6-1_76,---------------------------------------------------------------------------------------------------------------------------------------XSSS-----------XXX------------XXXS------------XXXX----------XXXXXX-SSS-----XXXXXXX------------XXXX-------XXXXXXXXXXX---XX
(W)mario-6-1_77,--------------------------------------------------------------------------------------------------------------------------------------XSSS-----------XXX------------XXXS------------XXXX----------XXXXXX-SSS-----XXXXXXX------------XXXX--------XXXXXXXXXX---XXX
(W)mario-6-1_78,-------------------------------------------------------------------------------------------------------------------------------------XSSS-----------XXX------------XXXS------------XXXX----------XXXXXX-SSS-----XXXXXXX------------XXXX---------XXXXXXXXX---XXXX
(W)mario-6-1_79,------------------------------------------------------------------------------------------------------------------------------------XSSS-----------XXX------------XXXS------------XXXX----------XXXXXX-SSS------XXXXXX------------XXXX----------XXXXXXXX---XXXXX
(W)mario-6-1_80,-----------------------------------------------------------------------------------------------------------------------------------XSSS-----------XXX------------XXXS------------XXXX-----------XXXXX-SSS-------XXXXX------------XXXX-----------XXXXXXX---XXXXXX
(W)mario-6-1_81,----------------------------------------------------------------------------------------------------------------------------------XSSS-----------XXX------------XXXS------------XXXX------------XXXX-SSS-------pXXXX-----------pXXXX-----------pXXXXXX---XXXXXXX
(W)mario-6-1_82,---------------------------------------------------------------------------------------------------------------------------------XSSS-----------XXX-------------XXS-------------XXX------------EXXX-SSS-------ppXXX-----------ppXXX-----------ppXXXXX---XXXXXXXX
(W)mario-6-1_83,--------------------------------------------------------------------------------------------------------------------------------XSSS------------XX--------------XS--------------XX------------E-XX-SSS-------pp-XX-----------pp-XX-----------pp-XXXX---XXXXXXXXX
(W)mario-6-1_84,--------------------------------------------------------------------------------------------------------------------------------SSS-------------X---------------S--------------oX------------E--X-SSS-------pp--X-----------pp--X-----------pp--XXX---XXXXXXXXXX
(W)mario-6-1_85,--------------------------------------------------------------------------------------------------------------------------------SS--------------------------------------------oo------------E----SSS-------pp--------------pp--------------pp---XX---XXXXXXXXXXX
(W)mario-6-1_86,--------------------------------------------------------------------------------------------------------------------------------S--------------------------------------------ooo-----------E----SSS-------pp--------------pp--------------pp----X---XXXXXXXXXXXX
(W)mario-6-1_87,----------------------------------------------------------------------------------------------------------------------------------------------------------------------------ooo-----------E-----SS-------pp--------------pp--------------pp--------XXXXXXXXXXXXX
(W)mario-6-1_88,---------------------------------------------------------------------------------------------------------------------------------------------------------------------------ooo-----------E------S-------pp--------------pp--------------pp--------XXXXXXXXXXXXXX
(W)mario-6-1_89,--------------------------------------------------------------------------------------------------------------------------------------------------------------------------ooo-----------E--------------pp--------------pp--------------pp--------XXXXXXXXXXXXXXX
(W)mario-6-1_90,-------------------------------------------------------------------------------------------------------------------------------------------------------------------------ooo-----------E--------------pp--------------pp--------------pp--------XXXXXXXXXXXXXXXX
(W)mario-6-1_91,------------------------------------------------------------------------------------------------------------------------------------------------------------------------ooo-----------E--------------pp--------------pp--------------pp---------XXXXXXXXXXXXXXXX
(W)mario-6-1_92,-------------------------------------------------------------------------------------------------------------------------------S---------------------------------------ooo-----------E---------S----pp--------------pp--------------pp----------XXXXXXXXXXXXXXXX
(W)mario-6-1_93,------------------------------------------------------------------------------------------------------------------------------S---------------------------------------ooo-----------E---------S----pp--------------pp--------------pp-----------XXXXXXXXXXXXXXXX
(W)mario-6-1_94,-----------------------------------------------------------------------------------------------------------------------------S---------------------------------------ooo-----------E---------S----pp--------------pp--------------pp------------XXXXXXXXXXXXXXXX
(W)mario-6-1_95,----------------------------------------------------------------------------------------------------------------------------S---------------------------------------ooo-----------E---------S----pp--------------pp--------------pp-------------XXXXXXXXXXXXXXXX
(W)mario-6-1_96,---------------------------------------------------------------------------------------------------------------------------S---------------------------------------ooo-----------E---------S----pp--------------pp--------------pp--------------XXXXXXXXXXXXXXXX
(W)mario-6-1_97,--------------------------------------------------------------------------------------------------------------------------S---------------------------------------ooo-----------E---------S-----p---------------p---------------p---------------XXXXXXXXXXXXXXXX
(W)mario-6-1_98,-------------------------------------------------------------------------------------------------------------------------S---------------------------------------ooo---------------------S------------------------------------------------------XXXXXXXXXXXXXXXX
(W)mario-6-1_99,------------------------------------------------------------------------------------------------------------------------S---------------------------------------ooo---------------------S-------------------------------------------------------XXXXXXXXXXXXXXXX
(W)mario-6-1_100,-----------------------------------------------------------------------------------------------------------------------S----------------------------------------oo---------------------S--------------------------------------------------------XXXXXXXXXXXXXXXX
(W)mario-6-1_101,----------------------------------------------------------------------------------------------------------------------S-----------------------------------------o---------------------S--------------------------------------------------------XXXXXXXXXXXXXXXXX
(W)mario-6-1_102,---------------------------------------------------------------------------------------------------------------------S---------------------------------------------------------------S-----------------------------------------X--------------XXXXXXXXXXXXXXXXXX
(W)mario-6-1_103,--------------------------------------------------------------------------------------------------------------------S---------------------------------------------------------------S--------------------------X--------------XX-------------XXXXXXXXXXXXXXXXXXX
(W)mario-6-1_104,-------------------------------------------------------------------------------------------------------------------S---------------------------------------------------------------S-----------X--------------XX-------------XXX------------XXXXXXXXXXXXXXXXXXXX
(W)mario-6-1_105,------------------------------------------------------------------------------------------------------------------S------------------------------------------------------------X--S-----------XX-------------XXX------------XXXX-----------XXXXXXXXXXXXXXXXXXXXX
(W)mario-6-1_106,-----------------------------------------------------------------------------------------------------------------S------------------------------------------------------------XS-S-----------XXX------------XXXX-----------XXXXX----------XXXXXXXXXXXXXXXXXXXXX-
(W)mario-6-1_107,----------------------------------------------------------------------------------------------------------------S------------------------------------------------------------XSSS-----------XXX------------XXXX-----------XXXXX----------XXXXXX-XXXXXXXXXXXXXX--
(W)mario-6-1_108,----------------------------------------------------------------------------------------------------------------------------------------------------------------------------XSS------------XXX------------XXXX-----------XXXXX----------XXXXXX--XXXXXXXXXXXXX---
(W)mario-6-1_109,---------------------------------------------------------------------------------------------------------------------------------------------------------------------------XSS-S----------XXX------------XXXX-----------XXXXX----------XXXXXX--SXXXXXXXXXXXX----
(W)mario-6-1_110,--------------------------------------------------------------------------------------------------------------------------------------------------------------------------XSS-SQ---------XXX------------XXXX-----------XXXXX----------XXXXXX--SSXXXXXXXXXXX-----
(W)mario-6-1_111,-------------------------------------------------------------------------------------------------------------------------------------------------------------------------XSS-SQ---------XXX------------XXXX-----------XXXXX----------XXXXXX--SSSXXXXXXXXXX------
(W)mario-6-1_112,------------------------------------------------------------------------------------------------------------------------------------------------------------------------XSS-SQ---------XXX------------XXXX-----------XXXXX----------XXXXXX--SSSSXXXXXXXXX-------
(W)mario-6-1_113,-----------------------------------------------------------------------------------------------------------------------------------------------------------------------XSS-SQ---------XXX------------XXXX-----------XXXXX----------XXXXXX--SSSSSXXXXXXXX-------X
(W)mario-6-1_114,----------------------------------------------------------------------------------------------------------------------------------------------------------------------XSS-SQ---------XXX------------XXXX-----------XXXXX----------XXXXXX--SSSSS-XXXXXXX-------XX
(W)mario-6-1_115,---------------------------------------------------------------------------------------------------------------------------------------------------------------------XSS-SQ---------XXX------------XXXX-----------XXXXX----------XXXXXX--SSSSS--XXXXXX-------XX-
(W)mario-6-1_116,--------------------------------------------------------------------------------------------------------------------------------------------------------------------XSS-SQ---------XXX------------XXXX-----------XXXXX----------XXXXXX--SSSSS---XXXXX-------XX-X
(W)mario-6-1_117,-------------------------------------------------------------------------------------------------------------------------------------------------------------------XSS-SQ---------XXX------------XXXX-----------XXXXX-----------XXXXX--SSSSS----XXXX-------XX-XX
(W)mario-6-1_118,------------------------------------------------------------------------------------------------------------------------------------------------------------------XSS-SQ---------XXX------------XXXX------------XXXX------------XXXX--SSSSS-----XXX-------XX-XXX
(W)mario-6-1_119,-----------------------------------------------------------------------------------------------------------------------------------------------------------------XSS-SQ---------XXX-------------XXX-------------XXX-------------XXX--SSSSS------XX-------XX-XXXX
(W)mario-6-1_120,----------------------------------------------------------------------------------------------------------------------------------------------------------------XSS-SQ----------XX--------------XX--------------XX--------------XX--SSSSS-------X-------XX-XXXXX
(W)mario-6-1_121,----------------------------------------------------------------------------------------------------------------------------------------------------------------SS-SQ-----------X---------------X---------------X---------------X--SSSSS---------------XX-XXXXXX
(W)mario-6-1_122,----------------------------------------------------------------------------------------------------------------------------------------------------------------S-SQ--------------------------------------------------------------SSSSS--------X------XX-XXXXXXX
(W)mario-6-1_123,-----------------------------------------------------------------------------------------------------------------------------------------------------------------SQ------------------------------------------------------------X-SSSSS--------XX-----XX-XXXXXXXX
(W)mario-6-1_124,----------------------------------------------------------------------------------------------------------------------------------------------------------------SQ---------------------------------------------X--------------XXSSSSS--------XXX----XX-XXXXXXXXX
(W)mario-6-1_125,----------------------------------------------------------------------------------------------------------------------------------------------------------------Q------------------------------X--------------XX-------------XXXSSSS--------XXXX---XX-XXXXXXXXXX
(W)mario-6-1_126,-------------------------------------------------------------------------------------------------------------------------------------------------------------------------------X--------------XX-------------XXX------------XXXXSSS--------XXXXX--XX-XXXXXXXXXXX
(W)mario-6-1_127,---------------------------------------------------------------------------------------------------------------------------------------------------------------X--------------XX-------------XXX------------XXXX-----------XXXXXSS--------XXXXXX-XX-XXXXXXXXXXXX
(W)mario-6-1_128,--------------------------------------------------------------------------------------------------------------------------------------------------------------XS-------------XXX------------XXXX-----------XXXXX----------XXXXXXS--------XXXXXXXXX-XXXXXXXXXXXX-
(W)mario-6-1_129,-------------------------------------------------------------------------------------------------------------------------------------------------------------XSS------------XXX------------XXXX-----------XXXXX----------XXXXXX---------XXXXXXX-X-XXXXXXXXXXXX--
(W)mario-6-1_130,------------------------------------------------------------------------------------------------------------------------------------------------------------XSS------------XXX------------XXXX-S---------XXXXX----------XXXXXX---------XXXXXXX---XXXXXXXXXXXX---
(W)mario-6-1_131,-----------------------------------------------------------------------------------------------------------------------------------------------------------XSS------------XXX------------XXXX-SS--------XXXXX----------XXXXXX--S------XXXXXXX---XXXXXXXXXXXX----
(W)mario-6-1_132,----------------------------------------------------------------------------------------------------------------------------------------------------------XSS--o---------XXX------------XXXX-SS--------XXXXX----------XXXXXX--SS-----XXXXXXX----XXXXXXXXXXX-----
(W)mario-6-1_133,---------------------------------------------------------------------------------------------------------------------------------------------------------XSS--o---------XXX------------XXXX-SS--------XXXXX----------XXXXXX--SSS----XXXXXXX-----XXXXXXXXXX------
(W)mario-6-1_134,--------------------------------------------------------------------------------------------------------------------------------------------------------XSS--o---------XXX------------XXXX-SS--------XXXXX----------XXXXXX--SSS----XXXXXXX------XXXXXXXXX------X
(W)mario-6-1_135,-------------------------------------------------------------------------------------------------------------------------------------------------------XSS--o---------XXX------------XXXX-SS--------XXXXX----------XXXXXX--SSS----XXXXXXX-------XXXXXXXX------XX
(W)mario-6-1_136,------------------------------------------------------------------------------------------------------------------------------------------------------XSS--o---------XXX------------XXXX-SS--------XXXXX----------XXXXXX--SSS----XXXXXXX--------XXXXXXX------XXX
(W)mario-6-1_137,-----------------------------------------------------------------------------------------------------------------------------------------------------XSS--o---------XXX------------XXXX-SS--------XXXXX----------XXXXXX--SSS----XXXXXXX---------XXXXXX------XXXX
(W)mario-6-1_138,----------------------------------------------------------------------------------------------------------------------------------------------------XSS--o---------XXX------------XXXX-SS--------XXXXX----------XXXXXX--SSS-----XXXXXX----------XXXXX------XXXXX
(W)mario-6-1_139,---------------------------------------------------------------------------------------------------------------------------------------------------XSS--o---------XXX------------XXXX-SS--------XXXXX-----------XXXXX--SSS------XXXXX-----------XXXX------XXXXXX
(W)mario-6-1_140,--------------------------------------------------------------------------------------------------------------------------------------------------XSS--o---------XXX------------XXXX-SS---------XXXX------------XXXX--SSS-------XXXX------------XXX------XXXXXXX
(W)mario-6-1_141,-------------------------------------------------------------------------------------------------------------------------------------------------XSS--o---------XXX-------------XXX-SS----------XXX-------------XXX--SSS--------XXX-------------XX------XXXXXXXX
(W)mario-6-1_142,------------------------------------------------------------------------------------------------------------------------------------------------XSS--o----------XX--------------XX-SS-----------XX--------------XX--SSS---------XX--------------X------XXXXXXXXX
(W)mario-6-1_143,------------------------------------------------------------------------------------------------------------------------------------------------SS--o-----------X---------------X-SS------------X---------------X--SSS----------X---------------------XXXXXXXXX-
(W)mario-6-1_144,------------------------------------------------------------------------------------------------------------------------------------------------S--o-----------------------------SS-------------------------------SSS--------------------------------XXXXXXXXX--
(W)mario-6-1_145,--------------------------------------------------------------------------------------------------------------------------------------------------o-----------------------------SS-------------------------------SSS--------------------------------XXXXXXXXX---
(W)mario-6-1_146,-------------------------------------------------------------------------------------------------------------------------------------------------o------------------------------S-------------------------------SSS--------------------------------XXXXXXXXX---X
(W)mario-6-1_147,------------------------------------------------------------------------------------------------------------------------------------------------o---------------------------------------------------------------SS--------------------------------XXXXXXXXX---XX
(W)mario-6-1_148,----------------------------------------------------------------------------------------------------------------------------------------------------------------------------------------------------------------S------------------------------X-XXXXXXXXX---XXX
(W)mario-6-1_149,-------------------------------------------------------------------------------------------------------------------------------------------------------------------------------------------------------------------------------X--------------XXXXXXXXXXX---XXXX
(W)mario-6-1_150,---------------------------------------------------------------------------------------------------------------------------------------------------------------------------------------------------------------X--------------XX-------------XXXXXXXXXXX---XXXXX
(W)mario-6-1_151,-----------------------------------------------------------------------------------------------------------------------------------------------------------------------------------------------X--------------XX-------------XXX------------XXXXXXXXXXX---XXXXXX
(W)mario-6-1_152,-------------------------------------------------------------------------------------------------------------------------------------------------------------------------------X--------------XX-------------XXX------------XXXX-----------XXXXXXXXXXX---XXXXXXX
(W)mario-6-1_153,------------------------------------------------------------------------------------------------------------------------------------------------------------------------------XX-------------XXX------------XXXX-----------XXXXX----------XXXXXXXXXXX---XXXXXXX-
(W)mario-6-1_154,-----------------------------------------------------------------------------------------------------------------------------------------------------------------------------XX-------------XXX------------XXXX-----------XXXXX----------XXXXXX-XXXX---XXXXXXX--
(W)mario-6-1_155,-------------------------------------------------------------------------------------------------------------------------------X---------------X---------------X------------XX-X-----------XXX-X----------XXXX-X---------XXXXX-X--------XXXXXX-XXXX---XXXXXXX--X
(W)mario-6-1_156,------------------------------------------------------------------------------------------------------------------------------XX--------------XX--------------XX-----------XX-XX----------XXX-XX---------XXXX-XX--------XXXXX-XX-------XXXXXX-XXXX---XXXXXXX--XX
(W)mario-6-1_157,-----------------------------------------------------------------------------------------------------------------------------XXX-------------XXX-------------XXX----------XX-XXX---------XXX-XXX--------XXXX-XXX-------XXXXX-XXX------XXXXXX-XXXX---XXXXXXX--XXX
(W)mario-6-1_158,----------------------------------------------------------------------------------------------------------------------------XXX-------------XXX-------------XXX----------XX-XXX---------XXX-XXX--------XXXX-XXX-------XXXXX-XXX------XXXXXX-XXX----XXXXXXX--XXXX
(W)mario-6-1_159,---------------------------------------------------------------------------------------------------------------------------XXX-------------XXX-------------XXX----------XX-XXX---------XXX-XXX--------XXXX-XXX-------XXXXX-XXX------XXXXXX-XXX----XXXXXXX--XXXXX
(W)mario-6-1_160,--------------------------------------------------------------------------------------------------------------------------XXX-------------XXX-------------XXX----------XX-XXX---------XXX-XXX--------XXXX-XXX-------XXXXX-XXX------XXXXXX-XXX----XXXXXXX--XXXXXX
(W)mario-6-1_161,-------------------------------------------------------------------------------------------------------------------------XXX-------------XXX-------------XXX----------XX-XXX---------XXX-XXX--------XXXX-XXX-------XXXXX-XXX------XXXXXX-XXX----XXXXXXX--XXXXXXX
(W)mario-6-1_162,------------------------------------------------------------------------------------------------------------------------XXX-------------XXX-------------XXX----------XX-XXX---------XXX-XXX--------XXXX-XXX-------XXXXX-XXX------XXXXXX-XXX-----XXXXXX--XXXXXXXX
(W)mario-6-1_163,-----------------------------------------------------------------------------------------------------------------------XXX-------------XXX-------------XXX----------XX-XXX---------XXX-XXX--------XXXX-XXX-------XXXXX-XXX------XXXXXX-XXX------XXXXX--XXXXXXXXX
(W)mario-6-1_164,----------------------------------------------------------------------------------------------------------------------XXX-------------XXX-------------XXX----------XX-XXX---------XXX-XXX--------XXXX-XXX-------XXXXX-XXX-------XXXXX-XXX-------XXXX--XXXXXXXXXX
(W)mario-6-1_165,---------------------------------------------------------------------------------------------------------------------XXX-------------XXX-------------XXX----------XX-XXX---------XXX-XXX--------XXXX-XXX--------XXXX-XXX--------XXXX-XXX-------XXXX--XXXXXXXXXXX
(W)mario-6-1_166,--------------------------------------------------------------------------------------------------------------------XXX-------------XXX-------------XXX----------XX-XXX---------XXX-XXX---------XXX-XXX---------XXX-XXX---------XXX-XXX-------XXXX--XXXXXXXXXXXX
(W)mario-6-1_167,-------------------------------------------------------------------------------------------------------------------XXX-------------XXX-------------XXX----------XX-XXX----------XX-XXX----------XX-XXX----------XX-XXX----------XX-XXX-------XX-X--XXXXXXXXXXXXX
(W)mario-6-1_168,------------------------------------------------------------------------------------------------------------------XXX-------------XXX-------------XXX-----------X-XXX-----------X-XXX-----------X-XXX-----------X-XXX-----------X-XXX-------XX----XXXXXXXXXXXXXX
(W)mario-6-1_169,-----------------------------------------------------------------------------------------------------------------XXX-------------XXX-------------XXX-------------XXX-------------XXX-------------XXX-------------XXX-------------XXX-------XX----XXXXXXXXXXXXXXX
(W)mario-6-2_1,-------------------------------------------------------------------------------------------------------------------------------------------------------------------------------E-----SSS------pp--------------pp--------------pp--------------ppXXXXXXXXXXXXXXXX
(W)mario-6-2_2,------------------------------------------------------------------------------------------------------------------------------------------------------------------------------E-----SSS------pp--------------pp--------------pp--------------pp-XXXXXXXXXXXXXXXX
(W)mario-6-2_3,-----------------------------------------------------------------------------------------------------------------------------------------------------------------------------E-----SSS------pp--------------pp--------------pp--------------pp--XXXXXXXXXXXXXXXX
(W)mario-6-2_4,-------------------------------------------------------------------------------------------------------------------------------S--------------------------------------------E-----SSS------pp--------------pp--------------pp--------------pp---XXXXXXXXXXXXXXXX
(W)mario-6-2_5,------------------------------------------------------------------------------------------------------------------------------SS-------------------------------------------E-----SSS------pp---S----------pp--------------pp--------------pp----XXXXXXXXXXXXXXXX
(W)mario-6-2_6,-----------------------------------------------------------------------------------------------o-----------------------------SSS------------------------------------------E-----SSS------pp---S----------pp--------------pp--------------pp----EXXXXXXXXXXXXXXXX
(W)mario-6-2_7,----------------------------------------------------------------------------------------------o-----------------------------SSS------------------------------------------E------SS------pp---S----------pp--------------pp--------------pp----E-XXXXXXXXXXXXXXXX
(W)mario-6-2_8,---------------------------------------------------------------------------------------------o-----------------------------SSS------------------------------------------E-------S------pp---S----------pp--------------pp--------------pp----E--XXXXXXXXXXXXXXXX
(W)mario-6-2_9,--------------------------------------------------------------------------------------------o-----------------------------SSS------------------------------------------E--------------pp---S---p------pp-------p------pp-------p------pp----E--pXXXXXXXXXXXXXXXX
(W)mario-6-2_10,-------------------------------------------------------------------------------------------o-----------------------------SSS------------------------------------------E--------E-----pp---S---pp-----pp-------pp-----pp-------pp-----pp----E--ppXXXXXXXXXXXXXXXX
(W)mario-6-2_11,------------------------------------------------------------------------------------------o-----------------------------SSS------------------------------------------E--------E-----pp---S---pp-----pp-------pp-----pp-------pp-----pp----E--pp-XXXXXXXXXXXXXXXX
(W)mario-6-2_12,-----------------------------------------------------------------------------------------o-----------------------------SSS------------------------------------------E--------E-----pp---S---pp-----pp-------pp-----pp-------pp-----pp----E--pp--XXXXXXXXXXXXXXXX
(W)mario-6-2_13,----------------------------------------------------------------------------------------o-----------------------------SSS----------------------p---------------p---E--------E--X--pp---S---pp-----pp-------pp-----pp-------pp-----pp----E--pp---XXXXXXXXXXXXXXXX
(W)mario-6-2_14,---------------------------------------------------------------------------------------o-----------------------------SSS-------E--------------pp--------------pp--E--------E--XX-pp---S---pp-----pp-------pp-----pp-------pp-----pp----E--pp----XXXXXXXXXXXXXXXX
(W)mario-6-2_15,--------------------------------------------------------------------------------------o-----------------------------SSS-------E--------------pp--------------pp--E--------E--XXXpp---S---pp-----pp-------pp-----pp-------pp-----pp----E--pp-----XXXXXXXXXXXXXXXX
(W)mario-6-2_16,-------------------------------------------------------------------------------------o-----------------------------SSS-------E--------------pp--------------pp--E--------E--XXX-p---S---pp------p-------pp------p-------pp-----pp----E--pp-----pXXXXXXXXXXXXXXXX
(W)mario-6-2_17,------------------------------------------------------------------------------------o-----------------------------SSS-------E--------------pp--------------pp-----------E--XXX-----S---pp--------------pp------E-------pp-----pp----E--pp-----ppXXXXXXXXXXXXXXXX
(W)mario-6-2_18,-----------------------------------------------------------------------------------o-----------------------------SSS-------E--------------pp--------------pp-----------E--XXX-----S---pp--------------pp------E-------pp-----ppp---E--pp-----pppXXXXXXXXXXXXXXXX
(W)mario-6-2_19,----------------------------------------------------------------------------------o-----------------------------SSS-------E--------------pp--------------pp-----------E--XXX-----S---pp--------------pp------E-E-----pp-----pppp--E--pp-----ppppXXXXXXXXXXXXXXXX
(W)mario-6-2_20,---------------------------------------------------------------------------------o------------------------------SS-------E--------------pp--------------pp-----------E--XXX-----S---pp--------------pp------E-E-----pp-----pppp--E--pp-----pppp-XXXXXXXXXXXXXXXX
(W)mario-6-2_21,--------------------------------------------------------------------------------o-------------------------------S-------E--------------pp--------------pp-----------E--XXX---------pp--------------pp------E-E-----pp-----pppp--E--pp-----pppp--XXXXXXXXXXXXXXXX
(W)mario-6-2_22,-----------------------------------------------------------------------------------------------------------------------E--------------pp--------------pp-----------E--XXX---------pp--------------pp------E-E-----pp-----pppp-----pp-----pppp---XXXXXXXXXXXXXXXX
(W)mario-6-2_23,----------------------------------------------------------------------------------------------------------------------E--------------pp--------------pp-----------E--XXX---------pp--------------pp------E-E-----pp-----pppp-----pp-----pppp----XXXXXXXXXXXXXXXX
(W)mario-6-2_24,---------------------------------------------------------------------------------------------------------------------E--------------pp--------------pp-----------E--XXX---------pp--------------pp------E-E-----pp-----pppp-----pp-----pppp-----XXXXXXXXXXXXXXXX
(W)mario-6-2_25,--------------------------------------------------------------------------------------------------------------------E--------------pp--------------pp-----------E--XXX----------p---------------p------E-E------p-----pppp------p-----pppp------XXXXXXXXXXXXXXXX
(W)mario-6-2_26,-------------------------------------------------------------------------------------------------------------------E--------------pp--------------pp--------------XXX---------------------------------E-E------------pppp------------pppp-------XXXXXXXXXXXXXXXX
(W)mario-6-2_27,------------------------------------------------------------------------------------------------------------------E--------------pp--------------pp--------------XXX---------------------------p-----E-E-------p----pppp-------p----pppp-------pXXXXXXXXXXXXXXXX
(W)mario-6-2_28,-----------------------------------------------------------------------------------------------------------------E--------------pp--------------pp--------------XXX------------E--------------pp----E-E-------pp---pppp-------pp---pppp-------ppXXXXXXXXXXXXXXXX
(W)mario-6-2_29,----------------------------------------------------------------------------------------------------------------E---------------p---------------p---------------XX------------E--------------pp----E-E-------pp---pppp-------pp---pppp-------pp-XXXXXXXXXXXXXXXX
(W)mario-6-2_30,----------------------------------------------------------------------------------------------------------------------------------------------------------------X------------E--------------pp----E-E-------pp---pppp-------pp---pppp-------pp--XXXXXXXXXXXXXXXX
(W)mario-6-2_31,----------------------------------------------------------------------------------------------------------------------------------------------------------------------------E--------------pp----E-E-------pp---pppp-------pp---pppp-------pp---XXXXXXXXXXXXXXXX
(W)mario-6-2_32,---------------------------------------------------------------------------------------------------------------------------------------------------------------------------E--------------pp---SE-E-------pp----ppp-------pp----ppp-------pp----XXXXXXXXXXXXXXXX
(W)mario-6-2_33,--------------------------------------------------------------------------------------------------------------------------------------------------------------------------E--------------pp---SS-E-------pp-----pp-------pp-----pp-------pp-----XXXXXXXXXXXXXXXX
(W)mario-6-2_34,-------------------------------------------------------------------------------------------------------------------------------------------------------------------------E--------------pp---SS-E-------pp------p-------pp------p-------pp------XXXXXXXXXXXXXXXX
(W)mario-6-2_35,------------------------------------------------------------------------------------------------------------------------------------------------------------------------E--------------pp---SS---------pp--------------pp--------------pp-------XXXXXXXXXXXXXXXX
(W)mario-6-2_36,-----------------------------------------------------------------------------------------------------------------------------------------------------------------------E--------------pp---SS---------pp--------------pp--------------pp--------XXXXXXXXXXXXXXXX
(W)mario-6-2_37,----------------------------------------------------------------------------------------------------------------------------------------------------------------------E--------p-----pp---SS---p-----pp--------p-----pp--------p-----pp--------pXXXXXXXXXXXXXXXX
(W)mario-6-2_38,---------------------------------------------------------------------------------------------------------------------------------------------------------------E-----E--------pp----pp---SS---pp----pp--------pp----pp--------pp----pp--------ppXXXXXXXXXXXXXXXX
(W)mario-6-2_39,--------------------------------------------------------------------------------------------------------------------------------------------------------------E-----E--------pp----pp---SS---pp----pp--------pp----pp--------pp----pp--------pp-XXXXXXXXXXXXXXXX
(W)mario-6-2_40,-------------------------------------------------------------------------------------------------------------------------------------------------------------E-----E--------pp----pp---SS---pp----pp--------pp----pp--------pp----pp--------pp--XXXXXXXXXXXXXXXX
(W)mario-6-2_41,------------------------------------------------------------------------------------------------------------------------------------------------------------E-----E--------pp----pp---SS---pp----pp--------pp----pp--------pp----pp--------pp---XXXXXXXXXXXXXXXX
(W)mario-6-2_42,-----------------------------------------------------------------------------------------------------------------------------------------------------------E-----E--------pp----pp---SS---pp----pp--------pp----pp--------pp----pp--------pp----XXXXXXXXXXXXXXXX
(W)mario-6-2_43,----------------------------------------------------------------------------------------------------------------------------------------------------------E----pE--------pp----pp---SS---pp----Xp--------pp-----p--------pp-----p--------pp-----XXXXXXXXXXXXXXXX
(W)mario-6-2_44,-----------------------------------------------------------------------------------------------------------------------------------------------E---------E----pp--------pp----pp---SS---pp----XX--------pp--------------pp--------------pp------XXXXXXXXXXXXXXXX
(W)mario-6-2_45,----------------------------------------------------------------------------------------------------------------------------------------------E---------E----pp--------pp----pp---SS---pp----XXX-------pp--------------pp--------------pp-------XXXXXXXXXXXXXXXX
(W)mario-6-2_46,---------------------------------------------------------------------------------------------------------------------------------------------E---------E----pp--------pp----pp---SS---pp----XXX-------pp--------------pp--------------pp--------XXXXXXXXXXXXXXXX
(W)mario-6-2_47,--------------------------------------------------------------------------------------------------------------------------------------------E---------E----pp--------pp----pp---SS---pp----XXX-------pp--------------pp--------------pp---------XXXXXXXXXXXXXXXX
(W)mario-6-2_48,-------------------------------------------------------------------------------------------------------------------------------S-----------E---------E----pp--------pp----pp----S---pp----XXX-------pp--------------pp---------p----pp---------pXXXXXXXXXXXXXXXX
(W)mario-6-2_49,------------------------------------------------------------------------------------------------------------------------------SS----------E---------E----pp--------pp----pp--------pp----XXX-------pp----------E---pp---------pp---pp---------ppXXXXXXXXXXXXXXXX
(W)mario-6-2_50,-----------------------------------------------------------------------------------------------------------------------------SSS---------E---------E----pp--------pp----pp--------pp----XXX-------pp----------E---pp---------pp---pp---------pp-XXXXXXXXXXXXXXXX
(W)mario-6-2_51,----------------------------------------------------------------------------------------------------------------------------SSSS--------E---------E----pp--------pp----pp--------pp----XXX-------pp----------E---pp---------pp---pp---------pp--XXXXXXXXXXXXXXXX
(W)mario-6-2_52,---------------------------------------------------------------------------------------------------------------------------SSSSS-------E---------E----pp--------pp----pp--------pp----XXX-------pp----------E---pp---------pp---pp---------pp---XXXXXXXXXXXXXXXX
(W)mario-6-2_53,--------------------------------------------------------------------------------------------------------------------------SSSSS-------E---------E----pp---------p----pp---------p----XXX--------p----------E----p---------pp----p---------pp----XXXXXXXXXXXXXXXX
(W)mario-6-2_54,-------------------------------------------------------------------------------------------------------------------------SSSSS-------E--------------pp--------------pp--------------XXX-------------------E--------------pp--------------pp-----XXXXXXXXXXXXXXXX
(W)mario-6-2_55,------------------------------------------------------------------------------------------------------------------------SSSSS-------E--------------pp--------------pp--------------XXX-------------------E--------------pp-----p--------pp-----pXXXXXXXXXXXXXXXX
(W)mario-6-2_56,-----------------------------------------------------------------------------------------------------------------------SSSSS-------E--------------pp--------------pp--------------XXX-------------------E------E-------pp-----pp-------pp-----ppXXXXXXXXXXXXXXXX
(W)mario-6-2_57,----------------------------------------------------------------------------------------------------------------------SSSSS-------E--------------pp--------------pp--------------XXX-------------------E------E-------pp-----pp-------pp-----pp-XXXXXXXXXXXXXXXX
(W)mario-6-2_58,---------------------------------------------------------------------------------------------------------------------SSSSS-----S-E--------------pp--------------pp--------------XXX-------------------E------E-------pp-----pp-------pp-----pp--XXXXXXXXXXXXXXXX
(W)mario-6-2_59,--------------------------------------------------------------------------------------------------------------------SSSSS-----SSE---------------p---------------p---------------XX-------------------E------E-------pp-----pp-------pp-----pp---XXXXXXXXXXXXXXXX
(W)mario-6-2_60,-------------------------------------------------------------------------------------------------------------------SSSSS-----SSS------------------------------------------------X-------------------E------E-------pp-----pp-------pp-----pp----XXXXXXXXXXXXXXXX
(W)mario-6-2_61,------------------------------------------------------------------------------------------------------------------SSSSS-----SSSS-------------------------------------------------------------------E------E----p--pp-----pp----p--pp-----pp----pXXXXXXXXXXXXXXXX
(W)mario-6-2_62,-----------------------------------------------------------------------------------------------------------------SSSSS-----SSSSS---------------------------------------------------------------E--E------E----pp-pp-----pp----pp-pp-----pp----ppXXXXXXXXXXXXXXXX
(W)mario-6-2_63,----------------------------------------------------------------------------------------------------------------SSSSS-----SSSSS---------------------------------------------------------------ES-E------E----pp-pp-----pp----pp-pp-----pp----pp-XXXXXXXXXXXXXXXX
(W)mario-6-2_64,----------------------------------------------------------------------------------------------------------------SSSS-----SSSSS---------------------------------------------------------------ES-E------E----pp--p-----pp----pp--p-----pp----pp--XXXXXXXXXXXXXXXX
(W)mario-6-2_65,----------------------------------------------------------------------------------------------------------------SSS-----SSSSS---------------------------------------------------------------ES--------E----pp--------pp----pp--p-----pp----pp--pXXXXXXXXXXXXXXXX
(W)mario-6-2_66,----------------------------------------------------------------------------------------------------------------SS-----SSSSS---------------------------------------------------------------ES--------E----pp---E----pp----pp--pp----pp----pp--ppXXXXXXXXXXXXXXXX
(W)mario-6-2_67,----------------------------------------------------------------------------------------------------------------S-----SSSSS---------------------------------------------------------------ES--------E----pp---E----pp----pp--pp----pp----pp--pp-XXXXXXXXXXXXXXXX
(W)mario-6-2_68,---------------------------------------------------------------------------------------------------------------------SSSSS-------------------------------------p---------------p---------ES----p---E----pp---E-p--pp----pp--pp-p--pp----pp--pp-pXXXXXXXXXXXXXXXX
(W)mario-6-2_69,--------------------------------------------------------------------------------------------------------------------SSSSS----------------------E--------------pp--------------pp--------ES----pp--E----pp---E-pp-pp----pp--pp-pp-pp----pp--pp-ppXXXXXXXXXXXXXXXX
(W)mario-6-2_70,-------------------------------------------------------------------------------------------------------------------SSSSS----------------------E--------------pp--------------pp--------ES----pp--E----pp---E-pp-pp----pp--pp-pp-pp----pp--pp-pp-XXXXXXXXXXXXXXXX
(W)mario-6-2_71,------------------------------------------------------------------------------------------------------------------SSSSS----------------------E--------------pp--------------pp--------ES----pp--E----pp---E-pp--p----pp--pp-pp--p----pp--pp-pp--XXXXXXXXXXXXXXXX
(W)mario-6-2_72,-----------------------------------------------------------------------------------------------------------------SSSSS----------------------E--------------pp--------------pp--------ES----pp-------pp---E-pp-------pp--pp-pp-------pp--pp-pp---XXXXXXXXXXXXXXXX
(W)mario-6-2_73,----------------------------------------------------------------------------------------------------------------SSSSS----------------------E--------------pp--------------pp--------ES----pp-------pp---E-pp-------pp--pp-pp-------pp--pp-pp----XXXXXXXXXXXXXXXX
(W)mario-6-2_74,----------------------------------------------------------------------------------------------------------------SSSS----------------------E--------------pp--------------pp--------ES----pp-------pp---E-pp-------pp--pp-pp-------pp--pp-pp-----XXXXXXXXXXXXXXXX
(W)mario-6-2_75,----------------------------------------------------------------------------------------------------------------SSS----------------------E--------------pp--------------pp--------ES----pp-------pp---E-pp-----p-pp--pp-pp-----p-pp--pp-pp-----pXXXXXXXXXXXXXXXX
(W)mario-6-2_76,----------------------------------------------------------------------------------------------------------------SS----------------------E--------------pp--------------pp--------ES----pp------Epp---E-pp-----pppp--pp-pp-----pppp--pp-pp-----ppXXXXXXXXXXXXXXXX
(W)mario-6-2_77,----------------------------------------------------------------------------------------------------------------S----------------------E--------------pp--------------pp--------ES----pp------E-p---E-pp-----pp-p--pp-pp-----pp-p--pp-pp-----pp-XXXXXXXXXXXXXXXX
(W)mario-6-2_78,--------------------------------------------------------------------------------------------------------------------------------------E--------------pp--------------pp---------S----pp------E-----E-pp-----pp----pp-pp-----pp----pp-pp-----pp--XXXXXXXXXXXXXXXX
(W)mario-6-2_79,-------------------------------------------------------------------------------------------------------------------------------------E--------------pp--------------pp--------------pp------E-----E-pp-----pp----pp-pp-----pp----pp-pp-----pp---XXXXXXXXXXXXXXXX
(W)mario-6-2_80,------------------------------------------------------------------------------------------------------------------------------------E--------------pp--------------pp--------------pp------E-----E-pp-----pp----pp-pp-----pp----pp-pp-----pp----XXXXXXXXXXXXXXXX
(W)mario-6-2_81,-----------------------------------------------------------------------------------------------------------------------------------E--------------pp--------------pp--------------pp------E-----E-pp-----pp-----p-pp-----pp-----p-pp-----pp-----XXXXXXXXXXXXXXXX
(W)mario-6-2_82,----------------------------------------------------------------------------------------------------------------------------------E--------------pp--------------pp--------------pp------E-------pp-----pp-------pp-----pp-------pp-----pp------XXXXXXXXXXXXXXXX
(W)mario-6-2_83,---------------------------------------------------------------------------------------------------------------------------------E--------------pp--------------pp--------------pp------E------ppp-----pp------ppp-----pp------ppp-----pp------pXXXXXXXXXXXXXXXX
(W)mario-6-2_84,--------------------------------------------------------------------------------------------------------------------------------E---------------p---------------p--------------Ep------E------ppp-----pp------ppp-----pp------ppp-----pp------ppXXXXXXXXXXXXXXXX
(W)mario-6-2_85,------------------------------------------------------------------------------------------------------------------------------------------------------------------------------E-------E------pp------pp------pp------pp------pp------pp------pp-XXXXXXXXXXXXXXXX
(W)mario-6-2_86,-----------------------------------------------------------------------------------------------------------------------------------------------------------------------------E-------E------pp------pp------pp------pp------pp-p----pp------pp-pXXXXXXXXXXXXXXXX
(W)mario-6-2_87,----------------------------------------------------------------------------------------------------------------------------------------------------------------------------E-------E------pp------pp------pp--E---pp------pp-pp---pp------pp-ppXXXXXXXXXXXXXXXX
(W)mario-6-2_88,---------------------------------------------------------------------------------------------------------------------------------------------------------------------------E-------E------pp------pp------pp--E---pp------pp-pp---pp------pp-pp-XXXXXXXXXXXXXXXX
(W)mario-6-2_89,--------------------------------------------------------------------------------------------------------------------------------------------------------------------------E-------E------pp------pp------pp--E---pp------pp-pp---pp------pp-pp--XXXXXXXXXXXXXXXX
(W)mario-6-2_90,-------------------------------------------------------------------------------------------------------------------------------------------------------------------------E-------E------pp------pp------pp--E---pp------pp-pp---pp------pp-pp---XXXXXXXXXXXXXXXX
(W)mario-6-2_91,------------------------------------------------------------------------------------------------------------------------------------------------------------------------E-------E------pp------Sp------pp--E----p------pp-pp----p------pp-pp----XXXXXXXXXXXXXXXX
(W)mario-6-2_92,-----------------------------------------------------------------------------------------------------------------------------------------------p---------------p-------E-------p------pp------SX------pp--E-----------pp-pp-----------pp-pp-----XXXXXXXXXXXXXXXX
(W)mario-6-2_93,-------------------------------------------------------------------------------------------------------------------------------E--------------pp--------------pp------E-------pp-----pp------SXX-----pp--E-----------pp-pp-----------pp-pp------XXXXXXXXXXXXXXXX
(W)mario-6-2_94,------------------------------------------------------------------------------------------------------------------------------E--------------pp--------------pp------E-------pp-----pp------SXXS----pp--E-----------pp-pp-----------pp-pp-------XXXXXXXXXXXXXXXX
(W)mario-6-2_95,-----------------------------------------------------------------------------------------------------------------------------E--------------pp--------------pp------E-------pp-----pp------SXXS----pp--E-----------pp-pp-----------pp-pp--------XXXXXXXXXXXXXXXX
(W)mario-6-2_96,----------------------------------------------------------------------------------------------------------------------------E--S-----------pp--------------pp------E-------pp-----pp------SXXS----pp--E-----------pp-pp--------p--pp-pp--------pXXXXXXXXXXXXXXXX
(W)mario-6-2_97,---------------------------------------------------------------------------------------------------------------------------E--S-----------pp--------------pp------E-------pp-----pp------SXXS----pp--E---------E-pp-pp--------pp-pp-pp--------ppXXXXXXXXXXXXXXXX
(W)mario-6-2_98,--------------------------------------------------------------------------------------------------------------------------E--S-----------pp--------------pp------E-------pp-----pp------SXXS----pp--E---------E-pp-pp--------pp-pp-pp--------pp-XXXXXXXXXXXXXXXX
(W)mario-6-2_99,-------------------------------------------------------------------------------------------------------------------------E--S-----------pp--------------pp------E-------pp------p------SXXS-----p--E---------E--p-pp--------pp--p-pp--------pp--XXXXXXXXXXXXXXXX
(W)mario-6-2_100,------------------------------------------------------------------------------------------------------------------------E--S---S-------pp--------------pp--------------pp-------------SXXS--------E---------E----pp--------pp----pp--------pp---XXXXXXXXXXXXXXXX
(W)mario-6-2_101,-----------------------------------------------------------------------------------------------------------------------E--S---SS------pp--------------pp--------------pp-------------SXXS--------E---------E----pp--------pp----pp--------pp----XXXXXXXXXXXXXXXX
(W)mario-6-2_102,----------------------------------------------------------------------------------------------------------------------E--S---SSS-----pp--------------pp--------------pp-------------SXXS--------E---------E-----p--------pp-----p--------pp-----XXXXXXXXXXXXXXXX
(W)mario-6-2_103,---------------------------------------------------------------------------------------------------------------------E--S---SSSS----pp--------------pp--------------pp-------------SXXS------------------E--------------pp--------------pp------XXXXXXXXXXXXXXXX
(W)mario-6-2_104,--------------------------------------------------------------------------------------------------------------------E--S---SSSSS---pp--------------pp--------------pp-------------SXXS------------------E--------------pp--------------pp-------XXXXXXXXXXXXXXX-
(W)mario-6-2_105,-------------------------------------------------------------------------------------------------------------------E--S---SSSSSS--pp--------------pp--------------pp-------------SXXS------------------E--------------pp--------------pp--------XXXXXXXXXXXXXX--
(W)mario-6-2_106,------------------------------------------------------------------------------------------------------------------E--S---SSSSSSS-pp--------------pp--------------pp-------------SXXS------------------E--------------pp--------------pp---------XXXXXXXXXXXXX---
(W)mario-6-2_107,-----------------------------------------------------------------------------------------------------------------E--S---SSSSSSSSpp--------------pp--------------pp--------------XXS------------------E--------------pp--------------pp----------XXXXXXXXXXXX----
(W)mario-6-2_108,----------------------------------------------------------------------------------------------------------------E--S---SSSSSSSSSp---------------p---------------p---------------XS------------------E--------------pp--------------pp-----------XXXXXXXXXXX-----
(W)mario-6-2_109,------------------------------------------------------------------------------------------------------------------S---SSSSSSSSS-------------------------------------------------S------------------E--------------pp--------------pp------------XXXXXXXXXX------
(W)mario-6-2_110,-----------------------------------------------------------------------------------------------------------------S---SSSSSSSSS--------------------------------------------------------------------E--------------pp--------------pp-------------XXXXXXXXX------X
(W)mario-6-2_111,----------------------------------------------------------------------------------------------------------------S---SSSSSSSSS--------------------------------------------------------------------E--------------pp--------------pp--------------XXXXXXXX------XX
(W)mario-6-2_112,-------------------------------------------------------------------------------------------------------------------SSSSSSSSS--------------------------------------------------------------------E---------------p--------------pp--------------pXXXXXXX------XXX
(W)mario-6-2_113,------------------------------------------------------------------------------------------------------------------SSSSSSSSS------------------------------------------------------------------------------------E--------------pp--------------ppXXXXXX------XXXX
(W)mario-6-2_114,-----------------------------------------------------------------------------------------------------------------SSSSSSSSS------------------------------------------------------------------------------------E--------------pp--------------pp-XXXXX------XXXXX
(W)mario-6-2_115,----------------------------------------------------------------------------------------------------------------SSSSSSSSS------------------------------------------------------------------------------------E--------------pp--------------pp--XXXX------XXXXXX
(W)mario-6-2_116,----------------------------------------------------------------------------------------------------------------SSSSSSSS------------------------------------------------------------------------------------E--------------pp--p-----------pp--pXXX------XXXXXXX
(W)mario-6-2_117,----------------------------------------------------------------------------------------------------------------SSSSSSS------------------------------------------------------------------------------------E---E----------pp--pp----------pp--ppXX------XXXXXXXX
(W)mario-6-2_118,----------------------------------------------------------------------------------------------------------------SSSSSS------------------------------------------------------------------------------------E---E----------pp--pp----------pp--pp-X------XXXXXXXXX
(W)mario-6-2_119,----------------------------------------------------------------------------------------------------------------SSSSS----------------------------------------------------------S-------------------------E---E----------pp--pp----------pp--pp--------XXXXXXXXXX
(W)mario-6-2_120,----------------------------------------------------------------------------------------------------------------SSSS----------------------------------------------------------SS------------------------E---E----------pp--pp----------pp--pp--------XXXXXXXXXXX
(W)mario-6-2_121,----------------------------------------------------------------------------------------------------------------SSS------------S---------------------------------------------SS------------------------E---E----------pp--pp----------pp--pp--------XXXXXXXXXXXX
(W)mario-6-2_122,----------------------------------------------------------------------------------------------------------------SS------------SS--------------------------------------------SS------------------------E---E----------pp--pp----------pp--pp--------XXXXXXXXXXXX-
(W)mario-6-2_123,----------------------------------------------------------------------------------------------------------------S------------SS--------------------------------------------SS------------------------E---E----------pp--pp----------pp--pp--------XXXXXXXXXXXX-X
(W)mario-6-2_124,----------------------------------------------------------------------------------------------------------------------------SS--------------------------------------------SS------------------------E---E----------pp--pp----------pp--pp--------XXXXXXXXXXXX-X-
(W)mario-6-2_125,---------------------------------------------------------------------------------------------------------------------------SS--------------------------------------------SS--------------------S---E---E----------pp--pp----------pp--pp--------XXXXXXXXXXXX-X-X
(W)mario-6-2_126,--------------------------------------------------------------------------------------------------------------------------SS---S----------------------------------------SS--------------------SS--E---E----------pp--pp----------pp--pp---------XXXXXXXXXXX-X-XX
(W)mario-6-2_127,-------------------------------------------------------------------------------------------------------------------------SS---SS---------------------------------------SS--------------------SSS-E---E----------pp--pp----------pp--pp----------XXXXXXXXXX-X-XXX
(W)mario-6-2_128,------------------------------------------------------------------------------------------------------------------------SS---SS---------------------------------------SS--------------------SSS-E---E-----------p--pp-----------p--pp-----------XXXXXXXXX-X-XXXX
(W)mario-6-2_129,-----------------------------------------------------------------------------------------------------------------------SS---SS---------------------------------------SS--------------------SSS-----E--------------pp--------------pp------------XXXXXXXX-X-XXXXX
(W)mario-6-2_130,----------------------------------------------------------------------------------------------------------------------SS---SS---------------------------------------SS--------------------SSS-----E--------------pp--------------pp------------XXXXXXXX-X-XXXXXX
(W)mario-6-2_131,---------------------------------------------------------------------------------------------------------------------SS---SS---------------------------------------SS--------------------SSS-----E--------------pp-------------Xpp------------XXXXXXXX-X-XXXXXXX
(W)mario-6-2_132,--------------------------------------------------------------------------------------------------------------------SS---SS---------------------------------------SS--------------------SSS-----E--------------Xp-------------XXp------------XXXXXXXX-X-XXXXXXXX
(W)mario-6-2_133,-------------------------------------------------------------------------------------------------------------------SS---SS---------------------------------------SS--------------------SSS--------------------XX-------------XXX------------XXXXXXXX-X-XXXXXXXX-
(W)mario-6-2_134,------------------------------------------------------------------------------------------------------------------SS---SS---------------------------------------SS--------------------SSS--------------------XXp------------XXXp-----------XXXXpXXX-X-XXXXXXXX-X
(W)mario-6-2_135,-----------------------------------------------------------------------------------------------------------------SS---SS----------------------------------------S--------------------SSS-------E------------XXpp-----------XXXpp----------XXXXppXX-X-XXXXXXXX-XX
(W)mario-6-2_136,----------------------------------------------------------------------------------------------------------------SS---SS-------------------------------------------------------------SSS-------E------------XXpp-----------XXXpp----------XXXXpp-X-X-XXXXXXXX-XXX
(W)mario-6-2_137,----------------------------------------------------------------------------------------------------------------S---SS-------------------------------------------------------------SSS-------E-X----------XXpp-X---------XXXpp-X--------XXXXpp-X-X-XXXXXXXX-XXXX
(W)mario-6-2_138,-------------------------------------------------------------------------------------------------------------------SS-------------------------------------------------------------SSS-------E-XX---------XXpp-XX--------XXXpp-XX-------XXXXpp-XXX-XXXXXXXX-XXXXX
(W)mario-6-2_139,------------------------------------------------------------------------------------------------------------------SS-------------------------------------------------------------SSS-------E-XX---------XXpp-XX--------XXXpp-XXX------XXXXpp-XXX-XXXXXXXX-XXXXXX
(W)mario-6-2_140,-----------------------------------------------------------------------------------------------------------------SS-------------------------------------------------------------SSS-------E-XX---------XXpp-XX--------XXXpp-XXX------XXXXpp-XXX-XXXXXXXX-XXXXXXX
(W)mario-6-2_141,----------------------------------------------------------------------------------------------------------------SS-------------S------------------------------------------------SS-------E-XX--S------XXpp-XX--------XXXpp-XXX------XXXXpp-XXX--XXXXXXX-XXXXXXXX
(W)mario-6-2_142,----------------------------------------------------------------------------------------------------------------S-------------SS------------------------------------------------S-------E-XX--SS-----XXpp-XX--------XXXpp-XXX------XXXXpp-XXX---XXXXXX-XXXXXXXXX
(W)mario-6-2_143,-----------------------------------------------------------------------------------------------------------------------------SSS-------------------------------------------------------E-XX--SSS----XXpp-XX--------XXXpp-XXX------XXXXpp-XXX----XXXXX-XXXXXXXXXX
(W)mario-6-2_144,----------------------------------------------------------------------------------------------------------------------------SSS-------------------------------------------------------E-XX--SSS----XXpp-XX--------XXXpp-XXX------XXXXpp-XXX-----XXXX-XXXXXXXXXXX
(W)mario-6-2_145,---------------------------------------------------------------------------------------------------------------------------SSS-------------------------------------------------------E-XX--SSS----XXpp-XX--------XXXpp-XXX------XXXXpp-XXX------XXX-XXXXXXXXXXXX
(W)mario-6-2_146,--------------------------------------------------------------------------------------------------------------------------SSS-------------------------------------------------------E-XX--SSS----XXpp-XX--------XXXpp-XXX-------XXXpp-XXX-------XX-XXXXXXXXXXXXX
(W)mario-6-2_147,-------------------------------------------------------------------------------------------------------------------------SSS-------------------------------------------------------E-XX--SSS----XXpp-XX---------XXpp-XXX--------XXpp-XXX--------X-XXXXXXXXXXXXXX
(W)mario-6-2_148,------------------------------------------------------------------------------------------------------------------------SSS--------------------p---------------p---------------p--E-XX--SSS----XXpp-XX----------Xpp-XXX---------Xpp-XXX--------E-XXXXXXXXXXXXXXX
(W)mario-6-2_149,-----------------------------------------------------------------------------------------------------------------------SSS-----E--------------pp--------------pp--------------pp-E-XX--SSS----XXpp-XX-----------pp-XXX----------pp-XXX--------E-XXXXXXXXXXXXXXXX
(W)mario-6-2_150,----------------------------------------------------------------------------------------------------------------------SSS-----E--------------pp--------------pp--------------pp-E-XX--SSS----XXXp-XX------------p-XXX-----------p-XXX--------E--XXXXXXXXXXXXXXXX
(W)mario-6-2_151,---------------------------------------------------------------------------------------------------------------------SSS-----E--------------pp--------------pp--------------pp---XX--SSS----XXX--XX--------------XXX-------------XXX--------E---XXXXXXXXXXXXXXXX
(W)mario-6-2_152,--------------------------------------------------------------------------------------------------------------------SSS-----E--------------pp--------------pp--------------pp---XX--SSS----XXX--XX--------------XXX-------------XXX--------E----XXXXXXXXXXXXXXXX
(W)mario-6-2_153,-------------------------------------------------------------------------------------------------------------------SSS-----E--------------pp--------------pp--------------pp----X--SSS----XXX---X---------------XX--------------XX--------E-----XXXXXXXXXXXXXXXX
(W)mario-6-2_154,------------------------------------------------------------------------------------------------------------------SSS-----E--------------pp--------------pp--------------pp-------SSS----XXX--------------------X---------------X--------E------XXXXXXXXXXXXXXXX
(W)mario-6-2_155,-----------------------------------------------------------------------------------------------------------------SSS-----E--------------pp--------------pp--------------pp-------SSS----XXX----p---------------p---------------p--------E------pXXXXXXXXXXXXXXXX
(W)mario-6-2_156,----------------------------------------------------------------------------------------------------------------SSS-----E--------------pp--------------pp--------------pp------ESSS----XXX----pp--------------pp--------------pp-------E------ppXXXXXXXXXXXXXXXX
(W)mario-6-2_157,----------------------------------------------------------------------------------------------------------------SS-----E--------------pp--------------pp--------------pp------E-SS----XXX----pp--------------pp--------------pp-------E------pp-XXXXXXXXXXXXXXXX
(W)mario-6-2_158,----------------------------------------------------------------------------------------------------------------S-----E--------------pp--------------pp--------------pp------E--S----XXX----pp--------------pp--------------pp-------E------pp--XXXXXXXXXXXXXXXX
(W)mario-6-2_159,---------------------------------------------------------------------------------------------------------------------E--------------pp--------------pp--------------pp------E-------XXX----pp--------------pp--------------pp-------E------pp---XXXXXXXXXXXXXXXX
(W)mario-6-2_160,--------------------------------------------------------------------------------------------------------------------E--------------pp--------------pp--------------pp------E-------XXX----pp--------------pp--------------pp---p---E------pp---pXXXXXXXXXXXXXXXX
(W)mario-6-2_161,-------------------------------------------------------------------------------------------------------------------E--------------pp--------------pp--------------pp------E-------XXX----pp--------------pp----E---------pp---pp--E------pp---ppXXXXXXXXXXXXXXXX
(W)mario-6-2_162,------------------------------------------------------------------------------------------------------------------E--------------pp--------------pp--------------pp------E-------XXX----pp--------------pp----Ep--------pp---ppp-E------pp---pppXXXXXXXXXXXXXXXX
(W)mario-6-2_163,-----------------------------------------------------------------------------------------------------------------E--------------pp--------------pp--------------pp------E-------XXX----pp------E-------pp----Epp-------pp---ppppE------pp---ppppXXXXXXXXXXXXXXXX
(W)mario-6-2_164,----------------------------------------------------------------------------------------------------------------E---------------p---------------p---------------p------E--------XX----pp------Ep------pp----Eppp------pp---ppppp------pp---pppppXXXXXXXXXXXXXXXX
(W)mario-6-2_165,----------------------------------------------------------------------------------------------------------------------------------------------------------------------E--------EX----pp------Epp-----pp----Epppp-----pp---pppppp-----pp---ppppppXXXXXXXXXXXXXXXX
(W)mario-6-2_166,---------------------------------------------------------------------------------------------------------------------------------------------------------------------E--------E-----pp------Epp-----pp----Epppp-----pp---pppppp-----pp---pppppp-XXXXXXXXXXXXXXXX
(W)mario-6-2_167,--------------------------------------------------------------------------------------------------------------------------------------------------------------------E--------E-----pp------Epp-----pp----Epppp-----pp---pppppp-----pp---pppppp--XXXXXXXXXXXXXXXX
(W)mario-6-2_168,-------------------------------------------------------------------------------------------------------------------------------------------------------------------E--------E-----pp------Epp-----pp----Epppp-----pp---pppppp-----pp---pppppp---XXXXXXXXXXXXXXXX
(W)mario-6-2_169,------------------------------------------------------------------------------------------------------------------------------------------------------------------E--------E-----pp------Epp-----pp----Epppp-----pp---pppppp-----pp---pppppp----XXXXXXXXXXXXXXXX
(W)mario-6-2_170,-----------------------------------------------------------------------------------------------------------------------------------------------------------------E--------E-----pp------Epp-----pp----Epppp----ppp---pppppp----ppp---pppppp----pXXXXXXXXXXXXXXXX
(W)mario-6-2_171,----------------------------------------------------------------------------------------------------------------------------------------------------------------E--------E------p------Epp-----Ep----Epppp----ppp---pppppp----ppp---pppppp----ppXXXXXXXXXXXXXXXX
(W)mario-6-2_172,------------------------------------------------------------------------------------------------------------------------------------------------------------------------E-------------Epp-----E-----Epppp----pp----pppppp----pp----pppppp----pp-XXXXXXXXXXXXXXXX
(W)mario-6-2_173,-----------------------------------------------------------------------------------------------------------------------------------------------------------------------E-------------Epp-----E-----Epppp----pp----pppppp----pp----pppppp----pp--XXXXXXXXXXXXXXXX
(W)mario-6-2_174,----------------------------------------------------------------------------------------------------------------------------------------------------------------------E-------------Epp-----E-----Epppp----pp----pppppp----pp----pppppp----pp---XXXXXXXXXXXXXXXX
(W)mario-6-2_175,---------------------------------------------------------------------------------------------------------------------------------------------------------------------E-------------Epp-----E-----Epppp----pp----pppppp----pp----pppppp----pp----XXXXXXXXXXXXXXXX
(W)mario-6-2_176,--------------------------------------------------------------------------------------------------------------------------------------------------------------------E-------------Epp-----E-----Epppp----pp-----ppppp----pp-----ppppp----pp-----XXXXXXXXXXXXXXXX
(W)mario-6-2_177,-------------------------------------------------------------------------------------------------------------------------------------------------------------------E-------------Epp-----E------pppp----pp------pppp----pp------pppp----pp------XXXXXXXXXXXXXXXX
(W)mario-6-2_178,------------------------------------------------------------------------------------------------------------------------------------------------------------------E-------------Epp-----E-------ppp----pp-------ppp----pp-------ppp----pp-------XXXXXXXXXXXXXXXX
(W)mario-6-2_179,-----------------------------------------------------------------------------------------------------------------------------------------------------------------E--------------pp-----E--------pp----pp--------pp----pp--------pp----pp--------XXXXXXXXXXXXXXXX
(W)mario-6-2_180,----------------------------------------------------------------------------------------------------------------------------------------------------------------E---------------p-----E---------p----pp---------p----pp---------p----pp--------XXXXXXXXXXXXXXXXX
(W)mario-6-2_181,-------------------------------------------------------------------------------------------------------------------------------------------------------------------------------------E--------------pp--------------pp---------X----pp--------XXXXXXXXXXXXXXXXXX
(W)mario-6-2_182,------------------------------------------------------------------------------------------------------------------------------------------------------------------------------------E----------p---pp----------p---pp---------Xp---pp--------XXpXXXXXXXXXXXXXXXX
(W)mario-6-2_183,-------------------------------------------------------------------------------------------------------------------------------E-----------------------------------------------E---E----------pp--pp----------pp--pp---------Xpp--pp--------XXppXXXXXXXXXXXXXXXX
(W)mario-6-2_184,------------------------------------------------------------------------------------------------------------------------------E-----------------------------------------------EX--E----------ppX-pp----------ppX-pp---------XppX-pp--------XXppXXXXXXXXXXXXXXXXX
(W)mario-6-2_185,-----------------------------------------------------------------------------------------------------------------------------E---------------------------------X-------------EXX-E----------ppXXpp----------ppXXpp---------XppXXpp--------XXppXXXXXXXXXXXXXXXXXX
(W)mario-6-2_186,----------------------------------------------------------------------------------------------------------------------------E------------------X--------------XX------------EXXXE----------ppXXXp----------ppXXXp---------XppXXXp--------XXppXXXXXXXXXXXXXXXXXXX
(W)mario-6-2_187,---------------------------------------------------------------------------------------------------------------------------E---X--------------XX-------------XXX-----------EXXXX----------ppXXXX----------ppXXXX---------XppXXXX--------XXppXXXXXXXXXXXXXXXXXXXX
(W)mario-6-2_188,--------------------------------------------------------------------------------------------------------------------------E---XX-------------XXX------------XXXX----------EXXXXX---------ppXXXXX---------ppXXXXX--------XppXXXXX-------XXppXXXXXXXXXXXXXXXXXXXXX
(W)mario-6-2_189,-------------------------------------------------------------------------------------------------------------------------E---XXX------------XXXX-----------XXXXX---------EXXXXXX--------ppXXXXXX--------ppXXXXXX-------XppXXXXXX------XXppXXXXXXXXXXXXXXXXXXXXXX
(W)mario-6-2_190,------------------------------------------------------------------------------------------------------------------------E---XXX------------XXXX-----------XXXXX---------EXXXXXX--------ppXXXXXX--------ppXXXXXX-------XppXXXXXX------XXppXXXXXX-XXXXXXXXXXXXXXXX
(W)mario-6-2_191,-----------------------------------------------------------------------------------------------------------------------E---XXX------------XXXX-----------XXXXX---------EXXXXXX--------ppXXXXXX--------ppXXXXXX-------XppXXXXXX------XXppXXXXXX--XXXXXXXXXXXXXXXX
(W)mario-6-2_192,----------------------------------------------------------------------------------------------------------------------E---XXX------------XXXX-----------XXXXX---------EXXXXXX--------ppXXXXXX--------ppXXXXXX-------XppXXXXXX------XXppXXXXXX---XXXXXXXXXXXXXXXX
(W)mario-6-2_193,---------------------------------------------------------------------------------------------------------------------E---XXX------------XXXX-----------XXXXX---------EXXXXXX--------ppXXXXXX--------ppXXXXXX-------XppXXXXXX------XXppXXXXXX----XXXXXXXXXXXXXXXX
(W)mario-6-2_194,--------------------------------------------------------------------------------------------------------------------E---XXX------------XXXX-----------XXXXX---------EXXXXXX--------ppXXXXXX--------ppXXXXXX-------XppXXXXXX------XXppXXXXXX-----XXXXXXXXXXXXXXXX
(W)mario-6-2_195,-------------------------------------------------------------------------------------------------------------------E---XXX------------XXXX-----------XXXXX---------EXXXXXX--------ppXXXXXX--------ppXXXXXX-------XppXXXXXX------XXppXXXXXX------XXXXXXXXXXXXXXXX
(W)mario-6-2_196,------------------------------------------------------------------------------------------------------------------E---XXX------------XXXX-----------XXXXX---------EXXXXXX--------ppXXXXXX--------ppXXXXXX-------XppXXXXXX-------XppXXXXXX-------XXXXXXXXXXXXXXXX
(W)mario-6-2_197,-----------------------------------------------------------------------------------------------------------------E---XXX------------XXXX-----------XXXXX---------EXXXXXX--------ppXXXXXX--------ppXXXXXX--------ppXXXXXX--------ppXXXXXX-------XXXXXXXXXXXXXXXXX
(W)mario-6-2_198,----------------------------------------------------------------------------------------------------------------E---XXX------------XXXX-----------XXXXX---------EXXXXXX---------pXXXXXX---------pXXXXXX---------pXXXXXX---------pXXXXXX-------XXXXXXXXXXXXXXXXXX
(W)mario-6-2_199,-------------------------------------------------------------------------------------------------------------------XXX------------XXXX-----------XXXXX----------XXXXXX----------XXXXXX----------XXXXXX----------XXXXXX----------XXXXXX-------XX-XXXXXXXXXXXXXXXX
(W)mario-6-2_200,------------------------------------------------------------------------------------------------------------------XXX------------XXXX-----------XXXXX-----------XXXXX-----------XXXXX-----------XXXXX-----------XXXXX-----------XXXXX-------XX--XXXXXXXXXXXXXXXX
(W)mario-7-1_1,------------------------------------------------------------------------------------------------------------------------------------------------------------------------------------------------------------------------------------------------XXXXXXXXXXXXXXXX
(W)mario-7-1_2,------------------------------------------------------------------------------------------------------------------------------------------------------------------------------------------------------------------------------------------------XXXXXXXXXXXXXXXX
(W)mario-7-1_3,---------------------------------------------------------------------------------------------------------------------------------------------------------------------------------------------------------------E--------------------------------XXXXXXXXXXXXXXXX
(W)mario-7-1_4,--------------------------------------------------------------------------------------------------------------------------------------------------------------------------------------------------------------E---------------------------------XXXXXXXXXXXXXXXX
(W)mario-7-1_5,-------------------------------------------------------------------------------------------------------------------------------------------------------------------------------------------------------------E----------------------------------XXXXXXXXXXXXXXXX
(W)mario-7-1_6,-------------------------------------------------------------------------------------------------------------------------------Q----------------------------------------------------------------------------E-----------------------------------XXXXXXXXXXXXXXXX
(W)mario-7-1_7,------------------------------------------------------------------------------------------------------------------------------QS---------------------------------------------------------------------------E------------------------------------XXXXXXXXXXXXXXXX
(W)mario-7-1_8,-----------------------------------------------------------------------------------------------------------------------------QSS--------------------------------------------------------------------------E-------------------------------------XXXXXXXXXXXXXXXX
(W)mario-7-1_9,----------------------------------------------------------------------------------------------------------------------------QSS--------------------------------------------------------------------------E--------------------------------------XXXXXXXXXXXXXXXX
(W)mario-7-1_10,---------------------------------------------------------------------------------------------------------------------------QSS--------------------------------------------------------------------------E---------------------------------------XXXXXXXXXXXXXXXX
(W)mario-7-1_11,--------------------------------------------------------------------------------------------------------------------------QSS--------------------------------------------------------------------------E----------------------------------------XXXXXXXXXXXXXXXX
(W)mario-7-1_12,-------------------------------------------------------------------------------------------------------------------------QSS--------------------------------------------------------------------------E-----------------------------------------XXXXXXXXXXXXXXXX
(W)mario-7-1_13,------------------------------------------------------------------------------------------------------------------------QSS--------------------------------------------------------------------------E------------------------------------------XXXXXXXXXXXXXXXX
(W)mario-7-1_14,-----------------------------------------------------------------------------------------------------------------------QSS--------------------------------------------------------------------------E-------------------------------------------XXXXXXXXXXXXXXXX
(W)mario-7-1_15,----------------------------------------------------------------------------------------------------------------------QSS--------------------------------------------------------------------------E--------------------------------------------XXXXXXXXXXXXXXXX
(W)mario-7-1_16,---------------------------------------------------------------------------------------------------------------------QSS--------------------------------------------------------------------------E---------------------------------------------XXXXXXXXXXXXXXXX
(W)mario-7-1_17,--------------------------------------------------------------------------------------------------------------------QSS--------------------------------------------------------------------------E----------------------------------------------XXXXXXXXXXXXXXXX
(W)mario-7-1_18,-------------------------------------------------------------------------------------------------------------------QSS-------------------------------------------------------------------------QE------------------------------E----------------XXXXXXXXXXXXXXXX
(W)mario-7-1_19,------------------------------------------------------------------------------------------------------------------QSS-------------------------------------------------------------------------QQ------------------------------E-----------------XXXXXXXXXXXXXXXX
(W)mario-7-1_20,-----------------------------------------------------------------------------------------------------------------QSS-------------------------------------------------------------------------QQQ-----------------------------E------------------XXXXXXXXXXXXXXXX
(W)mario-7-1_21,----------------------------------------------------------------------------------------------------------------QSS-------------------------------------------------------------------------QQQQ----------------------------E-------------------XXXXXXXXXXXXXXXX
(W)mario-7-1_22,----------------------------------------------------------------------------------------------------------------SS-------------------------------------------------------------------------QQQQ----------------------------E--------------------XXXXXXXXXXXXXXXX
(W)mario-7-1_23,----------------------------------------------------------------------------------------------------------------S-------------------------------------------------------------------------QQQQ----------------------------E---------------------XXXXXXXXXXXXXXXX
(W)mario-7-1_24,-----------------------------------------------------------------------------------------------------------------------------------------------------------------------------------------QQQQ----------------------------E----------------------XXXXXXXXXXXXXXXX
(W)mario-7-1_25,----------------------------------------------------------------------------------------------------------------------------------------------------------------------------------------QQQQ----------------------------E-----------------------XXXXXXXXXXXXXXXX
(W)mario-7-1_26,---------------------------------------------------------------------------------------------------------------------------------------------------------------------------------------QQQQ----------------------------E------------------------XXXXXXXXXXXXXXXX
(W)mario-7-1_27,--------------------------------------------------------------------------------------------------------------------------------------------------------------------------------------QQQQ----------------------------E-------------------------XXXXXXXXXXXXXXXX
(W)mario-7-1_28,-------------------------------------------------------------------------------------------------------------------------------------------------------------------------------------QQQQ----------------------------E--------------------------XXXXXXXXXXXXXXXX
(W)mario-7-1_29,------------------------------------------------------------------------------------------------------------------------------------------------------------------------------------QQQQ----------------------------E---------------------------XXXXXXXXXXXXXXXX
(W)mario-7-1_30,-----------------------------------------------------------------------------------------------------------------------------------------------------------------------------------QQQQ----------------------------E----------------------------XXXXXXXXXXXXXXXX
(W)mario-7-1_31,----------------------------------------------------------------------------------------------------------------------------------------------------------------------------------QQQQ-------------------------E--E-----------------------------XXXXXXXXXXXXXXXX
(W)mario-7-1_32,---------------------------------------------------------------------------------------------------------------------------------------------------------------------------------QQQQ-------------------------E--E------------------------------XXXXXXXXXXXXXXXX
(W)mario-7-1_33,--------------------------------------------------------------------------------------------------------------------------------------------------------------------------------QQQQ-------------------------E--E-------------------------------XXXXXXXXXXXXXXXX
(W)mario-7-1_34,--------------------------------------------------------------------------------------------------------------------------------------------------------------------------------QQQ-------------------------E-----------------------------------XXXXXXXXXXXXXXXX
(W)mario-7-1_35,--------------------------------------------------------------------------------------------------------------------------------------------------------------------------------QQ-------------------------E------------------------------------XXXXXXXXXXXXXXXX
(W)mario-7-1_36,--------------------------------------------------------------------------------------------------------------------------------------------------------------------------------Q-------------------------E-------------------------------------XXXXXXXXXXXXXXXX
(W)mario-7-1_37,---------------------------------------------------------------------------------------------------------------------------------------------------------------------------------------------------------E--------------------------------------XXXXXXXXXXXXXXXX
(W)mario-7-1_38,--------------------------------------------------------------------------------------------------------------------------------------------------------------------------------------------------------E---------------------------------------XXXXXXXXXXXXXXXX
(W)mario-7-1_39,-------------------------------------------------------------------------------------------------------------------------------------------------------------------------------------------------------E----------------------------------------XXXXXXXXXXXXXXXX
(W)mario-7-1_40,------------------------------------------------------------------------------------------------------------------------------------------------------------------------------------------------------E-----------------------------------------XXXXXXXXXXXXXXXX
(W)mario-7-1_41,-----------------------------------------------------------------------------------------------------------------------------------------------------------------------------------------------S-----E------------------------------------------XXXXXXXXXXXXXXXX
(W)mario-7-1_42,----------------------------------------------------------------------------------------------------------------------------------------------------------------------------------------------SS----E-------------------------------------------XXXXXXXXXXXXXXXX
(W)mario-7-1_43,---------------------------------------------------------------------------------------------------------------------------------------------------------------------------------------------SSX---E--------------------------------------------XXXXXXXXXXXXXXXX
(W)mario-7-1_44,--------------------------------------------------------------------------------------------------------------------------------------------------------------------------------------------SSXS--E---------------------------------------------XXXXXXXXXXXXXXXX
(W)mario-7-1_45,-------------------------------------------------------------------------------------------------------------------------------------------------------------------------------------------SSXSS-E----------------------------------------------XXXXXXXXXXXXXXXX
(W)mario-7-1_46,------------------------------------------------------------------------------------------------------------------------------------------------------------------------------------------SSXSS-E-----------------------------------------------XXXXXXXXXXXXXXXX
(W)mario-7-1_47,-----------------------------------------------------------------------------------------------------------------------------------------------------------------------------------------SSXSS--------------------------------------------------XXXXXXXXXXXXXXXX
(W)mario-7-1_48,----------------------------------------------------------------------------------------------------------------------------------------------------------------------------------------SSXSS---------------------------------------------------XXXXXXXXXXXXXXXX
(W)mario-7-1_49,---------------------------------------------------------------------------------------------------------------------------------------------------------------------------------------SSXSS----------------------------------------------------XXXXXXXXXXXXXXXX
(W)mario-7-1_50,--------------------------------------------------------------------------------------------------------------------------------------------------------------------------------------SSXSS-----------------------------------------------------XXXXXXXXXXXXXXXX
(W)mario-7-1_51,-------------------------------------------------------------------------------------------------------------------------------------------------------------------------------------SSXSS------------------------------------------------------XXXXXXXXXXXXXXXX
(W)mario-7-1_52,------------------------------------------------------------------------------------------------------------------------------------------------------------------------------------SSXSS-------------------------------------------------------XXXXXXXXXXXXXXX-
(W)mario-7-1_53,-----------------------------------------------------------------------------------------------------------------------------------------------------------------------------------SSXSS--------------------------------------------------------XXXXXXXXXXXXXX--
(W)mario-7-1_54,----------------------------------------------------------------------------------------------------------------------------------------------------------------------------------SSXSS---------------------------------------------------------XXXXXXXXXXXXX--X
(W)mario-7-1_55,---------------------------------------------------------------------------------------------------------------------------------------------------------------------------------SSXSS-------------------------p---------------p---------------pXXXXXXXXXXXX--XX
(W)mario-7-1_56,--------------------------------------------------------------------------------------------------------------------------------------------------------------------------------SSXSS----------E--------------pp--------------pp--------------ppXXXXXXXXXXX--XXX
(W)mario-7-1_57,--------------------------------------------------------------------------------------------------------------------------------------------------------------------------------SXSS----------E--------------pp--------------pp--------------pp-XXXXXXXXXX--XXXX
(W)mario-7-1_58,--------------------------------------------------------------------------------------------------------------------------------------------------------------------------------XSS----------E--------------pp--------------pp--------------pp--XXXXXXXXX--XXXXX
(W)mario-7-1_59,--------------------------------------------------------------------------------------------------------------------------------------------------------------------------------SS----------E--------------pp--------------pp--------------pp---XXXXXXXX--XXXXXX
(W)mario-7-1_60,--------------------------------------------------------------------------------------------------------------------------------------------------------------------------------S----------E--------------pp--------------pp--------------pp----XXXXXXX--XXXXXXX
(W)mario-7-1_61,------------------------------------------------------------------------------------------------------------------------------------------------------------------------------------------E----S---------pp--------------pp--------------pp-----XXXXXX--XXXXXXXX
(W)mario-7-1_62,-------------------------------------------------------------------------------------------------------------------------------S---------------------------------------------------------E----SS--------pp--------------pp--------------pp------XXXXX--XXXXXXXXX
(W)mario-7-1_63,------------------------------------------------------------------------------------------------------------------------------SS-----------------------------------------------E--------E----SSS-------pp--------------pp--------------pp-------XXXX--XXXXXXXXXX
(W)mario-7-1_64,-----------------------------------------------------------------------------------------------------------------------------SSS----------------------------------------------E--------E----SSSS------pp--------------pp--------------pp--------XXX--XXXXXXXXXXX
(W)mario-7-1_65,----------------------------------------------------------------------------------------------------------------------------SSSS---------------------------------------------E--------E----SSSSS-----pp--------------pp--------------pp---------XX--XXXXXXXXXXXX
(W)mario-7-1_66,---------------------------------------------------------------------------------------------------------------E-----------SSSSS--------------------------------------------E--------E----SSSSSS----pp--------------pp--------------pp----------X--XXXXXXXXXXXXX
(W)mario-7-1_67,--------------------------------------------------------------------------------------------------------------E-----------SSSSSS-------------------------------------------E--------E----SSSSSSS---pp--------------pp--------------pp-------------XXXXXXXXXXXXXX
(W)mario-7-1_68,-------------------------------------------------------------------------------------------------------------E-----------SSSSSS-------------------------------------------E--------E----SSSSSSS---pp--------------pp--------------pp-------------XXXXXXXXXXXXXXX
(W)mario-7-1_69,------------------------------------------------------------------------------------------------------------E-----------SSSSSS-------------------------------------------E--------E----SSSSSSS---pp--------------pp--------------pp-------------XXXXXXXXXXXXXXXX
(W)mario-7-1_70,-----------------------------------------------------------------------------------------------------------E-----------SSSSSS-------------------------------------------E--------E----SSSSSSS---pp--------------pp--------------pp--------------XXXXXXXXXXXXXXXX
(W)mario-7-1_71,----------------------------------------------------------------------------------------------------------E-----------SSSSSS-------------------------------------------E--------E----SSSSSSS----p---------------p---------------p---------------XXXXXXXXXXXXXXXX
(W)mario-7-1_72,---------------------------------------------------------------------------------------------------------E-----------SSSSSS----S--------------------------------------E-------------SSSSSSS--------------------p---------------p---------------pXXXXXXXXXXXXXXXX
(W)mario-7-1_73,--------------------------------------------------------------------------------------------------------E-----------SSSSSS----S--------------------------------------E-------------SSSSSSS-----E--------------pp--------------pp--------------ppXXXXXXXXXXXXXXXX
(W)mario-7-1_74,-------------------------------------------------------------------------------------------------------E-----------SSSSSS----S--------------------------------------E-------------SSSSSSS-----E--------------pp--------------pp--------------pp-XXXXXXXXXXXXXXXX
(W)mario-7-1_75,------------------------------------------------------------------------------------------------------E-----------SSSSSS----S--------------------------------------E-------------SSSSSSS-----E--------------pp--------------pp--------------pp--XXXXXXXXXXXXXXXX
(W)mario-7-1_76,-----------------------------------------------------------------------------------------------------E-----------SSSSSS----S--------------------------------------E-------------SSSSSSS-----E--------------pp--------------pp--------------pp---XXXXXXXXXXXXXXXX
(W)mario-7-1_77,----------------------------------------------------------------------------------------------------E-----------SSSSSS----S--------------------------------------E--------------SSSSSS-----E--------------pp--------------pp--------------pp----XXXXXXXXXXXXXXXX
(W)mario-7-1_78,---------------------------------------------------------------------------------------------------E------------SSSSS----S--------------------------------------E---------------SSSSS-----E--------------pp--------------pp--------------pp-----XXXXXXXXXXXXXXXX
(W)mario-7-1_79,--------------------------------------------------------------------------------------------------E-------------SSSS----S-------------------------------------------------------SSSS-----E--------------pp--------------pp--------------pp------XXXXXXXXXXXXXXXX
(W)mario-7-1_80,-------------------------------------------------------------------------------------------------E--------------SSS----S--------------------------------------------------------SSS-----E--------------pp--------------pp--------------pp-------XXXXXXXXXXXXXXXX
(W)mario-7-1_81,------------------------------------------------------------------------------------------------E---------------SS----S---------------------------------------------------------SS-----E--------------pp--------------pp--------------pp--------XXXXXXXXXXXXXXXX
(W)mario-7-1_82,----------------------------------------------------------------------------------------------------------------S----S----------------------------------------------------------S-----E--------------pp--------------pp--------------pp---------XXXXXXXXXXXXXXXX
(W)mario-7-1_83,--------------------------------------------------------------------------------------------------------------------S----------------------------------------------------------------E--------------pp--------------pp--------------pp----------XXXXXXXXXXXXXXXX
(W)mario-7-1_84,-------------------------------------------------------------------------------------------------------------------S----------------------------------------------------------------E--------------pp--------------pp--------------pp-----------XXXXXXXXXXXXXXXX
(W)mario-7-1_85,------------------------------------------------------------------------------------------------------------------S----------------------------------------------------------------E--------------pp--------------pp--------------pp------------XXXXXXXXXXXXXXXX
(W)mario-7-1_86,-----------------------------------------------------------------------------------------------------------------S----------------------------------------------------------------E--------------pp--------------pp--------------pp-------------XXXXXXXXXXXXXXXX
(W)mario-7-1_87,----------------------------------------------------------------------------------------------------------------S----------------------------------------------------------------E--------------pp--------------pp--------------pp--------------XXXXXXXXXXXXXXXX
(W)mario-7-1_88,--------------------------------------------------------------------------------------------------------------------------------------------------------------------------------E---------------p--------------pp--------------pp--------------pXXXXXXXXXXXXXXXX
(W)mario-7-1_89,-----------------------------------------------------------------------------------------------------------------------------------------------------------------------------------------------E--------------pp--------------pp--------------ppXXXXXXXXXXXXXXXX
(W)mario-7-1_90,----------------------------------------------------------------------------------------------------------------------------------------------------------------------------------------------E--------------pp--------------pp--------------pp-XXXXXXXXXXXXXXXX
(W)mario-7-1_91,---------------------------------------------------------------------------------------------------------------------------------------------------------------------------------------------E--------------pp--------------pp--------------pp-EXXXXXXXXXXXXXXXX
(W)mario-7-1_92,--------------------------------------------------------------------------------------------------------------------------------------------------------------------------------------------E--------------pp--------------pp--------------pp-E-XXXXXXXXXXXXXXXX
(W)mario-7-1_93,-------------------------------------------------------------------------------------------------------------------------------------------------------------------------------------------E--------------pp--------------pp--------------pp-E--XXXXXXXXXXXXXXXX
(W)mario-7-1_94,------------------------------------------------------------------------------------------------------------------------------------------------------------------------------------------E--------------pp--------------pp----p---------pp-E--pXXXXXXXXXXXXXXXX
(W)mario-7-1_95,-----------------------------------------------------------------------------------------------------------------------------------------------------------------------------------------E--------------pp-----E--------pp----pp--------pp-E--ppXXXXXXXXXXXXXXXX
(W)mario-7-1_96,----------------------------------------------------------------------------------------------------------------------------------------------------------------------------------------E--------------pp-----E--------pp----pp--------pp-E--pp-XXXXXXXXXXXXXXXX
(W)mario-7-1_97,---------------------------------------------------------------------------------------------------------------------------------------------------------------------------------------E--------------pp-----E--------pp----pp--------pp-E--pp--XXXXXXXXXXXXXXXX
(W)mario-7-1_98,--------------------------------------------------------------------------------------------------------------------------------------------------------------------------------------E--------------pp-----E--------pp----pp--------pp-E--pp---XXXXXXXXXXXXXXXX
(W)mario-7-1_99,-------------------------------------------------------------------------------------------------------------------------------------------------------------------------------------E--------------pp-----E--------pp----pp--------pp-E--pp----XXXXXXXXXXXXXXXX
(W)mario-7-1_100,------------------------------------------------------------------------------------------------------------------------------------------------------------------------------------E--------------pp-----E--------pp----pp--------pp-E--pp-----XXXXXXXXXXXXXXXX
(W)mario-7-1_101,-----------------------------------------------------------------------------------------------------------------------------------------------------------------------------------E--------------pp-----E--------pp----pp--------pp-E--pp------XXXXXXXXXXXXXXXX
(W)mario-7-1_102,----------------------------------------------------------------------------------------------------------------------------------------------------------------------------------E--------------pp-----E--------pp----pp--------pp-E--pp-------XXXXXXXXXXXXXXXX
(W)mario-7-1_103,---------------------------------------------------------------------------------------------------------------------------------------------------------------------------------E--------------pp-----E--------pp----pp--------pp-E--pp--------XXXXXXXXXXXXXXXX
(W)mario-7-1_104,--------------------------------------------------------------------------------------------------------------------------------------------------------------------------------E---------------p-----E---------p----pp---------p-E--pp---------XXXXXXXXXXXXXXXX
(W)mario-7-1_105,-----------------------------------------------------------------------------------------------------------------------------------------------------------------------------------------------------E--------------pp-----------E--pp----------XXXXXXXXXXXXXXXX
(W)mario-7-1_106,----------------------------------------------------------------------------------------------------------------------------------------------------------------------------------------------------E--------------pp-----------E--pp-----------XXXXXXXXXXXXXXXX
(W)mario-7-1_107,---------------------------------------------------------------------------------------------------------------------------------------------------------------------------------------------------E--------------pp-----------p--pp-----------pXXXXXXXXXXXXXXXX
(W)mario-7-1_108,--------------------------------------------------------------------------------------------------------------------------------------------------------------------------------------------------E------------E-pp-----------pp-pp-----------ppXXXXXXXXXXXXXXXX
(W)mario-7-1_109,-------------------------------------------------------------------------------------------------------------------------------------------------------------------------------------------------E------------E-pp-----------pp-pp-----------pp-XXXXXXXXXXXXXXXX
(W)mario-7-1_110,------------------------------------------------------------------------------------------------------------------------------------------------------------------------------------------------E------------E--p-----------pp--p-----------pp--XXXXXXXXXXXXXXXX
(W)mario-7-1_111,------------------------------------------------------------------------------------------------------------------------------------------------------------------------------------------------------------E--------------pp--------------pp---XXXXXXXXXXXXXXXX
(W)mario-7-1_112,-----------------------------------------------------------------------------------------------------------------------------------------------------------------------------------------------------------E--------------pp--------------pp----XXXXXXXXXXXXXXXX
(W)mario-7-1_113,-------------------------------------------------------------------------------------------------------------------------------S---------------------------------------------------------------S----------E--------------pp--------------pp-----XXXXXXXXXXXXXXXX
(W)mario-7-1_114,------------------------------------------------------------------------------------------------------------------------------SS-----------------------------------------------E--------------SS---------E--------------pp--------------pp------XXXXXXXXXXXXXXXX
(W)mario-7-1_115,-----------------------------------------------------------------------------------------------------------------------------SSS----------------------------------------------E--------------SSS--------E--------------pp--------------pp-------XXXXXXXXXXXXXXXX
(W)mario-7-1_116,----------------------------------------------------------------------------------------------------------------------------SSSS---------------------------------------------E--------------SSSS-------E--------------pp--------------pp--------XXXXXXXXXXXXXXXX
(W)mario-7-1_117,---------------------------------------------------------------------------------------------------------------------------SSSSS--------------------------------------------E--------------SSSSS------E--------------pp--------------pp---------XXXXXXXXXXXXXXXX
(W)mario-7-1_118,--------------------------------------------------------------------------------------------------------------------------SSSSS--------------------------------------------E--------------SSSSS------E--------------pp--------------pp----------XXXXXXXXXXXXXXXX
(W)mario-7-1_119,-------------------------------------------------------------------------------------------------------------------------SSSSS--------------------------------------------E--------------SSSSS------E--------------pp--------------pp-----------XXXXXXXXXXXXXXXX
(W)mario-7-1_120,------------------------------------------------------------------------------------------------------------------------SSSSS--------------------------------------------E--------------SSSSS------E-----------X--pp-----------X--pp-----------XXXXXXXXXXXXXXXXX
(W)mario-7-1_121,-----------------------------------------------------------------------------------------------------------------------SSSSS--------------------------------------------E--------------SSSSS------E-----------X--pp-----------X--pp-----------X-XXXXXXXXXXXXXXXX
(W)mario-7-1_122,----------------------------------------------------------------------------------------------------------------------SSSSS--------------------------------------------E--------------SSSSS------E-----------X--pp-----------X--pp-----------X--XXXXXXXXXXXXXXXX
(W)mario-7-1_123,---------------------------------------------------------------------------------------------------------------------SSSSS--------------------------------------------E--------------SSSSS------E-----------X---p-----------X---p-----------X---XXXXXXXXXXXXXXXX
(W)mario-7-1_124,--------------------------------------------------------------------------------------------------------------------SSSSS--------------------------------------------E--------------SSSSS------------------X---------------X---------------X----XXXXXXXXXXXXXXXX
(W)mario-7-1_125,-------------------------------------------------------------------------------------------------------------------SSSSS--------------------------------------------E--------------SSSSS------------------X---------------X---------------X-----XXXXXXXXXXXXXXXX
(W)mario-7-1_126,------------------------------------------------------------------------------------------------------------------SSSSS--------------------------------------------E--------------SSSSS------------------X---------------X---------------X------XXXXXXXXXXXXXXXX
(W)mario-7-1_127,-----------------------------------------------------------------------------------------------------------------SSSSS--------------------------------------------E--------------SSSSS------------------X---------------X---------------X-------XXXXXXXXXXXXXXXX
(W)mario-7-1_128,----------------------------------------------------------------------------------------------------------------SSSSS--------------------------------------------E-------------SSSSSS------------------X---------------X---------------X--------XXXXXXXXXXXXXXXX
(W)mario-7-1_129,----------------------------------------------------------------------------------------------------------------SSSS--------------------------------------------E-------------SSSSSS------------------X---------------X---------------X---------XXXXXXXXXXXXXXXX
(W)mario-7-1_130,-------------------------------------------------------------------------------Q--------------------------------SSS----------------------------------------------------------SS-SSS------------------X---------------X---------------X----------XXXXXXXXXXXXXXXX
(W)mario-7-1_131,------------------------------------------------------------------------------Q---------------------------------SS----------------------------------------------------------SS--SS------------------X---------------X---------------X-----------XXXXXXXXXXXXXXX-
(W)mario-7-1_132,-----------------------------------------------------------------------------Q----------------------------------S------------------------------S---------------------------SS---S------------------X---------------X---------------X-----------XXXXXXXXXXXXXXX-X
(W)mario-7-1_133,----------------------------------------------------------------------------Q-----------------------------------------------------------------SS--------------------------SS----------------------X---------------X------------X--X-----------XXXXXXXXXXXXXXX-XX
(W)mario-7-1_134,---------------------------------------------------------------------------Q-----------------------------------------------------------------SS--------------------------SS----------------------X-------------X-X------------XX-X-----------XXXXXXXXXXXXXXX-XXX
(W)mario-7-1_135,--------------------------------------------------------------------------Q-----------------------------------------------------------------SS--------------------------SS---------------------XX-------------XXX------------XXXX-----------XXXXXXXXXXXXXXX-XXXX
(W)mario-7-1_136,-------------------------------------------------------------------------Q-----------------------------------------------------------------SS--------------------------SS------X--------------XX-------------XXX------------XXXX-----------XXXXXXXXXXXXXXX-XXXXX
(W)mario-7-1_137,------------------------------------------------------------------------Q-----------------------------------------------------------------SS-------------------X------SS------XX-------------XXX------------XXXX-----------XXXXX----------XXXXXXXXXXXXXXX-XXXXXX
(W)mario-7-1_138,-----------------------------------------------------------------------Q-----------------------------------------------------------------SS-------------------X------SS------XX-------------XXX------------XXXX-----------XXXXX----------XXXXXX-XXXXXXXX-XXXXXXX
(W)mario-7-1_139,----------------------------------------------------------------------Q-----------------------------------------------------------------SS-------------------X------SS------XX-------------XXX------------XXXX-----------XXXXX----------XXXXXX--XXXXXXX-XXXXXXXX
(W)mario-7-1_140,---------------------------------------------------------------------Q-----------------------------------------------------------------SS-------------------X------SS------XX-------------XXX------------XXXX-----------XXXXX----------XXXXXX---XXXXXX-XXXXXXXXX
(W)mario-7-1_141,--------------------------------------------------------------------Q-----------------------------------------------------------------SS-------------------X------SS------XX-------------XXX------------XXXX-----------XXXXX----------XXXXXX---XXXXXX-XXXXXXXXXX
(W)mario-7-1_142,-------------------------------------------------------------------Q-----------------------------------------------------------------SS-------------------X------SS------XX-------------XXX------------XXXX-----------XXXXX----X-----XXXXXX---XXXXXX-XXXXXXXXXXX
(W)mario-7-1_143,------------------------------------------------------------------Q-----------------------------------------------------------------SS-------------------X------SS------XX-------------XXX------------XXXX-----X-----XXXXX----XX----XXXXXX---XXXXXX-XXXXXXXXXXXX
(W)mario-7-1_144,-----------------------------------------------------------------Q-----------------------------------------------------------------SS-------------------X-------S------XX-------------XXX------X-----XXXX-----XX----XXXXX----XXX---XXXXXX---XXXXXX-XXXXXXXXXXXXX
(W)mario-7-1_145,----------------------------------------------------------------Q-----------------------------------------------------------------SS-------------------X--------------XX-------X-----XXX------XX----XXXX-----XXX---XXXXX----XXXX--XXXXXX---XXXXXX-XXXXXXXXXXXXXX
(W)mario-7-1_146,---------------------------------------------------------------------------------------------------------------------------------SS-------------------X--------X-----XX-------XX----XXX------XXX---XXXX-----XXXX--XXXXX----XXXXX-XXXXXX---XXXXXX-XXXXXXXXXXXXXXX
(W)mario-7-1_147,--------------------------------------------------------------------------------------------------------------------------------SS-------------X-----X--------XX----XX-------XXX---XXX------XXXX--XXXX-----XXXXX-XXXXX----XXXXXXXXXXXX---XXXXXXXXXXXXXXXXXXXXXXX
(W)mario-7-1_148,-------------------------------------------------------------------------------------------------------------------------------XS-------------XX----X--------XXX---XX-------XXXX--XXX------XXXXX-XXXX-----XXXXXXXXXXX----XXXXXXXXXXXX---XXXXXXXXXXXXXXXXXXXXXXXX
(W)mario-7-1_149,------------------------------------------------------------------------------------------------------------------------------XX-------------XXX---X--------XXXX--XX-------XXXXX-XXX------XXXXXXXXXX-----XXXXXXXXXXX----XXXXXXXXXXXX---XXXXXXXXXXXXXXXXXXXXXXXXX
(W)mario-7-1_150,-----------------------------------------------------------------------------------------------------------------------------XX-------------XXX---X--------XXXX--XX-------XXXXX-XXX------XXXXXX-XXX-----XXXXXXX-XXX----XXXXXXXX-XXX---XXXXXXXXX-XXXXXXXXXXXXXXXX
(W)mario-7-1_151,----------------------------------------------------------------------------------------------------------------------------XX-------------XXX---X--------XXXX--XX-------XXXXX--XX------XXXXXX--XX-----XXXXXXX--XX----XXXXXXXX--XX---XXXXXXXXX--XXXXXXXXXXXXXXXX
(W)mario-7-1_152,---------------------------------------------------------------------------------------------------------------------------XX-------------XXX---X--------XXXX---X-------XXXXX---X------XXXXXX---X-----XXXXXXX---X----XXXXXXXX---X---XXXXXXXXX---XXXXXXXXXXXXXXXX
(W)mario-7-1_153,--------------------------------------------------------------------------------------------------------------------------XX-------------XXX------------XXXX-----------XXXXX----------XXXXXX---------XXXXXXX--------XXXXXXXX-------XXXXXXXXX----XXXXXXXXXXXXXXXX
(W)mario-7-1_154,-------------------------------------------------------------------------------------------------------------------------XX-------------XXX------------XXXX-----------XXXXX----------XXXXXX---------XXXXXXX--------XXXXXXXX-------XXXXXXXXX-----XXXXXXXXXXXXXXXX
(W)mario-7-1_155,------------------------------------------------------------------------------------------------------------------------XX-------------XXX------------XXXX-----------XXXXX----------XXXXXX---------XXXXXXX--------XXXXXXXX-------XXXXXXXXX------XXXXXXXXXXXXXXXX
(W)mario-7-1_156,-----------------------------------------------------------------------------------------------------------------------XX-------------XXX------------XXXX-----------XXXXX----------XXXXXX---------XXXXXXX--------XXXXXXXX-------XXXXXXXXX-------XXXXXXXXXXXXXXXX
(W)mario-7-1_157,----------------------------------------------------------------------------------------------------------------------XX-------------XXX------------XXXX-----------XXXXX----------XXXXXX---------XXXXXXX--------XXXXXXXX--------XXXXXXXX--------XXXXXXXXXXXXXXXX
(W)mario-7-1_158,---------------------------------------------------------------------------------------------------------------------XX-------------XXX------------XXXX-----------XXXXX----------XXXXXX---------XXXXXXX---------XXXXXXX---------XXXXXXX--------XXXXXXXXXXXXXXXXX
(W)mario-7-1_159,--------------------------------------------------------------------------------------------------------------------XX-------------XXX------------XXXX-----------XXXXX----------XXXXXX----------XXXXXX----------XXXXXX----------XXXXXX--------X-XXXXXXXXXXXXXXXX
(W)mario-7-1_160,-------------------------------------------------------------------------------------------------------------------XX-------------XXX------------XXXX-----------XXXXX-----------XXXXX-----------XXXXX-----------XXXXX-----------XXXXX--------X--XXXXXXXXXXXXXXXX
(W)mario-7-1_161,------------------------------------------------------------------------------------------------------------------XX-------------XXX------------XXXX------------XXXX------------XXXX------------XXXX------------XXXX------------XXXX--------X---XXXXXXXXXXXXXXXX
(W)mario-8-1_1,----------------------------------------------------------------------------------------------------------------------------------------------------------------------------------------------------------------------------------------------E-XXXXXXXXXXXXXXXX
(W)mario-8-1_2,---------------------------------------------------------------------------------------------------------------------------------------------------------------------------------------------------------------------------------------------E-EXXXXXXXXXXXXXXXX
(W)mario-8-1_3,--------------------------------------------------------------------------------------------------------------------------------------------------------------------------------------------------------------------------------------------E-EEXXXXXXXXXXXXXXXX
(W)mario-8-1_4,-------------------------------------------------------------------------------------------------------------------------------------------------------------------------------------------------------------------------------------------E-EE-XXXXXXXXXXXXXXXX
(W)mario-8-1_5,------------------------------------------------------------------------------------------------------------------------------------------------------------------------------------------------------------------------------------------E-EE--XXXXXXXXXXXXXXXX
(W)mario-8-1_6,-----------------------------------------------------------------------------------------------------------------------------------------------------------------------------------------------------------------------------------------E-EE---XXXXXXXXXXXXXXXX
(W)mario-8-1_7,----------------------------------------------------------------------------------------------------------------------------------------------------------------------------------------------------------------------------------------E-EE----XXXXXXXXXXXXXXXX
(W)mario-8-1_8,---------------------------------------------------------------------------------------------------------------------------------------------------------------------------------------------------------------------------------------E-EE-----XXXXXXXXXXXXXXXX
(W)mario-8-1_9,--------------------------------------------------------------------------------------------------------------------------------------------------------------------------------------------------------------------------------------E-EE------XXXXXXXXXXXXXXXX
(W)mario-8-1_10,-------------------------------------------------------------------------------------------------------------------------------------------------------------------------------------------------------------------------------------E-EE-------XXXXXXXXXXXXXXXX
(W)mario-8-1_11,------------------------------------------------------------------------------------------------------------------------------------------------------------------------------------------------------------------------------------E-EE-------EXXXXXXXXXXXXXXXX
(W)mario-8-1_12,-----------------------------------------------------------------------------------------------------------------------------------------------------------------------------------------------------------------------------------E-EE-------E-XXXXXXXXXXXXXXXX
(W)mario-8-1_13,----------------------------------------------------------------------------------------------------------------------------------------------------------------------------------------------------------------------------------E-EE-------E--XXXXXXXXXXXXXXXX
(W)mario-8-1_14,-----------------------------------------------------------------------------------------------------------------------------------------------------------------------------------------------p---------------p---------------p-E-EE-------E--pXXXXXXXXXXXXXXXX
(W)mario-8-1_15,-------------------------------------------------------------------------------------------------------------------------------------------------------------------------------E--------------pp--------------pp--------------ppE-EE-------E--ppXXXXXXXXXXXXXXXX
(W)mario-8-1_16,------------------------------------------------------------------------------------------------------------------------------------------------------------------------------E--------------pp--------------pp--------------pp--EE-------E--pp-XXXXXXXXXXXXXXXX
(W)mario-8-1_17,-----------------------------------------------------------------------------------------------------------------------------------------------------------------------------E--------------pp--------------pp--------------pp--EE-------E--pp--XXXXXXXXXXXXXXXX
(W)mario-8-1_18,----------------------------------------------------------------------------------------------------------------------------------------------------------------------------E--------------pp--------------pp--------------pp---E-------E--pp---XXXXXXXXXXXXXXXX
(W)mario-8-1_19,---------------------------------------------------------------------------------------------------------------------------------------------------------------------------E--------------pp--------------pp--------------pp-----------E--pp----XXXXXXXXXXXXXXXX
(W)mario-8-1_20,--------------------------------------------------------------------------------------------------------------------------------------------------------------------------E--------------pp--------------pp--------------pp-----------E--pp----EXXXXXXXXXXXXXXXX
(W)mario-8-1_21,-------------------------------------------------------------------------------------------------------------------------------------------------------------------------E--------------pp--------------pp--------------pp-----------E--pp----E-XXXXXXXXXXXXXXXX
(W)mario-8-1_22,------------------------------------------------------------------------------------------------------------------------------------------------------------------------E--------------pp--------------pp--------------pp-----------E--pp----E-EXXXXXXXXXXXXXXXX
(W)mario-8-1_23,-----------------------------------------------------------------------------------------------------------------------------------------------------------------------E--------------pp--------------pp--------------pp-----------E--pp----E-E-XXXXXXXXXXXXXXXX
(W)mario-8-1_24,----------------------------------------------------------------------------------------------------------------------------------------------------------------------E--------------pp--------------pp--------------pp-----------E--pp----E-E--XXXXXXXXXXXXXXXX
(W)mario-8-1_25,---------------------------------------------------------------------------------------------------------------------------------------------------------------------E--------------pp--------------pp--------------pp-----------E--pp----E-E---XXXXXXXXXXXXXXX-
(W)mario-8-1_26,--------------------------------------------------------------------------------------------------------------------------------------------------------------------E--------------pp--------------pp--------------pp-----------E--pp----E-E----XXXXXXXXXXXXXX-X
(W)mario-8-1_27,-------------------------------------------------------------------------------------------------------------------------------------------------------------------E--------------pp--------------pp--------------pp--------------pp----E-E-----XXXXXXXXXXXXX-X-
(W)mario-8-1_28,------------------------------------------------------------------------------------------------------------------------------------------------------------------E--------------pp--------------pp--------------pp--------------pp----E-E------XXXXXXXXXXXX-X-X
(W)mario-8-1_29,-----------------------------------------------------------------------------------------------------------------------------------------------------------------E--------------pp--------------pp--------------pp--------------pp----E-E-------XXXXXXXXXXX-X-XX
(W)mario-8-1_30,----------------------------------------------------------------------------------------------------------------------------------------------------------------E---------------p---------------p---------------p---------------p----E-E--------XXXXXXXXXX-X-XX-
(W)mario-8-1_31,------------------------------------------------------------------------------------------------------------------------------------------------------------------------------------------------------------------------------------E-E---------XXXXXXXXX-X-XX-X
(W)mario-8-1_32,-----------------------------------------------------------------------------------------------------------------------------------------------------------------------------------------------------------------------------------E-E----------XXXXXXXX-X-XX-XX
(W)mario-8-1_33,----------------------------------------------------------------------------------------------------------------------------------------------------------------------------------------------------------------------------------E-E-----------XXXXXXX-X-XX-XX-
(W)mario-8-1_34,---------------------------------------------------------------------------------------------------------------------------------------------------------------------------------------------------------------------------------E-E------------XXXXXX-X-XX-XX-X
(W)mario-8-1_35,--------------------------------------------------------------------------------------------------------------------------------------------------------------------------------------------------------------------------------E-E-------------XXXXX-X-XX-XX-XX
(W)mario-8-1_36,---------------------------------------------------------------------------------------------------------------------------------------------------------------------------------------------------------------------------------E--------------XXXX-X-XX-XX-XX-
(W)mario-8-1_37,--------------------------------------------------------------------------------------------------------------------------------------------------------------------------------------------------------------------------------E---------------XXX-X-XX-XX-XX-X
(W)mario-8-1_38,-----------------------------------------------------------------------------------------------------------------------------------------------------------------------------------------------------------------------------------------------EXX-X-XX-XX-XX-XX
(W)mario-8-1_39,----------------------------------------------------------------------------------------------------------------------------------------------------------------------------------------------------------------------------------------------E-X-X-XX-XX-XX-XXX
(W)mario-8-1_40,---------------------------------------------------------------------------------------------------------------------------------------------------------------------------------------------------------------------------------------------E---X-XX-XX-XX-XXXX
(W)mario-8-1_41,--------------------------------------------------------------------------------------------------------------------------------------------------------------------------------------------------------------------------------------------E---X-XX-XX-XX-XXXXX
(W)mario-8-1_42,-------------------------------------------------------------------------------------------------------------------------------------------------------------------------------------------------------------------------------------------E-----XX-XX-XX-XXXXXX
(W)mario-8-1_43,-------------------------------------------------------------------------------------------------------------------------------------------------------------------------------o----------------------------------------------------------E-----XX-XX-XX-XXXXXXX
(W)mario-8-1_44,------------------------------------------------------------------------------------------------------------------------------------------------------------------------------o----------------------------------------------------------E------X-XX-XX-XXXXXXXX
(W)mario-8-1_45,-----------------------------------------------------------------------------------------------------------------------------------------------------------------------------o----------------------------------------------------------E--------XX-XX-XXXXXXXXX
(W)mario-8-1_46,----------------------------------------------------------------------------------------------------------------------------------------------------------------------------o----------------------------------------------------------E--------XX-XX-XXXXXXXXXX
(W)mario-8-1_47,---------------------------------------------------------------------------------------------------------------------------------------------------------------------------o----------------------------------------------------------E---------X-XX-XXXXXXXXXXX
(W)mario-8-1_48,--------------------------------------------------------------------------------------------------------------------------------------------------------------------------o----------------------------------------------------------E---------E-XX-XXXXXXXXXXXX
(W)mario-8-1_49,-------------------------------------------------------------------------------------------------------------------------------------------------------------------------o----------------------------------------------------------E---------EEXX-XXXXXXXXXXXXX
(W)mario-8-1_50,------------------------------------------------------------------------------------------------------------------------------------------------------------------------o----------------------------------------------------------E---------EE-X-XXXXXXXXXXXXXX
(W)mario-8-1_51,-----------------------------------------------------------------------------------------------------------------------------------------------------------------------o----------------------------------------------------------E---------EE-E-XXXXXXXXXXXXXXX
(W)mario-8-1_52,----------------------------------------------------------------------------------------------------------------------------------------------------------------------o----------------------------------------------------------E---------EE-E-XXXXXXXXXXXXXXXX
(W)mario-8-1_53,---------------------------------------------------------------------------------------------------------------------------------------------------------------------o----------------------------------------------------------E---------EE-E--XXXXXXXXXXXXXXXX
(W)mario-8-1_54,--------------------------------------------------------------------------------------------------------------------------------------------------------------------o--------------------------------------------------------------------EE-E---XXXXXXXXXXXXXXXX
(W)mario-8-1_55,-------------------------------------------------------------------------------------------------------------------------------------------------------------------o---------------------------p---------------p---------------p--------EE-E---pXXXXXXXXXXXXXXXX
(W)mario-8-1_56,------------------------------------------------------------------------------------------------------------------------------------------------------------------o------------E--------------pp--------------pp--------------pp-------EE-E---ppXXXXXXXXXXXXXXXX
(W)mario-8-1_57,-----------------------------------------------------------------------------------------------------------------------------------------------------------------o------------E--------------pp--------------pp--------------pp-------EE-E---pp-XXXXXXXXXXXXXXXX
(W)mario-8-1_58,----------------------------------------------------------------------------------------------------------------------------------------------------------------o------------E--------------pp--------------pp--------------pp-------EE-E---pp--XXXXXXXXXXXXXXXX
(W)mario-8-1_59,----------------------------------------------------------------------------------------------------------------------------------------------------------------------------E--S-----------pp--------------pp--------------pp-------EE-E---pp---XXXXXXXXXXXXXXXX
(W)mario-8-1_60,---------------------------------------------------------------------------------------------------------------------------------------------------------------------------E--S-----------pp--------------pp--------------pp-------EE-E---pp----XXXXXXXXXXXXXXXX
(W)mario-8-1_61,--------------------------------------------------------------------------------------------------------------------------------------------------------------------------E--S-----------pp--------------pp----p---------pp----p--EE-E---pp----pXXXXXXXXXXXXXXXX
(W)mario-8-1_62,-------------------------------------------------------------------------------------------------------------------------------------------------------------------------E--S-----------pp-----E--------pp----pp--------pp----pp-EE-E---pp----ppXXXXXXXXXXXXXXXX
(W)mario-8-1_63,------------------------------------------------------------------------------------------------------------------------------------------------------------------------E--S-----------pp-----E--------pp----pp--------pp----pp-EE-E---pp----pp-XXXXXXXXXXXXXXXX
(W)mario-8-1_64,-----------------------------------------------------------------------------------------------------------------------------------------------------------------------E--S-----------pp-----E--------pp----pp--------pp----pp--E-E---pp----pp--XXXXXXXXXXXXXXXX
(W)mario-8-1_65,----------------------------------------------------------------------------------------------------------------------------------------------------------------------E--S-----------pp-----E--------pp----pp--------pp----pp----E---pp----pp---XXXXXXXXXXXXXXXX
(W)mario-8-1_66,---------------------------------------------------------------------------------------------------------------------------------------------------------------------E--S-----------pp-----E--------pp----pp--------pp----pp----E---pp----pp----XXXXXXXXXXXXXXXX
(W)mario-8-1_67,--------------------------------------------------------------------------------------------------------------------------------------------------------------------E--S-----------pp-----E--------pp----pp--------pp----pp--------pp----pp-----XXXXXXXXXXXXXXXX
(W)mario-8-1_68,-------------------------------------------------------------------------------------------------------------------------------------------------------------------E--S--------o--pp-----E--------pp----pp--------pp----pp--------pp----pp------XXXXXXXXXXXXXXXX
(W)mario-8-1_69,------------------------------------------------------------------------------------------------------------------------------------------------------------------E--S--------o--pp-----E--------pp----pp--------pp----pp--------pp----pp-------XXXXXXXXXXXXXXXX
(W)mario-8-1_70,-----------------------------------------------------------------------------------------------------------------------------------------------------------------E--S--------o--pp-----E--------pp----pp--------pp----pp--------pp----pp--------XXXXXXXXXXXXXXXX
(W)mario-8-1_71,----------------------------------------------------------------------------------------------------------------------------------------------------------------E--S--------o---p-----E---------p----pp---------p----pp---------p----pp---------XXXXXXXXXXXXXXXX
(W)mario-8-1_72,------------------------------------------------------------------------------------------------------------------------------------------------------------------S--------o---------E--------------pp--------------pp--------------pp----------XXXXXXXXXXXXXXXX
(W)mario-8-1_73,-----------------------------------------------------------------------------------------------------------------------------------------------------------------S--------o---------E----------p---pp----------p---pp----------p---pp----------pXXXXXXXXXXXXXXXX
(W)mario-8-1_74,----------------------------------------------------------------------------------------------------------------------------------------------------------------S--------o-----E---E----------pp--pp----------pp--pp----------pp--pp----------ppXXXXXXXXXXXXXXXX
(W)mario-8-1_75,------------------------------------------------------------------------------------------------------------------------------------------------------------------------o-----E---E----------pp--pp----------pp--pp----------pp--pp----------pp-XXXXXXXXXXXXXXXX
(W)mario-8-1_76,-----------------------------------------------------------------------------------------------------------------------------------------------------------------------o-----E---E----------pp--pp----------pp--pp----------pp--pp----------pp--XXXXXXXXXXXXXXXX
(W)mario-8-1_77,----------------------------------------------------------------------------------------------------------------------------------------------------------------------o-----E--oE----------pp---p----------pp---p----------pp---p----------pp---XXXXXXXXXXXXXXXX
(W)mario-8-1_78,---------------------------------------------------------------------------------------------------------------------------------------------------------------------o-----E--o-----------pp--------------pp--------------pp--------------pp----XXXXXXXXXXXXXXXX
(W)mario-8-1_79,--------------------------------------------------------------------------------------------------------------------------------------------------------------------o-----E--o-----------pp--------------pp--------------pp--------------pp-----XXXXXXXXXXXXXXXX
(W)mario-8-1_80,-------------------------------------------------------------------------------------------------------------------------------------------------------------------o-----E--o-----------pp--------------pp--------------pp--------------pp------XXXXXXXXXXXXXXXX
(W)mario-8-1_81,------------------------------------------------------------------------------------------------------------------------------------------------------------------o-----E--o-----------pp--------------pp--------------pp--------------pp-------XXXXXXXXXXXXXXXX
(W)mario-8-1_82,-----------------------------------------------------------------------------------------------------------------------------------------------------------------o-----E--o-----------pp--------------pp--------------pp--------------pp--------XXXXXXXXXXXXXXXX
(W)mario-8-1_83,----------------------------------------------------------------------------------------------------------------------------------------------------------------o-----E--o-----------pp--------p-----pp--------p-----pp--------p-----pp--------pXXXXXXXXXXXXXXXX
(W)mario-8-1_84,---------------------------------------------------------------------------------------------------------------------------------------------------------------------E--o------E----pp--------pp----pp--------pp----pp--------pp----pp--------ppXXXXXXXXXXXXXXXX
(W)mario-8-1_85,--------------------------------------------------------------------------------------------------------------------------------------------------------------------E--o------E----pp--------pp----pp--------pp----pp--------pp----pp--------pp-XXXXXXXXXXXXXXXX
(W)mario-8-1_86,-------------------------------------------------------------------------------------------------------------------------------------------------------------------E--o------E----pp--------pp----pp--------pp----pp--------pp----pp--------pp-EXXXXXXXXXXXXXXXX
(W)mario-8-1_87,------------------------------------------------------------------------------------------------------------------------------------------------------------------E--o------E----pp--------pp----pp--------pp----pp--------pp----pp--------pp-E-XXXXXXXXXXXXXXXX
(W)mario-8-1_88,---------------------------------------------------------------------------------------------------------------o-------------------------------------------------E--o------E----pp--------pp----pp--------pp----pp--------pp----pp--------pp-E-EXXXXXXXXXXXXXXXX
(W)mario-8-1_89,--------------------------------------------------------------------------------------------------------------oo------------------------------------------------E--o------E-----p--------pp-----p--------pp-----p--------pp-----p--------pp-E-EEXXXXXXXXXXXXXXXX
(W)mario-8-1_90,-------------------------------------------------------------------------------------------------------------oo---------------------------------------------------o------E--------------pp--------------pp--------------pp--------------pp-E-EE-XXXXXXXXXXXXXXXX
(W)mario-8-1_91,------------------------------------------------------------------------------------------------------------oo---------------------------------------------------o------E--------------pp--------------pp--------------pp--------------pp-E-EE--XXXXXXXXXXXXXXXX
(W)mario-8-1_92,-----------------------------------------------------------------------------------------------------------oo---------------------------------------------------o------E--------------pp--------------pp--------------pp--------------pp-E-EE---XXXXXXXXXXXXXXXX
(W)mario-8-1_93,----------------------------------------------------------------------------------------------------------oo----------------------------------------------------------E--------------pp--------------pp--------------pp--------------pp-E-EE----XXXXXXXXXXXXXXXX
(W)mario-8-1_94,---------------------------------------------------------------------------------------------------------oo----------------------------------------------------------E--------------pp--------------pp--------------pp---------p----pp-E-EE----pXXXXXXXXXXXXXXXX
(W)mario-8-1_95,--------------------------------------------------------------------------------------------------------oo----------------------------------------------------------E--------------pp--------------pp----------E---pp---------pp---pp-E-EE----ppXXXXXXXXXXXXXXXX
(W)mario-8-1_96,-------------------------------------------------------------------------------------------------------oo----------------------------------------------------------E--------------pp--------------pp----------E---pp---------pp---pp-E-EE----pp-XXXXXXXXXXXXXXXX
(W)mario-8-1_97,------------------------------------------------------------------------------------------------------oo----------------------------------------------------------E--------------pp--------------pp----------E---pp---------pp---pp-E-EE----pp-EXXXXXXXXXXXXXXXX
(W)mario-8-1_98,-----------------------------------------------------------------------------------------------------oo----------------------------------------------------------E--------------pp--------------pp----------E---pp---------pp---pp-E-EE----pp-E-XXXXXXXXXXXXXXXX
(W)mario-8-1_99,----------------------------------------------------------------------------------------------------oo----------------------------------------------------------E---------------p---------------p----------E----p---------pp----p-E-EE----pp-E--XXXXXXXXXXXXXXXX
(W)mario-8-1_100,---------------------------------------------------------------------------------------------------oo-----------------------------------------------------------------------------------------------------E--------------pp------E-EE----pp-E---XXXXXXXXXXXXXXXX
(W)mario-8-1_101,--------------------------------------------------------------------------------------------------oo-----------------------------------------------------------------------------------------------------E--------------pp------E-EE----pp-E----XXXXXXXXXXXXXXXX
(W)mario-8-1_102,-------------------------------------------------------------------------------------------------oo-----------------------------------------------------------------------------------------------------E--------------pp--------EE----pp-E-----XXXXXXXXXXXXXXXX
(W)mario-8-1_103,------------------------------------------------------------------------------------------------oo-----------------------------------------------------------------------------------------------------E--------------pp--------EE----pp-E-----EXXXXXXXXXXXXXXXX
(W)mario-8-1_104,------------------------------------------------------------------------------------------------o-----------------------------------------------------------------------------------------------------E--------------pp---------E----pp-E-----E-XXXXXXXXXXXXXXXX
(W)mario-8-1_105,-----------------------------------------------------------------------------------------------------------------------------------------------------------------------------------------------------E--------------pp--------------pp-E-----E--XXXXXXXXXXXXXXXX
(W)mario-8-1_106,----------------------------------------------------------------------------------------------------------------------------------------------------------------------------------------------------E--------------pp--------------pp-E-----E---XXXXXXXXXXXXXXXX
(W)mario-8-1_107,---------------------------------------------------------------------------------------------------------------------------------------------------------------------------------------------------E--------------pp--------------pp-E-----E----XXXXXXXXXXXXXXXX
(W)mario-8-1_108,--------------------------------------------------------------------------------------------------------------------------------------------------------------------------------------------------E--------------pp--------------pp-E-----E----EXXXXXXXXXXXXXXXX
(W)mario-8-1_109,-------------------------------------------------------------------------------------------------------------------------------------------------------------------------------------------------E--------------pp--------------pp-E-----E----EEXXXXXXXXXXXXXXXX
(W)mario-8-1_110,------------------------------------------------------------------------------------------------------------------------------------------------------------------------------------------------E---------------p---------------p-E-----E----EE-XXXXXXXXXXXXXXXX
(W)mario-8-1_111,---------------------------------------------------------------------------------------------------------------------------------------------------------------------------------------------------------------------------------E-----E----EE-EXXXXXXXXXXXXXXXX
(W)mario-8-1_112,--------------------------------------------------------------------------------------------------------------------------------------------------------------------------------------------------------------------------------E-----E----EE-E-XXXXXXXXXXXXXXXX
(W)mario-8-1_113,-------------------------------------------------------------------------------------------------------------------------------------------------------------------------------------------------------------------------------------E----EE-E--XXXXXXXXXXXXXXXX
(W)mario-8-1_114,------------------------------------------------------------------------------------------------------------------------------------------------------------------------------------------------------------------------------------E----EE-E---XXXXXXXXXXXXXXXX
(W)mario-8-1_115,-----------------------------------------------------------------------------------------------------------------------------------------------------------------------------------------------------------------------------------E----EE-E----XXXXXXXXXXXXXXXX
(W)mario-8-1_116,----------------------------------------------------------------------------------------------------------------------------------------------------------------------------------------------------------------------------------E----EE-E-----XXXXXXXXXXXXXXXX
(W)mario-8-1_117,---------------------------------------------------------------------------------------------------------------------------------------------------------------------------------------------------------------------------------E----EE-E------XXXXXXXXXXXXXXXX
(W)mario-8-1_118,--------------------------------------------------------------------------------------------------------------------------------------------------------------------------------------------------------------------------------E----EE-E-------XXXXXXXXXXXXXXXX
(W)mario-8-1_119,---------------------------------------------------------------------------------------------------------------------------------------------------------------------------------------------------------------p---------------p----EE-E-------pXXXXXXXXXXXXXXXX
(W)mario-8-1_120,-----------------------------------------------------------------------------------------------------------------------------------------------------------------------------------------------E--------------pp--------------pp---EE-E-------ppXXXXXXXXXXXXXXXX
(W)mario-8-1_121,----------------------------------------------------------------------------------------------------------------------------------------------------------------------------------------------E--------------pp--------------pp---EE-E-------pp-XXXXXXXXXXXXXXXX
(W)mario-8-1_122,---------------------------------------------------------------------------------------------------------------------------------------------------------------------------------------------E--------------pp--------------pp---EE-E-------pp--XXXXXXXXXXXXXXXX
(W)mario-8-1_123,--------------------------------------------------------------------------------------------------------------------------------------------------------------------------------------------E--------------pp--------------pp---EE-E-------pp---XXXXXXXXXXXXXXXX
(W)mario-8-1_124,-------------------------------------------------------------------------------------------------------------------------------------------------------------------------------------------E--------------pp--------------pp----E-E-------pp----XXXXXXXXXXXXXXXX
(W)mario-8-1_125,------------------------------------------------------------------------------------------------------------------------------------------------------------------------------------------E--------------pp--------------pp------E-------pp-----XXXXXXXXXXXXXXXX
(W)mario-8-1_126,-----------------------------------------------------------------------------------------------------------------------------------------------------------------------------------------E--------------pp--------------pp------E-------pp-----EXXXXXXXXXXXXXXXX
(W)mario-8-1_127,----------------------------------------------------------------------------------------------------------------------------------------------------------------------------------------E--------------pp--------------pp--------------pp-----E-XXXXXXXXXXXXXXXX
(W)mario-8-1_128,---------------------------------------------------------------------------------------------------------------------------------------------------------------------------------------E--------------pp--------------pp--------------pp-----E-EXXXXXXXXXXXXXXXX
(W)mario-8-1_129,--------------------------------------------------------------------------------------------------------------------------------------------------------------------------------------E--------------pp--------------pp--------------pp-----E-EEXXXXXXXXXXXXXXXX
(W)mario-8-1_130,-------------------------------------------------------------------------------------------------------------------------------------------------------------------------------------E--------------pp--------------pp--------------pp-----E-EE-XXXXXXXXXXXXXXXX
(W)mario-8-1_131,------------------------------------------------------------------------------------------------------------------------------------------------------------------------------------E--------------pp--------------pp--------------pp-----E-EE--XXXXXXXXXXXXXXXX
(W)mario-8-1_132,-----------------------------------------------------------------------------------------------------------------------------------------------------------------------------------E-----------X--pp-----------X--pp-----------X--pp-----E-EE--XXXXXXXXXXXXXXXXX
(W)mario-8-1_133,-------------------------------------------------------------------------------------------------------------------------------S--------------------------------------------------E-----------X--pp-----------X--pp-----------X--pp-----E-EE--X-XXXXXXXXXXXXXXXX
(W)mario-8-1_134,------------------------------------------------------------------------------------------------------------------------------SS-------------------------------------------------E-----------X--pp-----------X--pp-----------X--pp-----E-EE--X--XXXXXXXXXXXXXXXX
(W)mario-8-1_135,-----------------------------------------------------------------------------------------------------------------------------SSS------------------------------------------------E-----------X---p-----------X---p-----------X---p-----E-EE--X---XXXXXXXXXXXXXXXX
(W)mario-8-1_136,----------------------------------------------------------------------------------------------------------------------------SSSS-----------------------------------------------------------X---------------X---------------X---------E-EE--X----XXXXXXXXXXXXXXXX
(W)mario-8-1_137,---------------------------------------------------------------------------------------------------------------------------SSSSS----------------------------------------------------------X----S----------X---------------X---------E-EE--X-----XXXXXXXXXXXXXXXX
(W)mario-8-1_138,--------------------------------------------------------------------------------------------------------------------------SSSSSS---------------------------------------------------------X----S----------X---------------X---------E-EE--X------XXXXXXXXXXXXXXXX
(W)mario-8-1_139,-------------------------------------------------------------------------------------------------------------------------SSSSSSS--------------------------------------------------------X----S----------X------E--------X---------E-EE--X-------XXXXXXXXXXXXXXXX
(W)mario-8-1_140,------------------------------------------------------------------------------------------------------------------------SSSSSSSS-------------------------------------------------------X----S----------X------E--------X---------E-EE--X--------XXXXXXXXXXXXXXXX
(W)mario-8-1_141,-----------------------------------------------------------------------------------------------------------------------SSSSSSSS-------------------------------------------------------X----S----------X------E--------X---------E-EE--X---------XXXXXXXXXXXXXXXX
(W)mario-8-1_142,----------------------------------------------------------------------------------------------------------------------SSSSSSSS-------------------------------------------------------X----S----X-----X------E--X-----X---------X-EE--X---------XXXXXXXXXXXXXXXXX
(W)mario-8-1_143,---------------------------------------------------------------------------------------------------------------------SSSSSSSS-------------------------------------------------------X----S----X-----X------E--X-----X---------X-EE--X---------X-XXXXXXXXXXXXXXXX
(W)mario-8-1_144,--------------------------------------------------------------------------------------------------------------------SSSSSSSS-------------------------------------------------------X----S----X-----X------E--X-----X---------X--E--X---------X--XXXXXXXXXXXXXXXX
(W)mario-8-1_145,-------------------------------------------------------------------------------------------------------------------SSSSSSSS-------------------------------------------------------X----S----X-----X------E--X-----X---------X-----X---------X---XXXXXXXXXXXXXXXX
(W)mario-8-1_146,------------------------------------------------------------------------------------------------------------------SSSSSSSS-------------------------------------------------------X----S----X-----X------E--X-----X---------X-----X---------X----XXXXXXXXXXXXXXXX
(W)mario-8-1_147,-----------------------------------------------------------------------------------------------------------------SSSSSSSS-------------------------------------------------------X----S----X-----X------E--X-----X---------X-----X---------X-----XXXXXXXXXXXXXXXX
(W)mario-8-1_148,----------------------------------------------------------------------------------------------------------------SSSSSSSS------------------------------------------------------------S----X------------E--X---------------X---------------X------XXXXXXXXXXXXXXX-
(W)mario-8-1_149,----------------------------------------------------------------------------------------------------------------SSSSSSS------------------------------------------------------------S----X------------E--X---------------X---------------X-------XXXXXXXXXXXXXX-X
(W)mario-8-1_150,----------------------------------------------------------------------------------------------------------------SSSSSS------------------------------------------------------------S----X------------E--X-------E-------X---------------X--------XXXXXXXXXXXXX-X-
(W)mario-8-1_151,----------------------------------------------------------------------------------------------------------------SSSSS------------------------------------------------------------S----X------------E--X-------E-------X---------------X---------XXXXXXXXXXXX-X-X
(W)mario-8-1_152,----------------------------------------------------------------------------------------------------------------SSSS------------------------------------------------------------S----X------------E--X-------E-------X---------------X----------XXXXXXXXXXX-X-XX
(W)mario-8-1_153,----------------------------------------------------------------------------------------------------------------SSS-----------------------------------------------------------------X------------E--X-------E-------X---------------X-----------XXXXXXXXXX-X-XX-
(W)mario-8-1_154,----------------------------------------------------------------------------------------------------------------SS-----------------------------------------------------------------X------------E--X-------E-------X-----------E---X------------XXXXXXXXX-X-XX-X
(W)mario-8-1_155,----------------------------------------------------------------------------------------------------------------S-----------------------------------------------------------------X---------------X-------E-------X-----------E---X-------------XXXXXXXX-X-XX-X-
(W)mario-8-1_156,---------------------------------------------------------------------------------------------------------------------------------------------------------------------------------X---------------X-------E-------X-----------E---X--------------XXXXXXX-X-XX-X-X
(W)mario-8-1_157,--------------------------------------------------------------------------------------------------------------------------------------------------------------------------------X---------------X-------E-------X-----------E---X---------------XXXXXX-X-XX-X-XX
(W)mario-8-1_158,-------------------------------------------------------------------------------------------------------------------------------------------------------------------------------------------------------E-------------------E--------------------XXXXX-X-XX-X-XX-
(W)mario-8-1_159,------------------------------------------------------------------------------------------------------------------------------------------------------------------------------------------------------E-------------------E---------------------XXXX-X-XX-X-XX-X
(W)mario-8-1_160,-----------------------------------------------------------------------------------------------------------------------------------------------------------------------------------------------------E-------------------E----------------------XXX-X-XX-X-XX-XX
(W)mario-8-1_161,----------------------------------------------------------------------------------------------------------------------------------------------------------------------------------------------------E-------------------E-----------------------XX-X-XX-X-XX-XXX
(W)mario-8-1_162,---------------------------------------------------------------------------------------------------------------------------------------------------------------------------------------------------E-------------------E------------------------X-X-XX-X-XX-XXXX
(W)mario-8-1_163,-------------------------------------------------------------------------------------------------------------------------------------------------------------------------------S------------------E-------------------E--------------------------X-XX-X-XX-XXXXX
(W)mario-8-1_164,------------------------------------------------------------------------------------------------------------------------------------------------------------------------------SS-----------------E-------------------E--------------------------X-XX-X-XX-XXXXXX
(W)mario-8-1_165,-----------------------------------------------------------------------------------------------------------------------------------------------------------------------------SSS----------------E-------------------E----------------------------XX-X-XX-XXXXXXX
(W)mario-8-1_166,----------------------------------------------------------------------------------------------------------------------------------------------------------------------------SSSS-----------------------------------E----------------------------XX-X-XX-XXXXXXXX
(W)mario-8-1_167,---------------------------------------------------------------------------------------------------------------------------------------------------------------------------SSSSS----------------------------------E-----------------------------X-X-XX-XXXXXXXXX
(W)mario-8-1_168,--------------------------------------------------------------------------------------------------------------------------------------------------------------------------SSSSSS---------------------------------E-------------------------------X-XX-XXXXXXXXXX
(W)mario-8-1_169,-------------------------------------------------------------------------------------------------------------------------------------------------------------------------SSSSSSS--------------------------------E-------------------------------X-XX-XXXXXXXXXXX
(W)mario-8-1_170,------------------------------------------------------------------------------------------------------------------------------------------------------------------------SSSSSSSS-----------------------------------------------------------------XX-XXXXXXXXXXXX
(W)mario-8-1_171,-----------------------------------------------------------------------------------------------------------------------------------------------------------------------SSSSSSSS-----------------------------------------------------------------XX-XXXXXXXXXXXXX
(W)mario-8-1_172,----------------------------------------------------------------------------------------------------------------------------------------------------------------------SSSSSSSS------------------------------------------------------------------X-XXXXXXXXXXXXXX
(W)mario-8-1_173,---------------------------------------------------------------------------------------------------------------------------------------------------------------------SSSSSSSS--------------------------------------------------------------------XXXXXXXXXXXXXXX
(W)mario-8-1_174,--------------------------------------------------------------------------------------------------------------------------------------------------------------------SSSSSSSS--------------------------------------------------------------------XXXXXXXXXXXXXXXX
(W)mario-8-1_175,-------------------------------------------------------------------------------------------------------------------------------------------------------------------SSSSSSSS---------------------------------------------------------------------XXXXXXXXXXXXXXXX
(W)mario-8-1_176,------------------------------------------------------------------------------------------------------------------------------------------------------------------SSSSSSSS----------------------------------------------------------------------XXXXXXXXXXXXXXX-
(W)mario-8-1_177,-----------------------------------------------------------------------------------------------------------------------------------------------------------------SSSSSSSS-----------------------------------------------------------------------XXXXXXXXXXXXXX-X
(W)mario-8-1_178,----------------------------------------------------------------------------------------------------------------------------------------------------------------SSSSSSSS------------------------------------------------------------------------XXXXXXXXXXXXX-X-
(W)mario-8-1_179,----------------------------------------------------------------------------------------------------------------------------------------------------------------SSSSSSS-------------------------------------------------------------------------XXXXXXXXXXXX-X-X
(W)mario-8-1_180,----------------------------------------------------------------------------------------------------------------------------------------------------------------SSSSSS--------------------------------------------------------------------------XXXXXXXXXXX-X-X-
(W)mario-8-1_181,----------------------------------------------------------------------------------------------------------------------------------------------------------------SSSSS---------------------------------------------------------------------------XXXXXXXXXX-X-X-X
(W)mario-8-1_182,----------------------------------------------------------------------------------------------------------------------------------------------------------------SSSS----------------------------------------------------------------------------XXXXXXXXX-X-X-XX
(W)mario-8-1_183,----------------------------------------------------------------------------------------------------------------------------------------------------------------SSS-----------------------------------------------------------------------------XXXXXXXX-X-X-XXX
(W)mario-8-1_184,----------------------------------------------------------------------------------------------------------------------------------------------------------------SS------------------------------------------------------------------------------XXXXXXX-X-X-XXXX
(W)mario-8-1_185,----------------------------------------------------------------------------------------------------------------------------------------------------------------S------------------------------------------------------------------------------EXXXXXX-X-X-XXXXX
(W)mario-8-1_186,----------------------------------------------------------------------------------------------------------------------------------------------------------------------------------------------------------------------------------------------EEXXXXX-X-X-XXXXXX
(W)mario-8-1_187,---------------------------------------------------------------------------------------------------------------------------------------------------------------------------------------------------------------------------------------------EE-XXXX-X-X-XXXXXXX
(W)mario-8-1_188,--------------------------------------------------------------------------------------------------------------------------------------------------------------------------------------------------------------------------------------------EE--XXX-X-X-XXXXXXXX
(W)mario-8-1_189,-------------------------------------------------------------------------------------------------------------------------------------------------------------------------------------------------------------------------------X-----------EE--XXX-X-X-XXXXXXXXX
(W)mario-8-1_190,------------------------------------------------------------------------------------------------------------------------------------------------------------------------------------------------------------------------------X-----------EE--X-X-X-X-XXXXXXXXXX
(W)mario-8-1_191,-----------------------------------------------------------------------------------------------------------------------------------------------------------------------------------------------------------------------------X-----------EE--X---X-X-XXXXXXXXXXX
(W)mario-8-1_192,----------------------------------------------------------------------------------------------------------------------------------------------------------------------------------------------------------------------------X-----------EE--X---X-X-XXXXXXXXXXXX
(W)mario-8-1_193,---------------------------------------------------------------------------------------------------------------------------------------------------------------------------------------------------------------------------X-----------EE--X-----X-XXXXXXXXXXXXX
(W)mario-8-1_194,--------------------------------------------------------------------------------------------------------------------------------------------------------------------------------------------------------------------------X-----------EE--X-----X-XXXXXXXXXXXXXX
(W)mario-8-1_195,-------------------------------------------------------------------------------------------------------------------------------------------------------------------------------------------------------------------------X-----------EE--X-------XXXXXXXXXXXXXXX
(W)mario-8-1_196,------------------------------------------------------------------------------------------------------------------------------------------------------------------------------------------------------------------------X-----------EE--X-------XXXXXXXXXXXXXXXX
(W)mario-8-1_197,-----------------------------------------------------------------------------------------------------------------------------------------------------------------------------------------------------------------------X-----------EE--X--------XXXXXXXXXXXXXXXX
(W)mario-8-1_198,----------------------------------------------------------------------------------------------------------------------------------------------------------------------------------------------------------------------X-----------EE--X---------XXXXXXXXXXXXXXXX
(W)mario-8-1_199,---------------------------------------------------------------------------------------------------------------------------------------------------------------------------------------------------------------------X-----------EE--X----------XXXXXXXXXXXXXXXX
(W)mario-8-1_200,--------------------------------------------------------------------------------------------------------------------------------------------------------------------------------------------------------------------X-----------EE--X-----------XXXXXXXXXXXXXXX-
(W)mario-8-1_201,-------------------------------------------------------------------------------------------------------------------------------------------------------------------------------------------------------------------X------------E--X------------XXXXXXXXXXXXXX--
(W)mario-8-1_202,-------------------------------------------------------------------------------------------------------------------------------------------------------------------------------o----------------------------------X---------------X-------------XXXXXXXXXXXXX---
(W)mario-8-1_203,------------------------------------------------------------------------------------------------------------------------------------------------------------------------------oo---------------------------------X---------------X--------------XXXXXXXXXXXX----
(W)mario-8-1_204,-----------------------------------------------------------------------------------------------------------------------------------------------------------------------------oo---------------------------------X---------------X---------------XXXXXXXXXXX-----
(W)mario-8-1_205,----------------------------------------------------------------------------------------------------------------------------------------------------------------------------oo------------------------------------------------------------------XXXXXXXXXX------
(W)mario-8-1_206,---------------------------------------------------------------------------------------------------------------------------------------------------------------------------oo-------------------------------------------------------------------XXXXXXXXX------X
(W)mario-8-1_207,--------------------------------------------------------------------------------------------------------------------------------------------------------------------------oo--------------------------------------------------------------------XXXXXXXX------XX
(W)mario-8-1_208,-------------------------------------------------------------------------------------------------------------------------------------------------------------------------oo---------------------------------------------------------------------XXXXXXX------XXX
(W)mario-8-1_209,------------------------------------------------------------------------------------------------------------------------------------------------------------------------oo----------------------------------------------------------------------XXXXXX------XXXX
(W)mario-8-1_210,-----------------------------------------------------------------------------------------------------------------------------------------------------------------------oo-----------------------------------------------------------------------XXXXX------XXXXX
(W)mario-8-1_211,----------------------------------------------------------------------------------------------------------------------------------------------------------------------oo-----------------------------------------------------------------------EXXXX------XXXXXX
(W)mario-8-1_212,---------------------------------------------------------------------------------------------------------------------------------------------------------------------oo-----------------------------------------------------------------------EEXXX------XXXXXXX
(W)mario-8-1_213,--------------------------------------------------------------------------------------------------------------------------------------------------------------------oo-----------------------------------------------------------------------EE-XX------XXXXXXXX
(W)mario-8-1_214,-------------------------------------------------------------------------------------------------------------------------------------------------------------------oo-----------------------------------------------------------------------EE-EX------XXXXXXXXX
(W)mario-8-1_215,------------------------------------------------------------------------------------------------------------------------------------------------------------------oo-----------------------------------------------------------------------EE-E-------XXXXXXXXXX
(W)mario-8-1_216,-----------------------------------------------------------------------------------------------------------------------------------------------------------------oo-----------------------------------------------------------------------EE-E-------XXXXXXXXXX-
(W)mario-8-1_217,----------------------------------------------------------------------------------------------------------------------------------------------------------------oo---------------------------------------------p---------------p---------EE-E--p----XXXXXXXXXX-X
(W)mario-8-1_218,----------------------------------------------------------------------------------------------------------------------------------------------------------------o------------------------------E--------------pp--------------pp--------EE-E--pp---XXXXXXXXXX-XX
(W)mario-8-1_219,----------------------------------------------------------------------------------------------------------------------------------------------------------------------------------------------E--------------pp--------------pp--------EE-E--pp---XXXXXXXXXX-XX-
(W)mario-8-1_220,---------------------------------------------------------------------------------------------------------------------------------------------------------------------------------------------E--------------pp--------------pp--------EE-E--pp---XXXXXXXXXX-XX--
(W)mario-8-1_221,--------------------------------------------------------------------------------------------------------------------------------------------------------------------------------------------E--p-----------pp--p-----------pp--p-----EE-E--pp--pXXXXXXXXXX-XX--X
(W)mario-8-1_222,-------------------------------------------------------------------------------------------------------------------------------------------------------------------------------E-----------E--pp----------pp--pp----------pp--pp----EE-E--pp--ppXXXXXXXXX-XX--XX
(W)mario-8-1_223,------------------------------------------------------------------------------------------------------------------------------------------------------------------------------E-----------E--pp----------pp--pp----------pp--pp----EE-E--pp--pp-XXXXXXXX-XX--XX-
(W)mario-8-1_224,-----------------------------------------------------------------------------------------------------------------------------------------------------------------------------E-----------E--pp----------pp--pp----------pp--pp----EE-E--pp--pp--XXXXXXX-XX--XX--
(W)mario-8-1_225,----------------------------------------------------------------------------------------------------------------------------------------------------------------------------E--p--------E--pp--p-------pp--pp--p-------pp--pp--p-EE-E--pp--pp--pXXXXXX-XX--XX--X
(W)mario-8-1_226,---------------------------------------------------------------------------------------------------------------------------------------------------------------E-----------E--pp-------E--pp--pp------pp--pp--pp------pp--pp--ppEE-E--pp--pp--ppXXXXX-XX--XX--XX
(W)mario-8-1_227,--------------------------------------------------------------------------------------------------------------------------------------------------------------E-----------E--pp-------E--pp--pp------pp--pp--pp------pp--pp--pp-E-E--pp--pp--pp-XXXX-XX--XX--XXX
(W)mario-8-1_228,-------------------------------------------------------------------------------------------------------------------------------------------------------------E-----------E--pp-------E--pp--pp------pp--pp--pp------pp--pp--pp---E--pp--pp--pp--XXX-XX--XX--XXXX
(W)mario-8-1_229,------------------------------------------------------------------------------------------------------------------------------------------------------------E-----------E--pp-------E--pp--pp------pp--pp--pp------pp--pp--pp---E--pp--pp--pp---XX-XX--XX--XXXXX
(W)mario-8-1_230,-----------------------------------------------------------------------------------------------------------------------------------------------------------E-----------E--pp-------E--pp--pp------pp--pp--pp------pp--pp--pp------pp--pp--pp----X-XX--XX--XXXXXX
(W)mario-8-1_231,----------------------------------------------------------------------------------------------------------------------------------------------------------E-----------E--pp-------E--pp--pp------pp--pp--pp------pp--pp--pp------pp--pp--pp------XX--XX--XXXXXXX
(W)mario-8-1_232,---------------------------------------------------------------------------------------------------------------------------------------------------------E-----------E--pp-------E--pp--pp------pp--pp--pp------pp--pp--pp------pp--pp--pp------XX--XX--XXXXXXXX
(W)mario-8-1_233,--------------------------------------------------------------------------------------------------------------------------------------------------------E-----------E--pp-------E--pp--pp-------p--pp--pp-------p--pp--pp-------p--pp--pp-------X--XX--XXXXXXXXX
(W)mario-8-1_234,-------------------------------------------------------------------------------------------------------------------------------------------------------E-----------E--pp----------pp--pp----------pp--pp----------pp--pp----------pp--pp----------XX--XXXXXXXXXX
(W)mario-8-1_235,------------------------------------------------------------------------------------------------------------------------------------------------------E-----------E--pp----------pp--pp----------pp--pp----------pp--pp----------pp--pp--------E-XX--XXXXXXXXXXX
(W)mario-8-1_236,-----------------------------------------------------------------------------------------------------------------------------------------------------E-----------E--pp----------pp--pp----------pp--pp----------pp--pp----------pp--pp--------EEXX--XXXXXXXXXXXX
(W)mario-8-1_237,----------------------------------------------------------------------------------------------------------------------------------------------------E-----------E--pp-----------p--pp-----------p--pp-----------p--pp-----------p--pp--------EE-X--XXXXXXXXXXXXX
(W)mario-8-1_238,---------------------------------------------------------------------------------------------------------------------------------------------------E--------------pp--------------pp--------------pp--------------pp--------------pp--------EE-E--XXXXXXXXXXXXXX
(W)mario-8-1_239,--------------------------------------------------------------------------------------------------------------------------------------------------E--------------pp--------------pp--------------pp--------------pp--------------pp--------EE-E--XXXXXXXXXXXXXXX
(W)mario-8-1_240,-------------------------------------------------------------------------------------------------------------------------------------------------E--------------pp--------------pp--------------pp--------------pp--------------pp--------EE-E--XXXXXXXXXXXXXXXX
(W)mario-8-1_241,------------------------------------------------------------------------------------------------------------------------------------------------E---------------p---------------p---------------p---------------p---------------p--------EE-E--EXXXXXXXXXXXXXXXX
(W)mario-8-1_242,----------------------------------------------------------------------------------------------------------------------------------------------------------------------------------------------------------------------------------------EE-E--E-XXXXXXXXXXXXXXXX
(W)mario-8-1_243,---------------------------------------------------------------------------------------------------------------------------------------------------------------------------------------------------------------------------------------EE-E--E--XXXXXXXXXXXXXXXX
(W)mario-8-1_244,--------------------------------------------------------------------------------------------------------------------------------------------------------------------------------------------------------------------------------------EE-E--E---XXXXXXXXXXXXXXXX
(W)mario-8-1_245,-------------------------------------------------------------------------------------------------------------------------------------------------------------------------------------------------------------------------------------EE-E--E----XXXXXXXXXXXXXXXX
(W)mario-8-1_246,------------------------------------------------------------------------------------------------------------------------------------------------------------------------------------------------------------------------------------EE-E--E-----XXXXXXXXXXXXXXXX
(W)mario-8-1_247,-----------------------------------------------------------------------------------------------------------------------------------------------------------------------------------------------------------------------------------EE-E--E------XXXXXXXXXXXXXXXX
(W)mario-8-1_248,----------------------------------------------------------------------------------------------------------------------------------------------------------------------------------------------------------------------------------EE-E--E-------XXXXXXXXXXXXXXXX
(W)mario-8-1_249,---------------------------------------------------------------------------------------------------------------------------------------------------------------------------------------------------------------------------------EE-E--E--------XXXXXXXXXXXXXXXX
(W)mario-8-1_250,--------------------------------------------------------------------------------------------------------------------------------------------------------------------------------------------------------------------------------EE-E--E---------XXXXXXXXXXXXXXXX
(W)mario-8-1_251,--------------------------------------------------------------------------------------------------------------------------------------------------------------------------------------------------------------------------------E-E--E---------EXXXXXXXXXXXXXXXX
(W)mario-8-1_252,---------------------------------------------------------------------------------------------------------------------------------------------------------------------------------------------------------------------------------E--E---------E-XXXXXXXXXXXXXXXX
(W)mario-8-1_253,--------------------------------------------------------------------------------------------------------------------------------------------------------------------------------------------------------------------------------E--E---------E--XXXXXXXXXXXXXXXX
(W)mario-8-1_254,----------------------------------------------------------------------------------------------------------------------------------------------------------------------------------------------------------------------------------E---------E--XXXXXXXXXXXXXXXXX
(W)mario-8-1_255,-------------------------------------------------------------------------------------------------------------------------------------------------------------------------------------------------------------------------------X-E---------E--XXXXXXXXXXXXXXXXXX
(W)mario-8-1_256,---------------------------------------------------------------------------------------------------------------------------------------------------------------------------------------------------------------X--------------XXE---------E--XXXXXXXXXXXXXXXXXXX
(W)mario-8-1_257,-----------------------------------------------------------------------------------------------------------------------------------------------------------------------------------------------X--------------XX-------------XXX---------E--XXXXXXXXXXXXXXXXXXXX
(W)mario-8-1_258,-------------------------------------------------------------------------------------------------------------------------------------------------------------------------------X--------------XX-------------XXX------------XXXX--------E--XXXXXXXXXXXXXXXXXXXXX
(W)mario-8-1_259,---------------------------------------------------------------------------------------------------------------------------------------------------------------X--------------XX-------------XXX------------XXXX-----------XXXXX-------E--XXXXXXXXXXXXXXXXXXXXXX
(W)mario-8-1_260,--------------------------------------------------------------------------------------------------------------------------------------------------------------X--------------XX-------------XXX------------XXXX-----------XXXXX-------E--XXXXXX-XXXXXXXXXXXXXXXX
(W)mario-8-1_261,-------------------------------------------------------------------------------------------------------------------------------------------------------------X--------------XX-------------XXX------------XXXX-----------XXXXX-------E--XXXXXX--XXXXXXXXXXXXXXXX
(W)mario-8-1_262,------------------------------------------------------------------------------------------------------------------------------------------------------------X--------------XX--o----------XXX------------XXXX-----------XXXXX-------E--XXXXXX---XXXXXXXXXXXXXXXX
(W)mario-8-1_263,-----------------------------------------------------------------------------------------------------------------------------------------------------------X--------------XX--oo---------XXX------------XXXX-----------XXXXX-------E--XXXXXX----XXXXXXXXXXXXXXXX
(W)mario-8-1_264,----------------------------------------------------------------------------------------------------------------------------------------------------------X--------------XX--oo---------XXX------------XXXX-----------XXXXX-------E--XXXXXX-----XXXXXXXXXXXXXXXX
(W)mario-8-1_265,---------------------------------------------------------------------------------------------------------------------------------------------------------X--------------XX--oo---------XXX------------XXXX-----------XXXXX-------E--XXXXXX------XXXXXXXXXXXXXXXX
(W)mario-8-1_266,--------------------------------------------------------------------------------------------------------------------------------------------------------X--------------XX--oo---------XXX------------XXXX-----------XXXXX-------E--XXXXXX-------XXXXXXXXXXXXXXXX
(W)mario-8-1_267,-------------------------------------------------------------------------------------------------------------------------------------------------------X--------------XX--oo---------XXX------------XXXX-----------XXXXX----------XXXXXX--------XXXXXXXXXXXXXXXX
(W)mario-8-1_268,------------------------------------------------------------------------------------------------------------------------------------------------------X--------------XX--oo---------XXX------------XXXX-----------XXXXX----------XXXXXX---------XXXXXXXXXXXXXXXX
(W)mario-8-1_269,-----------------------------------------------------------------------------------------------------------------------------------------------------X--------------XX--oo---------XXX------------XXXX-----------XXXXX----------XXXXXX----------XXXXXXXXXXXXXXX-
(W)mario-8-1_270,----------------------------------------------------------------------------------------------------------------------------------------------------X--------------XX--oo------o--XXX------------XXXX-----------XXXXX-----------XXXXX-----------XXXXXXXXXXXXXX--
(W)mario-8-1_271,---------------------------------------------------------------------------------------------------------------------------------------------------X--------------XX--oo------o--XXX------------XXXX------------XXXX------------XXXX------------XXXXXXXXXXXXX---
(W)mario-8-1_272,--------------------------------------------------------------------------------------------------------------------------------------------------X--------------XX--oo------o--XXX-------------XXX-------------XXX-------------XXX-------------XXXXXXXXXXXX---X
(W)mario-8-1_273,-------------------------------------------------------------------------------------------------------------------------------------------------X--------------XX--oo------o---XX--------------XX--------------XX--------------XX--------------XXXXXXXXXXX---XX
(W)mario-8-1_274,------------------------------------------------------------------------------------------------------------------------------------------------X---------------X--oo------o----X---------------X---------------X---------------X---------------XXXXXXXXXX---XX-
(W)mario-8-1_275,------------------------------------------------------------------------------------------------------------------------------------------------------------------oo------o----o----------------------------------------------------------------XXXXXXXXX---XX--
(W)mario-8-1_276,-----------------------------------------------------------------------------------------------------------------------------------------------------------------oo------o----o-----------------------------------------------------------------XXXXXXXX---XX---
(W)mario-8-1_277,----------------------------------------------------------------------------------------------------------------------------------------------------------------oo------o----o------------------------------------------------------------------XXXXXXX---XX---X
(W)mario-8-1_278,----------------------------------------------------------------------------------------------------------------------------------------------------------------o------o----o-------------------------------------------------------------------XXXXXX---XX---XX
(W)mario-8-1_279,----------------------------------------------------------------------------------------------------------------------------------------------------------------------o----o--------------------------------------------------------------------XXXXX---XX---XXX
(W)mario-8-1_280,---------------------------------------------------------------------------------------------------------------------------------------------------------------------o----o---------------------------------------------------------------------XXXX---XX---XXXX
(W)mario-8-1_281,--------------------------------------------------------------------------------------------------------------------------------------------------------------------o----o----------------------------------------------------------------------XXX---XX---XXXXX
(W)mario-8-1_282,-------------------------------------------------------------------------------------------------------------------------------------------------------------------o----o------------------------------------------------------X---------------XXX---XX---XXXXXX
(W)mario-8-1_283,------------------------------------------------------------------------------------------------------------------------------------------------------------------o----o------------------------------------------------------X---------------X-X---XX---XXXXXXX
(W)mario-8-1_284,-----------------------------------------------------------------------------------------------------------------------------------------------------------------o----o------------------------------------------------------X---------------X-E---XX---XXXXXXXX
(W)mario-8-1_285,----------------------------------------------------------------------------------------------------------------------------------------------------------------o----o------------------------------------------------------X---------------X-E---XX---XXXXXXXXX
(W)mario-8-1_286,--------------------------------------------------------------------------------------------------------------------------------------------------------------------o------------------------------------------------------X---X-----------X-E-X-XX---XXXXXXXXXX
(W)mario-8-1_287,-------------------------------------------------------------------------------------------------------------------------------------------------------------------o------------------------------------------------------X---X-----------X-E-X-XX---XXXXXXXXXXX
(W)mario-8-1_288,------------------------------------------------------------------------------------------------------------------------------------------------------------------o------------------------------------------------------X---X-----------X-E-X--X---XXXXXXXXXXXX
(W)mario-8-1_289,-----------------------------------------------------------------------------------------------------------------------------------------------------------------o------------------------------------------------------X---X-----------X-E-X------XXXXXXXXXXXXX
(W)mario-8-1_290,----------------------------------------------------------------------------------------------------------------------------------------------------------------o------------------------------------------------------X---X-----------X-E-X------XXXXXXXXXXXXXX
(W)mario-8-1_291,----------------------------------------------------------------------------------------------------------------------------------------------------------------------------------------------------------------------X---X-----------X-E-X------XXXXXXXXXXXXXXX
(W)mario-8-1_292,---------------------------------------------------------------------------------------------------------------------------------------------------------------------------------------------------------------------X---X-----------X-E-X------XXXXXXXXXXXXXXXX
(W)mario-8-1_293,--------------------------------------------------------------------------------------------------------------------------------------------------------------------------------------------------------------------X---X-----------X-E-X-------XXXXXXXXXXXXXXX-
(W)mario-8-1_294,-------------------------------------------------------------------------------------------------------------------------------------------------------------------------------------------------------------------X---X-----------X-E-X--------XXXXXXXXXXXXXX--
(W)mario-8-1_295,-------------------------------------------------------------------------------------------------------------------------------------------------------------------------------o----------------------------------X---X-----------X-E-X---------XXXXXXXXXXXXX---
(W)mario-8-1_296,------------------------------------------------------------------------------------------------------------------------------------------------------------------------------oo---------------------------------X---X-----------X-E-X----------XXXXXXXXXXXX----
(W)mario-8-1_297,-----------------------------------------------------------------------------------------------------------------------------------------------------------------------------oo---------------------------------X---X-----------X-E-X-----------XXXXXXXXXXX-----
(W)mario-8-1_298,----------------------------------------------------------------------------------------------------------------------------------------------------------------------------oo-------------------------------------X-------------E-X------------XXXXXXXXXX-----X
(W)mario-8-1_299,---------------------------------------------------------------------------------------------------------------------------------------------------------------------------oo-------------------------------------X-------------E-X-------------XXXXXXXXX-----X-
(W)mario-8-1_300,--------------------------------------------------------------------------------------------------------------------------------------------------------------------------oo---o---------------------------------X---------------X--------------XXXXXXXX-----X--
(W)mario-8-1_301,-------------------------------------------------------------------------------------------------------------------------------------------------------------------------oo---oo--------------------------------X---------------X---------------XXXXXXX-----X---
(W)mario-8-1_302,------------------------------------------------------------------------------------------------------------------------------------------------------------------------oo---oo-----------------------------------------------------------------XXXXXX-----X----
(W)mario-8-1_303,-----------------------------------------------------------------------------------------------------------------------------------------------------------------------oo---oo------------------------------------------------------------------XXXXX-----X----X
(W)mario-8-1_304,----------------------------------------------------------------------------------------------------------------------------------------------------------------------oo---oo-------------------------------------------------------------------XXXX-----X----XX
(W)mario-8-1_305,---------------------------------------------------------------------------------------------------------------------------------------------------------------------oo---oo--------------------------------------------------------------------XXX-----X----XXX
(W)mario-8-1_306,--------------------------------------------------------------------------------------------------------------------------------------------------------------------oo---oo---------------------------------------------------------------------XX-----X----XXXX
(W)mario-8-1_307,-------------------------------------------------------------------------------------------------------------------------------------------------------------------oo---oo----------------------------------------------------------------------X-----X----XXXXX
(W)mario-8-1_308,------------------------------------------------------------------------------------------------------------------------------------------------------------------oo---oo----------------------------------------------------------------------------X----XXXXXX
(W)mario-8-1_309,-----------------------------------------------------------------------------------------------------------------------------------------------------------------oo---oo----------------------------------------------------------------------------X----XXXXXXX
(W)mario-8-1_310,----------------------------------------------------------------------------------------------------------------------------------------------------------------oo---oo------------------------------------------------------------------------E---X----XXXXXXXX
(W)mario-8-1_311,----------------------------------------------------------------------------------------------------------------------------------------------------------------o---oo------------------------------------------------------------------------E---X----XXXXXXXXX
(W)mario-8-1_312,-------------------------------------------------------------------------------------------------------------------------------------------------------------------oo------------------------------------------------------------------------E---X----XXXXXXXXXX
(W)mario-8-1_313,------------------------------------------------------------------------------------------------------------------------------------------------------------------oo------------------------------------------------------------------------E---X----XXXXXXXXXXX
(W)mario-8-1_314,-----------------------------------------------------------------------------------------------------------------------------------------------------------------oo------------------------------------------------------------------------E--------XXXXXXXXXXXX
(W)mario-8-1_315,----------------------------------------------------------------------------------------------------------------------------------------------------------------oo------------------------------------------------------------------------E--------XXXXXXXXXXXXX
(W)mario-8-1_316,----------------------------------------------------------------------------------------------------------------------------------------------------------------o------------------------------------------------------------------------E--------XXXXXXXXXXXXXX
(W)mario-8-1_317,----------------------------------------------------------------------------------------------------------------------------------------------------------------------------------------------------------------------------------------E------E-XXXXXXXXXXXXXXX
(W)mario-8-1_318,---------------------------------------------------------------------------------------------------------------------------------------------------------------------------------------------------------------------------------------E------E-XXXXXXXXXXXXXXXX
(W)mario-8-1_319,--------------------------------------------------------------------------------------------------------------------------------------------------------------------------------------------------------------------------------------E------E-EXXXXXXXXXXXXXXXX
(W)mario-8-1_320,-------------------------------------------------------------------------------------------------------------------------------------------------------------------------------------------------------------------------------------E------E-EEXXXXXXXXXXXXXXXX
(W)mario-8-1_321,------------------------------------------------------------------------------------------------------------------------------------------------------------------------------------------------------------------------------------E------E-EE-XXXXXXXXXXXXXXXX
(W)mario-8-1_322,-----------------------------------------------------------------------------------------------------------------------------------------------------------------------------------------------------------------------------------E------E-EE--XXXXXXXXXXXXXXXX
(W)mario-8-1_323,---------------------------------------------------------------------------------------------------------------------------------------------------------------------------------------------------------------p---------------p--E------E-EE--pXXXXXXXXXXXXXXXX
(W)mario-8-1_324,-----------------------------------------------------------------------------------------------------------------------------------------------------------------------------------------------E--------------pp--------------pp-E------E-EE--ppXXXXXXXXXXXXXXXX
(W)mario-8-1_325,----------------------------------------------------------------------------------------------------------------------------------------------------------------------------------------------E--------------pp--------------pp-E------E-EE--pp-XXXXXXXXXXXXXXXX
(W)mario-8-1_326,---------------------------------------------------------------------------------------------------------------------------------------------------------------------------------------------E--------------pp--------------pp--------E-EE--pp--XXXXXXXXXXXXXXXX
(W)mario-8-1_327,--------------------------------------------------------------------------------------------------------------------------------------------------------------------------------------------E--------------pp--------------pp--------E-EE--pp---XXXXXXXXXXXXXXXX
(W)mario-8-1_328,-------------------------------------------------------------------------------------------------------------------------------------------------------------------------------------------E--------------pp--------------pp--------E-EE--pp----XXXXXXXXXXXXXXXX
(W)mario-8-1_329,------------------------------------------------------------------------------------------------------------------------------------------------------------------------------------------E--------------pp--------------pp--------E-EE--pp-----XXXXXXXXXXXXXXXX
(W)mario-8-1_330,-----------------------------------------------------------------------------------------------------------------------------------------------------------------------------------------E--------------pp--------------pp--------E-EE--pp------XXXXXXXXXXXXXXXX
(W)mario-8-1_331,----------------------------------------------------------------------------------------------------------------------------------------------------------------------------------------E--------------pp--------------pp--------E-EE--pp-------XXXXXXXXXXXXXXXX
(W)mario-8-1_332,---------------------------------------------------------------------------------------------------------------------------------------------------------------------------------------E--------------pp--------------pp--------E-EE--pp--------XXXXXXXXXXXXXXXX
(W)mario-8-1_333,--------------------------------------------------------------------------------------------------------------------------------------------------------------------------------------E--------------pp--------------pp----------EE--pp---------XXXXXXXXXXXXXXXX
(W)mario-8-1_334,-------------------------------------------------------------------------------------------------------------------------------------------------------------------------------------E--------------pp--------------pp---------pEE--pp---------pXXXXXXXXXXXXXXXX
(W)mario-8-1_335,------------------------------------------------------------------------------------------------------------------------------------------------------------------------------------E--------------pp----------E---pp---------ppE--pp---------ppXXXXXXXXXXXXXXXX
(W)mario-8-1_336,-----------------------------------------------------------------------------------------------------------------------------------------------------------------------------------E--------------pp----------E---pp---------pp---pp---------pp-XXXXXXXXXXXXXXXX
(W)mario-8-1_337,----------------------------------------------------------------------------------------------------------------------------------------------------------------------------------E--------------pp----------E---pp---------pp---pp---------pp--XXXXXXXXXXXXXXXX
(W)mario-8-1_338,---------------------------------------------------------------------------------------------------------------------------------------------------------------------------------E--------------pp----------E---pp---------pp---pp---------pp---XXXXXXXXXXXXXXX-
(W)mario-8-1_339,--------------------------------------------------------------------------------------------------------------------------------------------------------------------------------E---------------p----------E----p---------pp---Xp---------pp---XXXXXXXXXXXXXXX-X
(W)mario-8-1_340,----------------------------------------------------------------------------------------------------------------------------------------------------------------------------------------------------------E--------------pp---X----------pp---X-XXXXXXXXXXXXX-X-
(W)mario-8-1_341,-----------------------------------------------------------------------------------------------------------------------------------------------------------------------------------------------X---------E-----X--------pp---X-X--------pp---X-XXXXXXXXXXXXX-X-X
(W)mario-8-1_342,----------------------------------------------------------------------------------------------------------------------------------------------------------------------------------------------X---------E-----X--------pp---X-X--------pp---X-X-XXXXXXXXXXX-X-X-
(W)mario-8-1_343,---------------------------------------------------------------------------------------------------------------------------------------------------------------X---------------X-------------X-X-------E-----X-X------pp---X-X-X------pp---X-X-XXXXXXXXXXX-X-X-X
(W)mario-8-1_344,--------------------------------------------------------------------------------------------------------------------------------------------------------------X---------------X-------------X-X-------E-----X-X------pp---X-X-X------pp---X-X-X-XXXXXXXXX-X-X-X-
(W)mario-8-1_345,-------------------------------------------------------------------------------------------------------------------------------X---------------X-------------X-X-------------X-X-----------X-X-X-----E-----X-X-X----pp---X-X-X-X----pp---X-X-X-XXXXXXXXX-X-X-X-X
(W)mario-8-1_346,------------------------------------------------------------------------------------------------------------------------------XX--------------XX------------X-XX------------X-XX----------X-X-XX----E-----X-X-XX---pp---X-X-X-XX---pp---X-X-X-XXXXXXXXX-X-X-X-XX
(W)mario-8-1_347,-----------------------------------------------------------------------------------------------------------------------------XX--------------XX------------X-XX------------X-XX----------X-X-XX----E-----X-X-XX---pp---X-X-X-XX---pp---X-X-X-XX-XXXXXX-X-X-X-XXX
(W)mario-8-1_348,----------------------------------------------------------------------------------------------------------------------------XX--------------XX------------X-XX------------X-XX----------X-X-XX----E-----X-X-XX---pp---X-X-X-XX---pp---X-X-X-XX--XXXXX-X-X-X-XXXX
(W)mario-8-1_349,---------------------------------------------------------------------------------------------------------------------------XX--------------XX------------X-XX------------X-XX----------X-X-XX----E-----X-X-XX---pp---X-X-X-XX---pp---X-X-X-XX---XXXX-X-X-X-XXXXX
(W)mario-8-1_350,--------------------------------------------------------------------------------------------------------------------------XX--------------XX------------X-XX------------X-XX----------X-X-XX----E-----X-X-XX----p---X-X-X-XX----p---X-X-X-XX----XXX-X-X-X-XXXXXX
(W)mario-8-1_351,-------------------------------------------------------------------------------------------------------------------------XX--------------XX------------X-XX------------X-XX----------X-X-XX----------X-X-XX--------X-X-X-XX--------X-X-X-XX-----XX-X-X-X-XXXXXXX
(W)mario-8-1_352,------------------------------------------------------------------------------------------------------------------------XX--------------XX------------X-XX------------X-XX----------X-X-XX----------X-X-XX--------X-X-X-XX--------X-X-X-XX------X-X-X-X-XXXXXXXX
(W)mario-8-1_353,-----------------------------------------------------------------------------------------------------------------------XX--------------XX------------X-XX------------X-XX----------X-X-XX----------X-X-XX--------X-X-X-XX--------X-X-X-XX--------X-X-X-XXXXXXXXX
(W)mario-8-1_354,----------------------------------------------------------------------------------------------------------------------XX--------------XX------------X-XX------------X-XX----------X-X-XX----------X-X-XX--------X-X-X-XX--------X-X-X-XX--------X-X-X-XXXXXXXXXX
(W)mario-8-1_355,---------------------------------------------------------------------------------------------------------------------XX--------------XX------------X-XX------------X-XX----------X-X-XX----------X-X-XX----------X-X-XX----------X-X-XX--------X-X-X-XXXXXXXXXXX
(W)mario-8-1_356,--------------------------------------------------------------------------------------------------------------------XX--------------XX------------X-XX------------X-XX----------X-X-XX----------X-X-XX----------X-X-XX----------X-X-XX--------X-X-X-XXXXXXXXXXXX
(W)mario-8-1_357,-------------------------------------------------------------------------------------------------------------------XX--------------XX------------X-XX------------X-XX------------X-XX------------X-XX------------X-XX------------X-XX--------X---X-XXXXXXXXXXXXX
(W)mario-8-1_358,------------------------------------------------------------------------------------------------------------------XX--------------XX------------X-XX------------X-XX------------X-XX------------X-XX------------X-XX------------X-XX--------X---X-XXXXXXXXXXXXXX
